score,azimuth_deg,elevation_deg,frame0_score,frame0_distance_only_score,frame0_distance_percentile,frame0_pred_to_observed_tail_m,frame0_pred_to_observed_median_m,frame0_observed_to_predicted_tail_m,frame0_pred_boundary_support_0p35m,frame0_iou_diagnostic,frame0_structure_penalty_m,frame0_tangent_p80_rad,frame0_curvature_log_p80,frame0_bump_support,frame0_predicted_bump_count,frame0_observed_bump_count
-1.1253116093754365,0.0,20.0,-1.1253116093754365,-1.1253116093754365,0.95,1.7781615874837766,0.36039336275138845,1.093003837101896,0.4930232558139535,0.09340353860745004,0.0,0.0,0.0,0.0,0,0
-1.1714476138152903,5.0,20.0,-1.1714476138152903,-1.1714476138152903,0.95,1.7963024923860507,0.3656545298598788,1.2428036777228118,0.4918793503480278,0.060589386157984836,0.0,0.0,0.0,0.0,0,0
-1.270389776201759,10.0,20.0,-1.270389776201759,-1.270389776201759,0.95,1.8271361876233678,0.48735270923289925,1.4247034841910662,0.38478747203579416,0.04269538801436067,0.0,0.0,0.0,0.0,0,0
-1.4129841063904605,15.0,20.0,-1.4129841063904605,-1.4129841063904605,0.95,1.8688831552484821,0.7138882246605578,1.6348327884375182,0.21749408983451538,0.03804102512663624,0.0,0.0,0.0,0.0,0,0
-1.5799382394127224,20.0,20.0,-1.5799382394127224,-1.5799382394127224,0.95,1.9214355609116296,1.0136037823860407,1.8882491446469725,0.1409921671018277,0.04120494642898112,0.0,0.0,0.0,0.0,0,0
-1.7829428605021387,25.0,20.0,-1.7829428605021387,-1.7829428605021387,0.95,1.987663085573022,1.5679050235255216,1.9836054815661976,0.0,0.04484419083176004,0.0,0.0,0.0,0.0,0,0
-1.8584017651325624,30.0,20.0,-1.8584017651325624,-1.8584017651325624,0.95,2.039886177426299,1.696934698814059,2.072854477834111,0.0,0.04391831902929861,0.0,0.0,0.0,0.0,0,0
-1.9353505563314644,35.0,20.0,-1.9353505563314644,-1.9353505563314644,0.95,2.0953881523363274,1.7884240813314802,2.2003571002562525,0.0,0.04186184295791598,0.0,0.0,0.0,0.0,0,0
-2.4462519918860584,40.0,20.0,-2.4462519918860584,-2.4462519918860584,0.95,2.1957379809808537,1.998664440180601,3.873162757794266,0.0,0.03933301838923591,0.0,0.0,0.0,0.0,0,0
-2.5820401554688304,45.0,20.0,-2.5820401554688304,-2.5820401554688304,0.95,2.299163286254439,1.9328368710696462,4.316662492798572,0.0,0.03635939478770912,0.0,0.0,0.0,0.0,0,0
-2.6009500806823533,50.0,20.0,-2.6009500806823533,-2.6009500806823533,0.95,2.4181767845549245,1.9383271483505238,4.19639031909101,0.0,0.03386709367493995,0.0,0.0,0.0,0.0,0,0
-2.6207626197297835,55.0,20.0,-2.6207626197297835,-2.6207626197297835,0.95,2.5309612182891383,1.961496247716063,4.07201628194045,0.0,0.03259521151221933,0.0,0.0,0.0,0.0,0,0
-2.569999070811455,60.0,20.0,-2.569999070811455,-2.569999070811455,0.95,2.5606279909776894,1.8414401244937788,3.9415513731877367,0.0,0.03190798907219296,0.0,0.0,0.0,0.0,0,0
-2.4824843221209743,65.0,20.0,-2.4824843221209743,-2.4824843221209743,0.95,2.604954129158836,1.5871590166618532,3.8140887223886146,0.09809264305177112,0.030424765168074675,0.0,0.0,0.0,0.0,0,0
-2.450665274149732,70.0,20.0,-2.450665274149732,-2.450665274149732,0.95,2.6305251729866996,1.56299814874516,3.6753850052925565,0.11140583554376658,0.028328200360276598,0.0,0.0,0.0,0.0,0,0
-2.379259359934321,75.0,20.0,-2.379259359934321,-2.379259359934321,0.95,2.5525628104434195,1.5430649977990232,3.5419127615553196,0.13010204081632654,0.026479885057471265,0.0,0.0,0.0,0.0,0,0
-2.3050226583675113,80.0,20.0,-2.3050226583675113,-2.3050226583675113,0.95,2.4588340977973915,1.5505152551743826,3.387916069344587,0.1311881188118812,0.02624323204617209,0.0,0.0,0.0,0.0,0,0
-2.2158451571110964,85.0,20.0,-2.2158451571110964,-2.2158451571110964,0.95,2.3622863435217427,1.496271762116589,3.2426231304861117,0.13793103448275862,0.02888184569699046,0.0,0.0,0.0,0.0,0,0
-2.1411413873534153,90.0,20.0,-2.1411413873534153,-2.1411413873534153,0.95,2.2644255416056094,1.510910131549449,3.082748464338716,0.13043478260869565,0.032228057873119914,0.0,0.0,0.0,0.0,0,0
-2.059053750539038,95.0,20.0,-2.059053750539038,-2.059053750539038,0.95,2.1701326511376595,1.4973628120192193,2.9195950310589955,0.13238770685579196,0.035777016326413086,0.0,0.0,0.0,0.0,0,0
-1.968588141727928,100.0,20.0,-1.968588141727928,-1.968588141727928,0.95,2.0794169166698464,1.4728536253070628,2.747417656923415,0.18246445497630331,0.04202293752006304,0.0,0.0,0.0,0.0,0,0
-1.8897563017977057,105.0,20.0,-1.8897563017977057,-1.8897563017977057,0.95,2.0185528523668412,1.4549837781645725,2.565945650286033,0.22897196261682243,0.049579143389199255,0.0,0.0,0.0,0.0,0,0
-1.8323802639550462,110.0,20.0,-1.8323802639550462,-1.8323802639550462,0.95,2.0150397119395986,1.4083267731668148,2.391035935423601,0.23476297968397292,0.05794192015937476,0.0,0.0,0.0,0.0,0,0
-1.7050764948338846,115.0,20.0,-1.7050764948338846,-1.7050764948338846,0.95,1.893897984993007,1.2842854573512599,2.202862397680861,0.24269662921348314,0.06297818526715143,0.0,0.0,0.0,0.0,0,0
-1.5819346796631608,120.0,20.0,-1.5819346796631608,-1.5819346796631608,0.95,1.7819545842947155,1.1670091022791835,2.0102764388052856,0.251685393258427,0.06534391965697703,0.0,0.0,0.0,0.0,0,0
-1.4683263728721425,125.0,20.0,-1.4683263728721425,-1.4683263728721425,0.95,1.7009560174819696,1.0379876101330452,1.8175913853754253,0.2595078299776286,0.06806766449965564,0.0,0.0,0.0,0.0,0,0
-1.3688649757557152,130.0,20.0,-1.3688649757557152,-1.3688649757557152,0.95,1.6333952231960898,0.9183302470603548,1.6222687274201912,0.19642857142857142,0.07428818693206404,0.0,0.0,0.0,0.0,0,0
-1.2641294375301437,135.0,20.0,-1.2641294375301437,-1.2641294375301437,0.95,1.553418585032941,0.7847967026585004,1.450215275373333,0.15990990990990991,0.09853730857545788,0.0,0.0,0.0,0.0,0,0
-1.1961951592335072,140.0,20.0,-1.1961951592335072,-1.1961951592335072,0.95,1.5713723926908645,0.6544619767067859,1.2780697345767265,0.15486725663716813,0.14181075194201892,0.0,0.0,0.0,0.0,0,0
-1.1104535665963777,145.0,20.0,-1.1104535665963777,-1.1104535665963777,0.95,1.5630354352970677,0.5027677222743651,1.0992651164530416,0.15268817204301074,0.19523483386256563,0.0,0.0,0.0,0.0,0,0
-1.103372270403194,150.0,20.0,-1.103372270403194,-1.103372270403194,0.95,1.7270495257369582,0.46140020769570356,0.9172944812227878,0.3212121212121212,0.24642732659463226,0.0,0.0,0.0,0.0,0,0
-0.9954385104210075,155.0,20.0,-0.9954385104210075,-0.9954385104210075,0.95,1.6218350808962199,0.4086326681595686,0.7373771632824287,0.397979797979798,0.25520855987125396,0.0,0.0,0.0,0.0,0,0
-0.9592293669151195,160.0,20.0,-0.9592293669151195,-0.9592293669151195,0.95,1.6972342347411478,0.35344091579532344,0.56630815078131,0.4960159362549801,0.24332830076339124,0.0,0.0,0.0,0.0,0,0
-0.9427697322440882,165.0,20.0,-0.9427697322440882,-0.9427697322440882,0.95,1.7177978361424415,0.3267291721485232,0.5025268393521729,0.5166340508806262,0.2215902065042661,0.0,0.0,0.0,0.0,0,0
-0.9871035377067192,170.0,20.0,-0.9871035377067192,-0.9871035377067192,0.95,1.8691609264770963,0.26000682481670384,0.5110325760946365,0.5332068311195446,0.199740207833733,0.0,0.0,0.0,0.0,0,0
-0.9362404036156817,175.0,20.0,-0.9362404036156817,-0.9362404036156817,0.95,1.7535640674587525,0.22469976093137323,0.535753950606983,0.5529865125240848,0.15681494261495763,0.0,0.0,0.0,0.0,0,0
-1.0475212616376592,180.0,20.0,-1.0475212616376592,-1.0475212616376592,0.95,1.8487709905013507,0.3466757664222745,0.6865185524690585,0.5028571428571429,0.11152753325082364,0.0,0.0,0.0,0.0,0,0
-1.0180233395899978,185.0,20.0,-1.0180233395899978,-1.0180233395899978,0.95,1.675831564387187,0.3996036198219647,0.7749216117561507,0.4594059405940594,0.0764552005263918,0.0,0.0,0.0,0.0,0,0
-1.03562001510063,190.0,20.0,-1.03562001510063,-1.03562001510063,0.95,1.6776929899315602,0.42179764760813443,0.8083580647015548,0.42996108949416345,0.05868373757927726,0.0,0.0,0.0,0.0,0,0
-0.9984860266786617,195.0,20.0,-0.9984860266786617,-0.9984860266786617,0.95,1.5353969514820238,0.4475291450354475,0.8525174818935123,0.4068441064638783,0.04348307760483022,0.0,0.0,0.0,0.0,0,0
-0.8424076066177572,200.0,20.0,-0.8424076066177572,-0.8424076066177572,0.95,1.1185982236222476,0.4395383084493365,0.8967504388411667,0.3910386965376782,0.029786514808747434,0.0,0.0,0.0,0.0,0,0
-0.85994129516529,205.0,20.0,-0.85994129516529,-0.85994129516529,0.95,1.1231652063178437,0.44886654027975426,0.9306343102728564,0.342,0.018060579218031052,0.0,0.0,0.0,0.0,0,0
-0.7360880454992211,210.0,20.0,-0.7360880454992211,-0.7360880454992211,0.95,0.7872409296718037,0.434259019007726,0.9651573570429349,0.28662420382165604,0.009686623067078397,0.0,0.0,0.0,0.0,0,0
-0.7153859679899084,215.0,20.0,-0.7153859679899084,-0.7153859679899084,0.95,0.7337550975926737,0.40750442001647236,0.9721176267301354,0.2302158273381295,0.004215260826326734,0.0,0.0,0.0,0.0,0,0
-0.7408057848371727,220.0,20.0,-0.7408057848371727,-0.7408057848371727,0.95,0.7717355909918986,0.4084387841963726,0.9920268742854749,0.18004866180048662,0.0015768380017958433,0.0,0.0,0.0,0.0,0,0
-0.7509170562152623,225.0,20.0,-0.7509170562152623,-0.7509170562152623,0.95,0.7962597784678533,0.4239745322913765,1.0008703547134152,0.23798076923076922,0.0012833263819820976,0.0,0.0,0.0,0.0,0,0
-0.7578132079479336,230.0,20.0,-0.7578132079479336,-0.7578132079479336,0.95,0.8202119404406263,0.4288592476884469,1.0140994232185103,0.3101123595505618,0.001512350865400773,0.0,0.0,0.0,0.0,0,0
-0.7606025401845724,235.0,20.0,-0.7606025401845724,-0.7606025401845724,0.95,0.8182784510895816,0.4488665402797603,1.0140994232185103,0.32450331125827814,0.001990256038146574,0.0,0.0,0.0,0.0,0,0
-0.7539043155514519,240.0,20.0,-0.7539043155514519,-0.7539043155514519,0.95,0.8066320680357886,0.447829613351729,1.0125342575673157,0.3383947939262473,0.004387048937221948,0.0,0.0,0.0,0.0,0,0
-0.7496616753106706,245.0,20.0,-0.7496616753106706,-0.7496616753106706,0.95,0.7985646438056618,0.4537558366565854,1.0088720997238199,0.3542116630669546,0.00726262730171793,0.0,0.0,0.0,0.0,0,0
-0.8193152876194968,250.0,20.0,-0.8193152876194968,-0.8193152876194968,0.95,0.9456859831563973,0.47079949909430585,1.0088720997238199,0.2887700534759358,0.01034325983177995,0.0,0.0,0.0,0.0,0,0
-0.932779099831803,255.0,20.0,-0.932779099831803,-0.932779099831803,0.95,1.2223496129013625,0.48450322280603453,1.0007514068004988,0.27474402730375425,0.013744916049640213,0.0,0.0,0.0,0.0,0,0
-1.008677154944862,260.0,20.0,-1.008677154944862,-1.008677154944862,0.95,1.3900307699168155,0.5242994421732048,1.0003384403629947,0.2849462365591398,0.01758116213385802,0.0,0.0,0.0,0.0,0,0
-1.0375110513184655,265.0,20.0,-1.0375110513184655,-1.0375110513184655,0.95,1.461092044297326,0.5349994307889849,0.992288685267004,0.2874779541446208,0.02177283886807081,0.0,0.0,0.0,0.0,0,0
-1.0248956004138143,270.0,20.0,-1.0248956004138143,-1.0248956004138143,0.95,1.4327927438773045,0.5328356177797636,0.992288685267004,0.2950257289879931,0.025077474230202863,0.0,0.0,0.0,0.0,0,0
-1.020245763503434,275.0,20.0,-1.020245763503434,-1.020245763503434,0.95,1.4283299142935975,0.5349994307889849,0.9840069190002716,0.3083778966131907,0.02831462190924022,0.0,0.0,0.0,0.0,0,0
-1.045313571103279,280.0,20.0,-1.045313571103279,-1.045313571103279,0.95,1.4899828554672008,0.5349994307889849,0.9834292382816275,0.30286738351254483,0.03150407679407853,0.0,0.0,0.0,0.0,0,0
-1.025054204949369,285.0,20.0,-1.025054204949369,-1.025054204949369,0.95,1.4409376332087656,0.5287331762236889,0.9834146231003119,0.29357798165137616,0.03479621577715132,0.0,0.0,0.0,0.0,0,0
-1.0252648539796205,290.0,20.0,-1.0252648539796205,-1.0252648539796205,0.95,1.4445329186897682,0.5165554286974013,0.9753941744603092,0.25535714285714284,0.038501134940028034,0.0,0.0,0.0,0.0,0,0
-1.0294676406560614,295.0,20.0,-1.0294676406560614,-1.0294676406560614,0.95,1.460360800670259,0.5030825308728598,0.9751586860470137,0.24236983842010773,0.042460949127098135,0.0,0.0,0.0,0.0,0,0
-0.9713848933327084,300.0,20.0,-0.9713848933327084,-0.9713848933327084,0.95,1.3214161802363398,0.49219947632586525,0.968217065769682,0.22285714285714286,0.04680233740526323,0.0,0.0,0.0,0.0,0,0
-0.9650273258840356,305.0,20.0,-0.9650273258840356,-0.9650273258840356,0.95,1.3213878574360012,0.4707994990943076,0.9609693099136714,0.21470019342359767,0.05184782919370052,0.0,0.0,0.0,0.0,0,0
-0.9984447881220927,310.0,20.0,-0.9984447881220927,-0.9984447881220927,0.95,1.412260220994136,0.46725907485802165,0.9520442862887275,0.21285140562248997,0.05750885799945489,0.0,0.0,0.0,0.0,0,0
-0.9773340801951198,315.0,20.0,-0.9773340801951198,-0.9773340801951198,0.95,1.4073247436591545,0.4229437626992796,0.9429082623441989,0.27058823529411763,0.06355973258405194,0.0,0.0,0.0,0.0,0,0
-1.0061114578799428,320.0,20.0,-1.0061114578799428,-1.0061114578799428,0.95,1.487884142429592,0.4212716318231339,0.9356572849070026,0.28274428274428276,0.07036838185628431,0.0,0.0,0.0,0.0,0,0
-1.0046215301941976,325.0,20.0,-1.0046215301941976,-1.0046215301941976,0.95,1.5230058140218146,0.3958995787838493,0.941665890521635,0.3897216274089936,0.07796197433736068,0.0,0.0,0.0,0.0,0,0
-1.0158459993402233,330.0,20.0,-1.0158459993402233,-1.0158459993402233,0.95,1.5782720535659063,0.3744996015522899,0.947597049365626,0.4598698481561822,0.08990258677144729,0.0,0.0,0.0,0.0,0,0
-1.0375804365860222,335.0,20.0,-1.0375804365860222,-1.0375804365860222,0.95,1.652086315013818,0.3572477028463991,0.9380222735319795,0.47071583514099785,0.10517872475032762,0.0,0.0,0.0,0.0,0,0
-1.032772515369026,340.0,20.0,-1.032772515369026,-1.032772515369026,0.95,1.6696957358245277,0.33515033057268984,0.9414076856596412,0.5424528301886793,0.11810436899232508,0.0,0.0,0.0,0.0,0,0
-1.0557889674656378,345.0,20.0,-1.0557889674656378,-1.0557889674656378,0.95,1.723465481686901,0.3396327782115879,0.926451134190692,0.5011820330969267,0.13140536415176624,0.0,0.0,0.0,0.0,0,0
-1.0875927037103668,350.0,20.0,-1.0875927037103668,-1.0875927037103668,0.95,1.7609861035689398,0.36294835557989247,0.9669875506941277,0.4928571428571429,0.14112082385343072,0.0,0.0,0.0,0.0,0,0
-1.0966795908098386,355.0,20.0,-1.0966795908098386,-1.0966795908098386,0.95,1.7641886215839269,0.3478450190633916,1.0181039167914376,0.5048309178743962,0.11620143701913906,0.0,0.0,0.0,0.0,0,0
-0.954674550992,0.0,25.0,-0.954674550992,-0.954674550992,0.95,1.3665825561487663,0.34106703893283974,1.093003837101896,0.5047619047619047,0.12177296196640244,0.0,0.0,0.0,0.0,0,0
-0.9833799110576451,5.0,25.0,-0.9833799110576451,-0.9833799110576451,0.95,1.3618041650269905,0.33808660753964537,1.2198717883247099,0.5083135391923991,0.07660419424510555,0.0,0.0,0.0,0.0,0,0
-1.0448556412847407,10.0,25.0,-1.0448556412847407,-1.0448556412847407,0.95,1.389129388986209,0.38539366471675296,1.3612836291963495,0.47465437788018433,0.05993844160051839,0.0,0.0,0.0,0.0,0,0
-1.1490918423455836,15.0,25.0,-1.1490918423455836,-1.1490918423455836,0.95,1.4300410046884844,0.5895521744336291,1.4350957412932845,0.29086538461538464,0.051843008506193104,0.0,0.0,0.0,0.0,0,0
-1.2173292346684623,20.0,25.0,-1.2173292346684623,-1.2173292346684623,0.95,1.4724745750472303,0.7498132897652756,1.44373756554798,0.20048309178743962,0.054891544931385566,0.0,0.0,0.0,0.0,0,0
-1.3372385677128373,25.0,25.0,-1.3372385677128373,-1.3372385677128373,0.95,1.524414028132619,1.1622388172129394,1.3825248034980138,0.08717948717948718,0.06099418979987088,0.0,0.0,0.0,0.0,0,0
-1.3717491976183318,30.0,25.0,-1.3717491976183318,-1.3717491976183318,0.95,1.5594576522873573,1.1814085317050624,1.4367027342685978,0.06561679790026247,0.0588617964533539,0.0,0.0,0.0,0.0,0,0
-1.4265193628675656,35.0,25.0,-1.4265193628675656,-1.4265193628675656,0.95,1.5820838018768018,1.2694676890003245,1.5157195436968207,0.02610966057441253,0.05839762879833473,0.0,0.0,0.0,0.0,0,0
-1.4951069287437937,40.0,25.0,-1.4951069287437937,-1.4951069287437937,0.95,1.6046326365344203,1.3693205508403632,1.6436949456797387,0.0,0.05478457662581664,0.0,0.0,0.0,0.0,0,0
-1.7983356466477138,45.0,25.0,-1.7983356466477138,-1.7983356466477138,0.95,1.6750611129233586,1.495423024396326,2.6178217815171556,0.0,0.05036205353510699,0.0,0.0,0.0,0.0,0,0
-1.9525385731856058,50.0,25.0,-1.9525385731856058,-1.9525385731856058,0.95,1.774556681136205,1.5119285747633557,3.0589350281611396,0.0,0.0476934189719462,0.0,0.0,0.0,0.0,0,0
-1.9782804633934545,55.0,25.0,-1.9782804633934545,-1.9782804633934545,0.95,1.8834590231730821,1.5134449495295013,2.9861424669673853,0.0,0.04653317450413145,0.0,0.0,0.0,0.0,0,0
-2.078252147874421,60.0,25.0,-2.078252147874421,-2.078252147874421,0.95,1.9721896398306733,1.473407202077953,3.284097965690654,0.0,0.04586952504158196,0.0,0.0,0.0,0.0,0,0
-2.020690859092164,65.0,25.0,-2.020690859092164,-2.020690859092164,0.95,2.0067993228035386,1.3145862117810638,3.209623889497279,0.1308139534883721,0.045308617343514775,0.0,0.0,0.0,0.0,0,0
-1.9796737062696521,70.0,25.0,-1.9796737062696521,-1.9796737062696521,0.95,1.9964650789441825,1.2733924283964764,3.114958270371439,0.16,0.04403223788845405,0.0,0.0,0.0,0.0,0,0
-1.9213165537050054,75.0,25.0,-1.9213165537050054,-1.9213165537050054,0.95,1.9571974598001167,1.2557402425219926,2.967240805848612,0.17307692307692307,0.043027126567037326,0.0,0.0,0.0,0.0,0,0
-1.8533907400128116,80.0,25.0,-1.8533907400128116,-1.8533907400128116,0.95,1.8718579871423306,1.2265269389772981,2.86341459299757,0.1783783783783784,0.04267702966466792,0.0,0.0,0.0,0.0,0,0
-1.7850313830196582,85.0,25.0,-1.7850313830196582,-1.7850313830196582,0.95,1.7859241380429316,1.244329982163486,2.7067379816780353,0.17105263157894737,0.04574738874747652,0.0,0.0,0.0,0.0,0,0
-1.7080514941471971,90.0,25.0,-1.7080514941471971,-1.7080514941471971,0.95,1.6881772639128259,1.2350277093791515,2.5649892464915323,0.17223650385604114,0.05107498504521623,0.0,0.0,0.0,0.0,0,0
-1.6411813195379705,95.0,25.0,-1.6411813195379705,-1.6411813195379705,0.95,1.6049982923669548,1.2374748699097218,2.427594848997746,0.1708542713567839,0.05593848007512802,0.0,0.0,0.0,0.0,0,0
-1.5707554175274787,100.0,25.0,-1.5707554175274787,-1.5707554175274787,0.95,1.5408554308933042,1.199743974244723,2.2966968852237843,0.19696969696969696,0.06382634924054724,0.0,0.0,0.0,0.0,0,0
-1.489608633513074,105.0,25.0,-1.489608633513074,-1.489608633513074,0.95,1.4808845888395692,1.1598089083056142,2.135150877662777,0.26485148514851486,0.07391655056097382,0.0,0.0,0.0,0.0,0,0
-1.3946236917035442,110.0,25.0,-1.3946236917035442,-1.3946236917035442,0.95,1.4015403094153243,1.0506147306124503,1.9992769272758217,0.28465346534653463,0.08587704011842524,0.0,0.0,0.0,0.0,0,0
-1.2892447200304138,115.0,25.0,-1.2892447200304138,-1.2892447200304138,0.95,1.2977174659309523,0.9491327105149124,1.8484515410705364,0.29238329238329236,0.09334706645304036,0.0,0.0,0.0,0.0,0,0
-1.1861793560994027,120.0,25.0,-1.1861793560994027,-1.1861793560994027,0.95,1.196940946813079,0.8571456467921768,1.6884082916900154,0.2898550724637681,0.09894123360854784,0.0,0.0,0.0,0.0,0,0
-1.1014302523477824,125.0,25.0,-1.1014302523477824,-1.1014302523477824,0.95,1.1407793626065679,0.7730294181088693,1.5254773979969976,0.29508196721311475,0.11710883810132651,0.0,0.0,0.0,0.0,0,0
-1.0618822949975608,130.0,25.0,-1.0618822949975608,-1.0618822949975608,0.95,1.1942192440368065,0.6992924881217086,1.3551329602331739,0.29411764705882354,0.1488949931327257,0.0,0.0,0.0,0.0,0,0
-0.9972449904688477,135.0,25.0,-0.9972449904688477,-0.9972449904688477,0.95,1.2042510386470915,0.6025263127916889,1.1792025490461084,0.298876404494382,0.19211131806727294,0.0,0.0,0.0,0.0,0,0
-0.9034728562755462,140.0,25.0,-0.9034728562755462,-0.9034728562755462,0.95,1.1405793895925833,0.504342592514442,1.0314686560864568,0.36711711711711714,0.2359589596312852,0.0,0.0,0.0,0.0,0,0
-0.806709915302251,145.0,25.0,-0.806709915302251,-0.806709915302251,0.95,1.0678315862632106,0.3851762255700508,0.8984662309511497,0.41333333333333333,0.27094762790922494,0.0,0.0,0.0,0.0,0,0
-0.7355573043407301,150.0,25.0,-0.7355573043407301,-0.7355573043407301,0.95,1.0199205780281433,0.35283545294376495,0.7456003097728011,0.47019867549668876,0.2931183060445648,0.0,0.0,0.0,0.0,0,0
-0.6593241326789295,155.0,25.0,-0.6593241326789295,-0.6593241326789295,0.95,0.9635332446096867,0.3105962751621323,0.6050027182800825,0.549889135254989,0.2943055862763892,0.0,0.0,0.0,0.0,0,0
-0.6814858480927787,160.0,25.0,-0.6814858480927787,-0.6814858480927787,0.95,1.1636313707324837,0.24833792621311324,0.47172747637585805,0.6398305084745762,0.28318648334624325,0.0,0.0,0.0,0.0,0,0
-0.6669854691439582,165.0,25.0,-0.6669854691439582,-0.6669854691439582,0.95,1.2040502183272974,0.200989762127617,0.4006822914403296,0.6505263157894737,0.2542416572928384,0.0,0.0,0.0,0.0,0,0
-0.6763199610037376,170.0,25.0,-0.6763199610037376,-0.6763199610037376,0.95,1.2369596744548201,0.16267182137190206,0.4187026690383485,0.6380753138075314,0.2180318340338013,0.0,0.0,0.0,0.0,0,0
-0.7120543213325952,175.0,25.0,-0.7120543213325952,-0.7120543213325952,0.95,1.2452488696923103,0.18215256304188476,0.5242994421732048,0.6265822784810127,0.1756753915694313,0.0,0.0,0.0,0.0,0,0
-0.7733524498487392,180.0,25.0,-0.7733524498487392,-0.7733524498487392,0.95,1.2420839943915616,0.28987044075237306,0.6442900739990637,0.5702127659574469,0.1318689954616004,0.0,0.0,0.0,0.0,0,0
-0.8284979089305832,185.0,25.0,-0.8284979089305832,-0.8284979089305832,0.95,1.2531727666203876,0.34620973061029436,0.7640126680619014,0.5032679738562091,0.09100169161649417,0.0,0.0,0.0,0.0,0,0
-0.8460127276984382,190.0,25.0,-0.8460127276984382,-0.8460127276984382,0.95,1.2558749795567032,0.37249427830718645,0.7922641920775613,0.4752688172043011,0.07190851092710737,0.0,0.0,0.0,0.0,0,0
-0.8108440984887422,195.0,25.0,-0.8108440984887422,-0.8108440984887422,0.95,1.140312712855804,0.3781302777028272,0.8238991234150363,0.45788336933045354,0.05614705180233946,0.0,0.0,0.0,0.0,0,0
-0.695134427551367,200.0,25.0,-0.695134427551367,-0.695134427551367,0.95,0.8281228330143968,0.37029128452947874,0.8631279966904261,0.44469525959367945,0.04269044540013834,0.0,0.0,0.0,0.0,0,0
-0.6874981914130349,205.0,25.0,-0.6874981914130349,-0.6874981914130349,0.95,0.782967488668741,0.36640604728776793,0.898466230951149,0.4190687361419069,0.031047106941624002,0.0,0.0,0.0,0.0,0,0
-0.659291577641134,210.0,25.0,-0.659291577641134,-0.659291577641134,0.95,0.7164220536534398,0.35283545294376495,0.9216919354116311,0.4590909090909091,0.021434437448672326,0.0,0.0,0.0,0.0,0,0
-0.6733075468981448,215.0,25.0,-0.6733075468981448,-0.6733075468981448,0.95,0.7555354034336691,0.3423996357049499,0.9499034218122605,0.5198237885462555,0.014366944154936081,0.0,0.0,0.0,0.0,0,0
-0.6382185161251532,220.0,25.0,-0.6382185161251532,-0.6382185161251532,0.95,0.6645752121224152,0.3392648585997904,0.9615709177870095,0.5282051282051282,0.009579059254421351,0.0,0.0,0.0,0.0,0,0
-0.6469467247493224,225.0,25.0,-0.6469467247493224,-0.6469467247493224,0.95,0.6810123038113014,0.3429247608855277,0.9625722949456169,0.518324607329843,0.006525570987461403,0.0,0.0,0.0,0.0,0,0
-0.6616488741644567,230.0,25.0,-0.6616488741644567,-0.6616488741644567,0.95,0.6864086509605125,0.36288979339059124,0.9754016104741341,0.4748743718592965,0.0073805277077311025,0.0,0.0,0.0,0.0,0,0
-0.6682381410525482,235.0,25.0,-0.6682381410525482,-0.6682381410525482,0.95,0.6830666895982928,0.37007321457244613,0.9878620935166594,0.44472361809045224,0.009362178745784584,0.0,0.0,0.0,0.0,0,0
-0.6743695416237714,240.0,25.0,-0.6743695416237714,-0.6743695416237714,0.95,0.6839672491786156,0.3795050204676804,1.000096135576914,0.4411764705882353,0.012103662599803725,0.0,0.0,0.0,0.0,0,0
-0.6722194086672855,245.0,25.0,-0.6722194086672855,-0.6722194086672855,0.95,0.6809238327161232,0.38145101123035985,1.0006407987852923,0.4567307692307692,0.015407500574455477,0.0,0.0,0.0,0.0,0,0
-0.7331189130931038,250.0,25.0,-0.7331189130931038,-0.7331189130931038,0.95,0.8097908962957309,0.40414232490039426,0.9954209298360986,0.4068825910931174,0.019162069552115482,0.0,0.0,0.0,0.0,0,0
-0.7403110118700983,255.0,25.0,-0.7403110118700983,-0.7403110118700983,0.95,0.8201029541970338,0.40659956739962855,0.9954209298360986,0.38235294117647056,0.022955242182709994,0.0,0.0,0.0,0.0,0,0
-0.830486858661896,260.0,25.0,-0.830486858661896,-0.830486858661896,0.95,1.0378610391684886,0.4158052268740179,0.9937914954585941,0.37056737588652483,0.027151626612321993,0.0,0.0,0.0,0.0,0,0
-0.8101766547412151,265.0,25.0,-0.8101766547412151,-0.8101766547412151,0.95,0.9919467432683148,0.4172995560154078,0.9860248940410046,0.37433155080213903,0.03154115520271039,0.0,0.0,0.0,0.0,0,0
-0.8165839866505153,270.0,25.0,-0.8165839866505153,-0.8165839866505153,0.95,1.0037506744733231,0.41467216607838214,0.9919874876911484,0.3658119658119658,0.034648874233602966,0.0,0.0,0.0,0.0,0,0
-0.8152148301809153,275.0,25.0,-0.8152148301809153,-0.8152148301809153,0.95,1.0081444868171916,0.4122223113573482,0.9856943260340276,0.3752212389380531,0.03762535203853341,0.0,0.0,0.0,0.0,0,0
-0.8310677246720543,280.0,25.0,-0.8310677246720543,-0.8310677246720543,0.95,1.0545227590940607,0.40863266815956584,0.9834292382816275,0.3875685557586837,0.040726301447476694,0.0,0.0,0.0,0.0,0,0
-0.8353988995556434,285.0,25.0,-0.8353988995556434,-0.8353988995556434,0.95,1.0546492923065107,0.41740985589707547,0.9765238263079434,0.34944237918215615,0.04414768700582244,0.0,0.0,0.0,0.0,0,0
-0.8356903489463078,290.0,25.0,-0.8356903489463078,-0.8356903489463078,0.95,1.0554098772560723,0.41467216607837654,0.9749767041818534,0.3388581952117864,0.04773331417486888,0.0,0.0,0.0,0.0,0,0
-0.8533475356513863,295.0,25.0,-0.8533475356513863,-0.8533475356513863,0.95,1.0850094338601646,0.44155397878272235,0.9668686886941786,0.32761904761904764,0.051700213365959924,0.0,0.0,0.0,0.0,0,0
-0.8475745964320844,300.0,25.0,-0.8475745964320844,-0.8475745964320844,0.95,1.0729836706215459,0.4386995332469681,0.9586908571989275,0.3096646942800789,0.056619951049932185,0.0,0.0,0.0,0.0,0,0
-0.8547103055567427,305.0,25.0,-0.8547103055567427,-0.8547103055567427,0.95,1.0966456516869802,0.4331597409749675,0.954818930356113,0.3094262295081967,0.06185398403768154,0.0,0.0,0.0,0.0,0,0
-0.8665287308704563,310.0,25.0,-0.8665287308704563,-0.8665287308704563,0.95,1.134740746164154,0.4239149230158389,0.9501442183680455,0.3088235294117647,0.06536297421381476,0.0,0.0,0.0,0.0,0,0
-0.8618164314445041,315.0,25.0,-0.8618164314445041,-0.8618164314445041,0.95,1.16049301332119,0.40539337896746624,0.9384733560051209,0.3834745762711864,0.0699222679469593,0.0,0.0,0.0,0.0,0,0
-0.827767478860212,320.0,25.0,-0.827767478860212,-0.827767478860212,0.95,1.1130085693002687,0.3754818180501154,0.9310300942728591,0.4406392694063927,0.07612888144309814,0.0,0.0,0.0,0.0,0,0
-0.8387370086174222,325.0,25.0,-0.8387370086174222,-0.8387370086174222,0.95,1.1654188041146176,0.3530996243207296,0.9334400058085616,0.49065420560747663,0.08614043908161555,0.0,0.0,0.0,0.0,0,0
-0.8492629353300284,330.0,25.0,-0.8492629353300284,-0.8492629353300284,0.95,1.215023128913055,0.33180023523263924,0.9362379740049896,0.5375586854460094,0.10254714614735594,0.0,0.0,0.0,0.0,0,0
-0.8649013233182935,335.0,25.0,-0.8649013233182935,-0.8649013233182935,0.95,1.2620652739911975,0.3221450369995323,0.9426656218092946,0.5612745098039216,0.11867495444219776,0.0,0.0,0.0,0.0,0,0
-0.8897234968423426,340.0,25.0,-0.8897234968423426,-0.8897234968423426,0.95,1.3036775142907813,0.3375021633080382,0.9408605992496102,0.51338199513382,0.13770888968422212,0.0,0.0,0.0,0.0,0,0
-0.8983399475857066,345.0,25.0,-0.8983399475857066,-0.8983399475857066,0.95,1.33471108177369,0.3385674707598132,0.9202301985012061,0.5024390243902439,0.1546039588861439,0.0,0.0,0.0,0.0,0,0
-0.9114291690805172,350.0,25.0,-0.9114291690805172,-0.9114291690805172,0.95,1.3570594343991331,0.313494636649934,0.9669875506941277,0.5151515151515151,0.16188627464105224,0.0,0.0,0.0,0.0,0,0
-0.9334714492645627,355.0,25.0,-0.9334714492645627,-0.9334714492645627,0.95,1.3618912419510778,0.3417063881945932,1.0181039167914376,0.5123762376237624,0.14389767276603305,0.0,0.0,0.0,0.0,0,0
-0.838725823410941,0.0,30.0,-0.838725823410941,-0.838725823410941,0.95,1.0856475475193008,0.36782704477286593,1.0449357644873487,0.4872389791183295,0.15759150474469047,0.0,0.0,0.0,0.0,0,0
-0.8408071993924198,5.0,30.0,-0.8408071993924198,-0.8408071993924198,0.95,1.0825843670465003,0.378413171092668,1.0449357644873487,0.4806378132118451,0.10634199527530439,0.0,0.0,0.0,0.0,0,0
-0.8664911542867036,10.0,30.0,-0.8664911542867036,-0.8664911542867036,0.95,1.1079492424346697,0.4464384821894215,1.03162877563335,0.46205357142857145,0.06927297668038408,0.0,0.0,0.0,0.0,0,0
-0.9148647686735534,15.0,30.0,-0.9148647686735534,-0.9148647686735534,0.95,1.1474377516700665,0.588824357912207,1.011097950473537,0.4409090909090909,0.0615339937401181,0.0,0.0,0.0,0.0,0,0
-0.9865717073782457,20.0,30.0,-0.9865717073782457,-0.9865717073782457,0.95,1.193958740988491,0.7738345204092453,0.9770608522577842,0.28735632183908044,0.06304659170551848,0.0,0.0,0.0,0.0,0,0
-1.0776308246698012,25.0,30.0,-1.0776308246698012,-1.0776308246698012,0.95,1.2346408091754797,0.891209687290603,1.0981082655569387,0.13554987212276215,0.0688484987921316,0.0,0.0,0.0,0.0,0,0
-1.1106995949111422,30.0,30.0,-1.1106995949111422,-1.1106995949111422,0.95,1.2652818478585708,0.8968778230674773,1.1708269264815272,0.12339331619537275,0.07197412410643908,0.0,0.0,0.0,0.0,0,0
-1.1284194380731765,35.0,30.0,-1.1284194380731765,-1.1284194380731765,0.95,1.285674920753571,0.945745799192838,1.1603470293891032,0.12373737373737374,0.07587418005268323,0.0,0.0,0.0,0.0,0,0
-1.1591805243272304,40.0,30.0,-1.1591805243272304,-1.1591805243272304,0.95,1.295097497993265,1.0408542554293678,1.1674777483982177,0.10941475826972011,0.07327554453257373,0.0,0.0,0.0,0.0,0,0
-1.2127623319676557,45.0,30.0,-1.2127623319676557,-1.2127623319676557,0.95,1.3210493459866295,1.0946055183304901,1.273692691013072,0.07731958762886598,0.07091631592560371,0.0,0.0,0.0,0.0,0,0
-1.2586223473975158,50.0,30.0,-1.2586223473975158,-1.2586223473975158,0.95,1.395364355413021,1.1214426233612391,1.3070622630411364,0.06649616368286446,0.06806745546035632,0.0,0.0,0.0,0.0,0,0
-1.495124482793504,55.0,30.0,-1.495124482793504,-1.495124482793504,0.95,1.4739104450036309,1.1698095486133595,2.052431670554846,0.0,0.06765938671961173,0.0,0.0,0.0,0.0,0,0
-1.6171801448229282,60.0,30.0,-1.6171801448229282,-1.6171801448229282,0.95,1.5500002324341735,1.1935673883852915,2.4420801933134193,0.11731843575418995,0.06650985131314875,0.0,0.0,0.0,0.0,0,0
-1.5978391083879555,65.0,30.0,-1.5978391083879555,-1.5978391083879555,0.95,1.5848653557507646,1.168866512665054,2.350266995521161,0.1589041095890411,0.06645569620253164,0.0,0.0,0.0,0.0,0,0
-1.5715987381211858,70.0,30.0,-1.5715987381211858,-1.5715987381211858,0.95,1.6133440860948725,1.140644868749619,2.2364425567360167,0.18010752688172044,0.06493016232540581,0.0,0.0,0.0,0.0,0,0
-1.5521034036273964,75.0,30.0,-1.5521034036273964,-1.5521034036273964,0.95,1.6033053875197498,1.118341710926571,2.197510556278688,0.18181818181818182,0.06452549898336031,0.0,0.0,0.0,0.0,0,0
-1.4819649948451141,80.0,30.0,-1.4819649948451141,-1.4819649948451141,0.95,1.527907961220498,1.0917936296247943,2.066413611802865,0.1875,0.06764002309659325,0.0,0.0,0.0,0.0,0,0
-1.4308363759763305,85.0,30.0,-1.4308363759763305,-1.4308363759763305,0.95,1.4453467773187516,1.0773369099544845,2.008453750240835,0.1875,0.07396114464657286,0.0,0.0,0.0,0.0,0,0
-1.4147046760332804,90.0,30.0,-1.4147046760332804,-1.4147046760332804,0.95,1.370826849925583,1.0831546669761476,2.0595528735226902,0.19302949061662197,0.08444380069524914,0.0,0.0,0.0,0.0,0,0
-1.3127037210539514,95.0,30.0,-1.3127037210539514,-1.3127037210539514,0.95,1.2953826915197613,1.0681740739194168,1.7825725844693041,0.181360201511335,0.0938777212444741,0.0,0.0,0.0,0.0,0,0
-1.2857159579633517,100.0,30.0,-1.2857159579633517,-1.2857159579633517,0.95,1.2497712670212104,1.0246414382147837,1.8125831444725704,0.2349869451697128,0.10570699723820969,0.0,0.0,0.0,0.0,0,0
-1.1775363443936915,105.0,30.0,-1.1775363443936915,-1.1775363443936915,0.95,1.187698736351547,0.9417380760325887,1.5732490285394067,0.2628992628992629,0.12035212474297464,0.0,0.0,0.0,0.0,0,0
-1.1042464206157387,110.0,30.0,-1.1042464206157387,-1.1042464206157387,0.95,1.1333979847917406,0.8509123894716392,1.468892674959998,0.29064039408866993,0.13565942218730906,0.0,0.0,0.0,0.0,0,0
-1.0272373532153316,115.0,30.0,-1.0272373532153316,-1.0272373532153316,0.95,1.0601499386014475,0.7699267354929563,1.3635557224659571,0.30193236714975846,0.14907813090763516,0.0,0.0,0.0,0.0,0,0
-0.946804174416386,120.0,30.0,-0.946804174416386,-0.946804174416386,0.95,0.9833565942216258,0.6831560473063174,1.2553277807640453,0.3115942028985507,0.16746661813880484,0.0,0.0,0.0,0.0,0,0
-0.8666157027785218,125.0,30.0,-0.8666157027785218,-0.8666157027785218,0.95,0.8987990437254947,0.5998311836599683,1.1535531574933275,0.3125,0.1955584707646177,0.0,0.0,0.0,0.0,0,0
-0.7862204813766558,130.0,30.0,-0.7862204813766558,-0.7862204813766558,0.95,0.8145527778698305,0.5281921814666125,1.04868510480108,0.3381995133819951,0.2303561883473444,0.0,0.0,0.0,0.0,0,0
-0.689027113020717,135.0,30.0,-0.689027113020717,-0.689027113020717,0.95,0.726324560574979,0.41928077552911996,0.9399257709381295,0.41304347826086957,0.26286676891358457,0.0,0.0,0.0,0.0,0,0
-0.6057023290738033,140.0,30.0,-0.6057023290738033,-0.6057023290738033,0.95,0.689038709194605,0.3157191157407925,0.8281294648838198,0.5587529976019184,0.2850146407193387,0.0,0.0,0.0,0.0,0,0
-0.5380630911623348,145.0,30.0,-0.5380630911623348,-0.5380630911623348,0.95,0.6231810161107947,0.29583386023473823,0.7170854418831527,0.6443914081145584,0.3060222416859092,0.0,0.0,0.0,0.0,0,0
-0.5448103142896554,150.0,30.0,-0.5448103142896554,-0.5448103142896554,0.95,0.7319662492271544,0.2884346747281691,0.6007416647480865,0.7027027027027027,0.3226870474658085,0.0,0.0,0.0,0.0,0,0
-0.49001990896406866,155.0,30.0,-0.49001990896406866,-0.49001990896406866,0.95,0.7083982685793645,0.25800973785348824,0.4954183825615174,0.8169642857142857,0.31191247543682615,0.0,0.0,0.0,0.0,0,0
-0.5094263555486941,160.0,30.0,-0.5094263555486941,-0.5094263555486941,0.95,0.852128317722922,0.21998283752157094,0.39371121571046974,0.8484848484848485,0.29111619681681056,0.0,0.0,0.0,0.0,0,0
-0.5261468440678543,165.0,30.0,-0.5261468440678543,-0.5261468440678543,0.95,0.9438954891557328,0.1845118965540264,0.34345971834481354,0.8340425531914893,0.26792682308822785,0.0,0.0,0.0,0.0,0,0
-0.5287239749143012,170.0,30.0,-0.5287239749143012,-0.5287239749143012,0.95,0.9111525092117748,0.15223874793707978,0.43161052260220006,0.8169934640522876,0.2328895962957604,0.0,0.0,0.0,0.0,0,0
-0.5711708922945449,175.0,30.0,-0.5711708922945449,-0.5711708922945449,0.95,0.9255051134645648,0.17641772647186826,0.545699419404766,0.7956043956043956,0.19110412681060399,0.0,0.0,0.0,0.0,0,0
-0.6231156084153947,180.0,30.0,-0.6231156084153947,-0.6231156084153947,0.95,0.9389253240274569,0.2545633569763198,0.6431741137968835,0.7688888888888888,0.15101340482573727,0.0,0.0,0.0,0.0,0,0
-0.6718823194850552,185.0,30.0,-0.6718823194850552,-0.6718823194850552,0.95,0.9627485627485647,0.30953380816369763,0.7360104677915178,0.746031746031746,0.11243065708048786,0.0,0.0,0.0,0.0,0,0
-0.6990094375758127,190.0,30.0,-0.6990094375758127,-0.6990094375758127,0.95,0.9785011132012039,0.3256942642557874,0.7829235231073554,0.6954545454545454,0.08848575993984396,0.0,0.0,0.0,0.0,0,0
-0.6898645512564741,195.0,30.0,-0.6898645512564741,-0.6898645512564741,0.95,0.9404112302338191,0.3256942642557874,0.8036514269414528,0.6863636363636364,0.07281286082245315,0.0,0.0,0.0,0.0,0,0
-0.5835790174758287,200.0,30.0,-0.5835790174758287,-0.5835790174758287,0.95,0.666416421089173,0.31212366991181284,0.8345991120308156,0.6966824644549763,0.05904675166970249,0.0,0.0,0.0,0.0,0,0
-0.6090438344374549,205.0,30.0,-0.6090438344374549,-0.6090438344374549,0.95,0.7107087168347082,0.299319057122178,0.8666990778781551,0.6674418604651163,0.047349003560438856,0.0,0.0,0.0,0.0,0,0
-0.5860595578358372,210.0,30.0,-0.5860595578358372,-0.5860595578358372,0.95,0.6411518901499352,0.28817850493491426,0.8880990551097145,0.6447058823529411,0.037302925750003865,0.0,0.0,0.0,0.0,0,0
-0.6234018887535563,215.0,30.0,-0.6234018887535563,-0.6234018887535563,0.95,0.7117872379962262,0.2888996926260523,0.9080501164565961,0.6055045871559633,0.029896305606679534,0.0,0.0,0.0,0.0,0,0
-0.5635265708019026,220.0,30.0,-0.5635265708019026,-0.5635265708019026,0.95,0.5822046420435102,0.280358466373512,0.9302638678253518,0.720108695652174,0.025153570700748203,0.0,0.0,0.0,0.0,0,0
-0.57368883885623,225.0,30.0,-0.57368883885623,-0.57368883885623,0.95,0.5887618193980184,0.2901718051824184,0.9439662564563462,0.7035040431266847,0.02279401282965075,0.0,0.0,0.0,0.0,0,0
-0.5871698917518219,230.0,30.0,-0.5871698917518219,-0.5871698917518219,0.95,0.5970246477043057,0.29959968124183245,0.952536101612479,0.6467391304347826,0.02210812782313498,0.0,0.0,0.0,0.0,0,0
-0.5928714522202205,235.0,30.0,-0.5928714522202205,-0.5928714522202205,0.95,0.5964504025983534,0.3109029481531325,0.9532279157788273,0.6174142480211082,0.02226726268151151,0.0,0.0,0.0,0.0,0,0
-0.5989877446357083,240.0,30.0,-0.5989877446357083,-0.5989877446357083,0.95,0.594351512552863,0.32114302219151847,0.9629989754201729,0.5978835978835979,0.023152172413317327,0.0,0.0,0.0,0.0,0,0
-0.6073707508771409,245.0,30.0,-0.6073707508771409,-0.6073707508771409,0.95,0.5960795437422617,0.3316996470891702,0.9705495929252809,0.5662337662337662,0.02549289948986626,0.0,0.0,0.0,0.0,0,0
-0.6485095250099651,250.0,30.0,-0.6485095250099651,-0.6485095250099651,0.95,0.659980696861225,0.35543887515729544,0.9738944777206965,0.4781609195402299,0.02824186766983846,0.0,0.0,0.0,0.0,0,0
-0.6417975113258786,255.0,30.0,-0.6417975113258786,-0.6417975113258786,0.95,0.6428951889615729,0.35414119898543056,0.97691102521577,0.48123620309050774,0.03166745684245754,0.0,0.0,0.0,0.0,0,0
-0.6656015364906572,260.0,30.0,-0.6656015364906572,-0.6656015364906572,0.95,0.701403443524052,0.35517366358356506,0.9762913205666671,0.4782608695652174,0.03554539166278462,0.0,0.0,0.0,0.0,0,0
-0.6690756467629344,265.0,30.0,-0.6690756467629344,-0.6690756467629344,0.95,0.7082206262500973,0.3530996243207296,0.9831830079411524,0.48283261802575106,0.03981755070426576,0.0,0.0,0.0,0.0,0,0
-0.6795814649468115,270.0,30.0,-0.6795814649468115,-0.6795814649468115,0.95,0.7304003075063297,0.35543887515729544,0.9833221228719239,0.4726890756302521,0.042879243410490674,0.0,0.0,0.0,0.0,0,0
-0.70480605218685,275.0,30.0,-0.70480605218685,-0.70480605218685,0.95,0.7963003738003201,0.353620411653079,0.9831549981769886,0.4790794979079498,0.04575377558011379,0.0,0.0,0.0,0.0,0,0
-0.7237150887604562,280.0,30.0,-0.7237150887604562,-0.7237150887604562,0.95,0.8399457931040497,0.36181297307314464,0.974848398716486,0.4642857142857143,0.048979405173859354,0.0,0.0,0.0,0.0,0,0
-0.7115413936212499,285.0,30.0,-0.7115413936212499,-0.7115413936212499,0.95,0.8143209938948979,0.35543887515729544,0.9677704651726268,0.44989339019189767,0.0525722339675828,0.0,0.0,0.0,0.0,0,0
-0.7154755970680369,290.0,30.0,-0.7154755970680369,-0.7154755970680369,0.95,0.8207930656121333,0.36565452985988245,0.9665996430880242,0.45905172413793105,0.05663639595385063,0.0,0.0,0.0,0.0,0,0
-0.7242028171492181,295.0,30.0,-0.7242028171492181,-0.7242028171492181,0.95,0.8294712232173447,0.38519959016806915,0.9586371523532617,0.43544857768052514,0.06156397627902302,0.0,0.0,0.0,0.0,0,0
-0.7374952570217757,300.0,30.0,-0.7374952570217757,-0.7374952570217757,0.95,0.8534151990378296,0.3958995787838493,0.9583949086205034,0.42444444444444446,0.0672823908686939,0.0,0.0,0.0,0.0,0,0
-0.7328802487169318,305.0,30.0,-0.7328802487169318,-0.7328802487169318,0.95,0.8432762020645844,0.4053491389106322,0.9501442183680455,0.4330357142857143,0.07413145711056833,0.0,0.0,0.0,0.0,0,0
-0.7323863358301873,310.0,30.0,-0.7323863358301873,-0.7323863358301873,0.95,0.8637465975667356,0.38781567270737294,0.9398256122441557,0.4502262443438914,0.08216843475929685,0.0,0.0,0.0,0.0,0,0
-0.7390988311237628,315.0,30.0,-0.7390988311237628,-0.7390988311237628,0.95,0.8946558150959364,0.371109306074094,0.933335575315295,0.44874715261959,0.09178489748831184,0.0,0.0,0.0,0.0,0,0
-0.7361657185482632,320.0,30.0,-0.7361657185482632,-0.7361657185482632,0.95,0.9188516792216441,0.3530996243207296,0.9186098654432739,0.4930232558139535,0.10261206062560464,0.0,0.0,0.0,0.0,0,0
-0.7322557243598731,325.0,30.0,-0.7322557243598731,-0.7322557243598731,0.95,0.9406157967646709,0.3316996470891702,0.9088085637621424,0.5411764705882353,0.1163512612384741,0.0,0.0,0.0,0.0,0,0
-0.744408470621998,330.0,30.0,-0.744408470621998,-0.744408470621998,0.95,0.9685040739848589,0.3212863859096475,0.9350383403128818,0.5707434052757794,0.1317365269461078,0.0,0.0,0.0,0.0,0,0
-0.7666131676336885,335.0,30.0,-0.7666131676336885,-0.7666131676336885,0.95,1.0042239814553682,0.33341752251722345,0.9444585958707592,0.5454545454545454,0.14877407586243896,0.0,0.0,0.0,0.0,0,0
-0.7861866575068404,340.0,30.0,-0.7861866575068404,-0.7861866575068404,0.95,1.0313651701433457,0.3541546591490356,0.9399257709381295,0.4987951807228916,0.16042501306392615,0.0,0.0,0.0,0.0,0,0
-0.7775605457258181,345.0,30.0,-0.7775605457258181,-0.7775605457258181,0.95,1.0585063588313233,0.2946608434573388,0.9317398028479502,0.5244215938303342,0.16897454499574172,0.0,0.0,0.0,0.0,0,0
-0.8164263525249827,350.0,30.0,-0.8164263525249827,-0.8164263525249827,0.95,1.0720769531752978,0.3683118428937637,0.9786969481497869,0.491566265060241,0.1740456445754232,0.0,0.0,0.0,0.0,0,0
-0.8317016178269296,355.0,30.0,-0.8317016178269296,-0.8317016178269296,0.95,1.0856475475193008,0.358386326418849,1.027108534416183,0.48931116389548696,0.16780684104627766,0.0,0.0,0.0,0.0,0,0
-0.6910002243394892,0.0,35.0,-0.6910002243394892,-0.6910002243394892,0.95,0.868518038015452,0.34415039906387135,0.8311878210442409,0.5024154589371981,0.23044960997216887,0.0,0.0,0.0,0.0,0,0
-0.70022584053997,5.0,35.0,-0.70022584053997,-0.70022584053997,0.95,0.8838578717279285,0.362366032908727,0.8201094153375309,0.48936170212765956,0.19525096525096525,0.0,0.0,0.0,0.0,0,0
-0.7184737548534783,10.0,35.0,-0.7184737548534783,-0.7184737548534783,0.95,0.9176631935459293,0.37965308420595867,0.8154545097449937,0.47368421052631576,0.1524741506646972,0.0,0.0,0.0,0.0,0,0
-0.7551913581240551,15.0,35.0,-0.7551913581240551,-0.7551913581240551,0.95,0.9605305000031923,0.46104744397707764,0.8080543736992203,0.46296296296296297,0.13371766029246343,0.0,0.0,0.0,0.0,0,0
-0.7900826354288886,20.0,35.0,-0.7900826354288886,-0.7900826354288886,0.95,1.0026078128574378,0.5352437604395994,0.7878954127795261,0.41745283018867924,0.1267969037965352,0.0,0.0,0.0,0.0,0,0
-0.8227180151102448,25.0,35.0,-0.8227180151102448,-0.8227180151102448,0.95,1.027393619312855,0.6292232891051469,0.7391459946532738,0.3033175355450237,0.12488395172391716,0.0,0.0,0.0,0.0,0,0
-0.9109668529890255,30.0,35.0,-0.9109668529890255,-0.9109668529890255,0.95,1.0567652607000508,0.6898329270163646,0.9305675807730239,0.16839378238341968,0.1269263698630137,0.0,0.0,0.0,0.0,0,0
-0.9247804662997317,35.0,35.0,-0.9247804662997317,-0.9247804662997317,0.95,1.0705435442919529,0.7296212784620546,0.9258815618645798,0.1731266149870801,0.12417746322346679,0.0,0.0,0.0,0.0,0,0
-0.9400688727351703,40.0,35.0,-0.9400688727351703,-0.9400688727351703,0.95,1.0781355650204585,0.7990903697026953,0.906271309988757,0.17525773195876287,0.12333549168097745,0.0,0.0,0.0,0.0,0,0
-0.9681461172374424,45.0,35.0,-0.9681461172374424,-0.9681461172374424,0.95,1.0832247586494432,0.8398386476022331,0.9630133174828519,0.1585677749360614,0.1222738260137429,0.0,0.0,0.0,0.0,0,0
-1.0215036013717709,50.0,35.0,-1.0215036013717709,-1.0215036013717709,0.95,1.1466185684192978,0.8739895051037693,1.037092892623929,0.1491442542787286,0.11659545466460458,0.0,0.0,0.0,0.0,0,0
-1.077908573269732,55.0,35.0,-1.077908573269732,-1.077908573269732,0.95,1.2084192886698546,0.9159491990363757,1.1113370391883288,0.12280701754385964,0.11015678601377278,0.0,0.0,0.0,0.0,0,0
-1.2545511652582024,60.0,35.0,-1.2545511652582024,-1.2545511652582024,0.95,1.273440110627363,0.9435761370467972,1.6802182696341652,0.10773480662983426,0.10721194385199147,0.0,0.0,0.0,0.0,0,0
-1.2348581355882797,65.0,35.0,-1.2348581355882797,-1.2348581355882797,0.95,1.323524312232791,0.8799800563675968,1.6115571761566465,0.17435897435897435,0.10641406516339551,0.0,0.0,0.0,0.0,0,0
-1.2171598494582847,70.0,35.0,-1.2171598494582847,-1.2171598494582847,0.95,1.3397957790061492,0.8550718205178021,1.5460364628851937,0.19035532994923857,0.10765314698748889,0.0,0.0,0.0,0.0,0,0
-1.278722207595359,75.0,35.0,-1.278722207595359,-1.278722207595359,0.95,1.3400469885700297,0.8654868528303595,1.7874601291723629,0.20533333333333334,0.1095157724582214,0.0,0.0,0.0,0.0,0,0
-1.2379431942278663,80.0,35.0,-1.2379431942278663,-1.2379431942278663,0.95,1.3033948851732828,0.8387130254289878,1.7063513394605432,0.19680851063829788,0.11545650270896918,0.0,0.0,0.0,0.0,0,0
-1.1729223038653818,85.0,35.0,-1.1729223038653818,-1.1729223038653818,0.95,1.2231462210200348,0.7973591382597809,1.6181471873994777,0.20212765957446807,0.12636191378493605,0.0,0.0,0.0,0.0,0,0
-1.108089493397566,90.0,35.0,-1.108089493397566,-1.108089493397566,0.95,1.145516735547033,0.7596147973312506,1.5213596983528326,0.2036082474226804,0.13881350283292862,0.0,0.0,0.0,0.0,0,0
-1.0507936407265621,95.0,35.0,-1.0507936407265621,-1.0507936407265621,0.95,1.0698936304341804,0.733962732429631,1.4377943929159496,0.20103092783505155,0.15122945903802326,0.0,0.0,0.0,0.0,0,0
-1.0104300655994263,100.0,35.0,-1.0104300655994263,-1.0104300655994263,0.95,1.0271989071148502,0.7076820526371261,1.3971866250434861,0.26666666666666666,0.1643566755512479,0.0,0.0,0.0,0.0,0,0
-0.9572887946943129,105.0,35.0,-0.9572887946943129,-0.9572887946943129,0.95,0.9800988306653335,0.664647329637278,1.31381807450582,0.2936708860759494,0.17783328435693996,0.0,0.0,0.0,0.0,0,0
-0.8956077616453799,110.0,35.0,-0.8956077616453799,-0.8956077616453799,0.95,0.9308990095728333,0.6066825912389756,1.2103795189341995,0.31017369727047145,0.1952318144488963,0.0,0.0,0.0,0.0,0,0
-0.8375429876765764,115.0,35.0,-0.8375429876765764,-0.8375429876765764,0.95,0.8822904456574687,0.5451361204285481,1.1213711172258078,0.32,0.21190277461618232,0.0,0.0,0.0,0.0,0,0
-0.7706305203576613,120.0,35.0,-0.7706305203576613,-0.7706305203576613,0.95,0.8219779900567428,0.47480235444212926,1.0248932513554385,0.3308457711442786,0.23152607855763038,0.0,0.0,0.0,0.0,0,0
-0.700614184272889,125.0,35.0,-0.700614184272889,-0.700614184272889,0.95,0.751358884767,0.410207002260023,0.9349886705690974,0.36228287841191065,0.25580293699668405,0.0,0.0,0.0,0.0,0,0
-0.6106059398395138,130.0,35.0,-0.6106059398395138,-0.6106059398395138,0.95,0.6807817575648276,0.33064938361853685,0.8422279971333314,0.5492610837438424,0.279655079493398,0.0,0.0,0.0,0.0,0,0
-0.5406140084406225,135.0,35.0,-0.5406140084406225,-0.5406140084406225,0.95,0.6156273053639887,0.28066660024233336,0.7565013847482008,0.6492890995260664,0.30436341571050307,0.0,0.0,0.0,0.0,0,0
-0.4732609310760062,140.0,35.0,-0.4732609310760062,-0.4732609310760062,0.95,0.5469212580638887,0.23717443783784903,0.6686457408536736,0.719626168224299,0.32404898972796026,0.0,0.0,0.0,0.0,0,0
-0.4242700315171404,145.0,35.0,-0.4242700315171404,-0.4242700315171404,0.95,0.4872630241917704,0.23292261745654907,0.5884993738678839,0.7599067599067599,0.33848615595622483,0.0,0.0,0.0,0.0,0,0
-0.45562206779024533,150.0,35.0,-0.45562206779024533,-0.45562206779024533,0.95,0.6212481247131525,0.2410103088809341,0.5028994649416463,0.788546255506608,0.3331151646225207,0.0,0.0,0.0,0.0,0,0
-0.4063186658709847,155.0,35.0,-0.4063186658709847,-0.4063186658709847,0.95,0.580764542576466,0.23341850601285113,0.4172995560154087,0.8866666666666667,0.3172442823067209,0.0,0.0,0.0,0.0,0,0
-0.387623433531,160.0,35.0,-0.387623433531,-0.387623433531,0.95,0.6175899916757901,0.19268100543082803,0.3316996470891702,0.9050772626931567,0.3033027218411153,0.0,0.0,0.0,0.0,0,0
-0.40518827500889015,165.0,35.0,-0.40518827500889015,-0.40518827500889015,0.95,0.6731014794619791,0.15523350645944503,0.3466864023834968,0.8953229398663697,0.27668513018115654,0.0,0.0,0.0,0.0,0,0
-0.43488658352243137,170.0,35.0,-0.43488658352243137,-0.43488658352243137,0.95,0.6947923675884466,0.14493522037618634,0.4386995332469681,0.8893905191873589,0.24159459597768793,0.0,0.0,0.0,0.0,0,0
-0.4814326075224347,175.0,35.0,-0.4814326075224347,-0.4814326075224347,0.95,0.7253573234605968,0.1840347219166597,0.5331601897311468,0.8800904977375565,0.20532541498320594,0.0,0.0,0.0,0.0,0,0
-0.5216191137658522,180.0,35.0,-0.5216191137658522,-0.5216191137658522,0.95,0.7166258264923063,0.2439546537252874,0.6223572605596266,0.8160919540229885,0.16773895999077598,0.0,0.0,0.0,0.0,0,0
-0.5584809977669805,185.0,35.0,-0.5584809977669805,-0.5584809977669805,0.95,0.7299527726170628,0.2714118868798323,0.7086063595895737,0.7850467289719626,0.12811619336657273,0.0,0.0,0.0,0.0,0,0
-0.579295839347673,190.0,35.0,-0.579295839347673,-0.579295839347673,0.95,0.733091917990904,0.2714118868798323,0.777089804569015,0.7606635071090048,0.10269073918478595,0.0,0.0,0.0,0.0,0,0
-0.5917191040740187,195.0,35.0,-0.5917191040740187,-0.5917191040740187,0.95,0.7422411022198966,0.2714118868798323,0.802665495722228,0.7369668246445498,0.08890580473904049,0.0,0.0,0.0,0.0,0,0
-0.5234577190911359,200.0,35.0,-0.5234577190911359,-0.5234577190911359,0.95,0.5675907202236612,0.25784129253584354,0.8244297973245006,0.7414634146341463,0.07690874191684836,0.0,0.0,0.0,0.0,0,0
-0.5385931194596766,205.0,35.0,-0.5385931194596766,-0.5385931194596766,0.95,0.5921859787493371,0.2463708217353194,0.8471868988211543,0.7167070217917676,0.06671674894469486,0.0,0.0,0.0,0.0,0,0
-0.5398047132625132,210.0,35.0,-0.5398047132625132,-0.5398047132625132,0.95,0.5776098711123003,0.24474437373389657,0.8695257386765721,0.6980676328502415,0.05759342972497326,0.0,0.0,0.0,0.0,0,0
-0.5966127445548953,215.0,35.0,-0.5966127445548953,-0.5966127445548953,0.95,0.6885999022666325,0.25679972677871277,0.8898960698189183,0.655011655011655,0.05025915398762749,0.0,0.0,0.0,0.0,0,0
-0.5208988818802786,220.0,35.0,-0.5208988818802786,-0.5208988818802786,0.95,0.5135398513613428,0.2490840002839047,0.9080349308344617,0.7379679144385026,0.045427853717417546,0.0,0.0,0.0,0.0,0,0
-0.5260584253916278,225.0,35.0,-0.5260584253916278,-0.5260584253916278,0.95,0.523134825233731,0.25679972677871277,0.9182834229531549,0.7696629213483146,0.04183244651103335,0.0,0.0,0.0,0.0,0,0
-0.5389089491158078,230.0,35.0,-0.5389089491158078,-0.5389089491158078,0.95,0.5313490576624859,0.26767171809257495,0.9302787043902488,0.7311827956989247,0.039680292016740615,0.0,0.0,0.0,0.0,0,0
-0.5407678381356089,235.0,35.0,-0.5407678381356089,-0.5407678381356089,0.95,0.533002034543987,0.2688730961988065,0.940002243413083,0.7465181058495822,0.03904076589527999,0.0,0.0,0.0,0.0,0,0
-0.5466716374124165,240.0,35.0,-0.5466716374124165,-0.5466716374124165,0.95,0.5371635827558108,0.2781997040102713,0.9435903306214019,0.7364130434782609,0.03912936015077085,0.0,0.0,0.0,0.0,0,0
-0.5512838873070284,245.0,35.0,-0.5512838873070284,-0.5512838873070284,0.95,0.5356222866291587,0.2888996926260523,0.9435903306214019,0.7108753315649867,0.040476337385080524,0.0,0.0,0.0,0.0,0,0
-0.5697516499523351,250.0,35.0,-0.5697516499523351,-0.5697516499523351,0.95,0.5539711617741552,0.29975327508563177,0.94289946588506,0.625,0.0424107487978725,0.0,0.0,0.0,0.0,0,0
-0.5760311429744666,255.0,35.0,-0.5760311429744666,-0.5760311429744666,0.95,0.558887573259694,0.3102996698576108,0.9432941052130943,0.6092233009708737,0.04514732448763471,0.0,0.0,0.0,0.0,0,0
-0.5767990858319947,260.0,35.0,-0.5767990858319947,-0.5767990858319947,0.95,0.5530440768653073,0.3122216971990908,0.9527581515804151,0.6066350710900474,0.048623463300225093,0.0,0.0,0.0,0.0,0,0
-0.5756098931247006,265.0,35.0,-0.5756098931247006,-0.5756098931247006,0.95,0.5493135740574668,0.31295899793964277,0.9539750824823069,0.6084905660377359,0.05244019138755981,0.0,0.0,0.0,0.0,0,0
-0.6315332474851209,270.0,35.0,-0.6315332474851209,-0.6315332474851209,0.95,0.6826640490418213,0.31647420012966454,0.9559613337654291,0.5964125560538116,0.05541500437870974,0.0,0.0,0.0,0.0,0,0
-0.6304952344940742,275.0,35.0,-0.6304952344940742,-0.6304952344940742,0.95,0.679599876933748,0.31501184359850815,0.9579464737318285,0.5958429561200924,0.058480594549958714,0.0,0.0,0.0,0.0,0,0
-0.628206562604571,280.0,35.0,-0.628206562604571,-0.628206562604571,0.95,0.6753923821788281,0.31763172210119645,0.9499690156815371,0.5885057471264368,0.06194481034890398,0.0,0.0,0.0,0.0,0,0
-0.6269392253469149,285.0,35.0,-0.6269392253469149,-0.6269392253469149,0.95,0.6756813916129876,0.31295899793964277,0.9496051127646726,0.5897435897435898,0.06600031181249676,0.0,0.0,0.0,0.0,0,0
-0.6199606837063221,290.0,35.0,-0.6199606837063221,-0.6199606837063221,0.95,0.6631494689537828,0.31504447530668334,0.9424834827688624,0.5968109339407744,0.07088214839779597,0.0,0.0,0.0,0.0,0,0
-0.6147679395664989,295.0,35.0,-0.6147679395664989,-0.6147679395664989,0.95,0.633118492232885,0.32171571145459005,0.941267867689494,0.5422535211267606,0.07667502026977224,0.0,0.0,0.0,0.0,0,0
-0.6295942636796068,300.0,35.0,-0.6295942636796068,-0.6295942636796068,0.95,0.6555620123060603,0.34096665790128367,0.9331840743237086,0.5116822429906542,0.08310074555534315,0.0,0.0,0.0,0.0,0,0
-0.6404860881750126,305.0,35.0,-0.6404860881750126,-0.6404860881750126,0.95,0.670743127286381,0.3584038353387252,0.9256345325710401,0.4882075471698113,0.09004975124378109,0.0,0.0,0.0,0.0,0,0
-0.6456345714116777,310.0,35.0,-0.6456345714116777,-0.6456345714116777,0.95,0.7011174487420211,0.34677038584765757,0.9158757164089756,0.504739336492891,0.09894618460513162,0.0,0.0,0.0,0.0,0,0
-0.6466980464848138,315.0,35.0,-0.6466980464848138,-0.6466980464848138,0.95,0.7225887604389681,0.3354204300197776,0.9057560550066018,0.5263157894736842,0.10958783917173003,0.0,0.0,0.0,0.0,0,0
-0.6421742531534642,320.0,35.0,-0.6421742531534642,-0.6421742531534642,0.95,0.7381405395234438,0.32099965847339185,0.8945453515386514,0.5696821515892421,0.12252377638598932,0.0,0.0,0.0,0.0,0,0
-0.6390473663445825,325.0,35.0,-0.6390473663445825,-0.6390473663445825,0.95,0.7471055175050063,0.3150118435985041,0.8798828678458899,0.5851851851851851,0.13779226230155792,0.0,0.0,0.0,0.0,0,0
-0.6474852282243382,330.0,35.0,-0.6474852282243382,-0.6474852282243382,0.95,0.7735238776075164,0.31090294815311553,0.871672713425809,0.575682382133995,0.15444984673924533,0.0,0.0,0.0,0.0,0,0
-0.6610139050861027,335.0,35.0,-0.6610139050861027,-0.6610139050861027,0.95,0.8006650662954939,0.3267291721485232,0.8468416872112586,0.5264483627204031,0.17348594857777397,0.0,0.0,0.0,0.0,0,0
-0.6713259676852231,340.0,35.0,-0.6713259676852231,-0.6713259676852231,0.95,0.8278062549834715,0.3299547862313591,0.8343503483564279,0.5087281795511222,0.19436160728010576,0.0,0.0,0.0,0.0,0,0
-0.6800088704310815,345.0,35.0,-0.6800088704310815,-0.6800088704310815,0.95,0.854947443671449,0.3209847089531111,0.836704483150061,0.5139240506329114,0.20976954240552567,0.0,0.0,0.0,0.0,0,0
-0.6913201214061834,350.0,35.0,-0.6913201214061834,-0.6913201214061834,0.95,0.868518038015452,0.3407800641001995,0.8363678200514316,0.5037406483790524,0.21531236658602534,0.0,0.0,0.0,0.0,0,0
-0.6927495121876828,355.0,35.0,-0.6927495121876828,-0.6927495121876828,0.95,0.8709011883362607,0.3498971115755546,0.8281456538420258,0.5012165450121655,0.22071050642479215,0.0,0.0,0.0,0.0,0,0
-0.5838885381305176,0.0,40.0,-0.5838885381305176,-0.5838885381305176,0.95,0.7220077366398049,0.28703415600828713,0.7169529380871396,0.5591133004926109,0.2628134363665037,0.0,0.0,0.0,0.0,0,0
-0.5917534987597116,5.0,40.0,-0.5917534987597116,-0.5917534987597116,0.95,0.7452585644377688,0.30365499436453747,0.6948687425499555,0.5598086124401914,0.24058209130383756,0.0,0.0,0.0,0.0,0,0
-0.6116464450021546,10.0,40.0,-0.6116464450021546,-0.6116464450021546,0.95,0.7839695251693298,0.3278977790900979,0.6794311002702341,0.5377358490566038,0.20347177281205983,0.0,0.0,0.0,0.0,0,0
-0.6303771485072303,15.0,40.0,-0.6303771485072303,-0.6303771485072303,0.95,0.8214901117201313,0.35330025061169973,0.652880768438596,0.49764150943396224,0.1918364334219073,0.0,0.0,0.0,0.0,0,0
-0.65871577007228,20.0,40.0,-0.65871577007228,-0.65871577007228,0.95,0.8521579575642199,0.40409871042163575,0.6448772702229664,0.4439140811455847,0.1819445434457196,0.0,0.0,0.0,0.0,0,0
-0.7263302417702181,25.0,40.0,-0.7263302417702181,-0.7263302417702181,0.95,0.8747762342553883,0.5291112346268467,0.7024560825185004,0.3147208121827411,0.17549839892573083,0.0,0.0,0.0,0.0,0,0
-0.7670363024753398,30.0,40.0,-0.7670363024753398,-0.7670363024753398,0.95,0.8928820332710422,0.5599387600046408,0.7879285299963845,0.2708333333333333,0.17323044172432145,0.0,0.0,0.0,0.0,0,0
-0.7723913234151673,35.0,40.0,-0.7723913234151673,-0.7723913234151673,0.95,0.9095660807652968,0.5742595143472093,0.7418653350630778,0.20466321243523317,0.1697622942931383,0.0,0.0,0.0,0.0,0,0
-0.7816133501960856,40.0,40.0,-0.7816133501960856,-0.7816133501960856,0.95,0.9168887913770363,0.6081917156952789,0.7316416289360569,0.20100502512562815,0.16623344473325907,0.0,0.0,0.0,0.0,0,0
-0.8010080292858234,45.0,40.0,-0.8010080292858234,-0.8010080292858234,0.95,0.9120468274821263,0.6520734286772707,0.774295855174721,0.2040302267002519,0.16050269299820466,0.0,0.0,0.0,0.0,0,0
-0.8433242483248846,50.0,40.0,-0.8433242483248846,-0.8433242483248846,0.95,0.9449812291779252,0.697865250785318,0.8559990892623759,0.23134328358208955,0.15431472081218275,0.0,0.0,0.0,0.0,0,0
-0.8827898295524854,55.0,40.0,-0.8827898295524854,-0.8827898295524854,0.95,1.0057989298832926,0.7377788808239213,0.8992386259995512,0.2878411910669975,0.14935193290599497,0.0,0.0,0.0,0.0,0,0
-0.8912650031976557,60.0,40.0,-0.8912650031976557,-0.8912650031976557,0.95,1.0496953990532907,0.6594752466328873,0.9634271160715422,0.3433874709976798,0.14714664897146648,0.0,0.0,0.0,0.0,0,0
-0.922169624582989,65.0,40.0,-0.922169624582989,-0.922169624582989,0.95,1.0928479628397882,0.6599826263255338,1.0183879793890283,0.3456221198156682,0.14553008907234413,0.0,0.0,0.0,0.0,0,0
-0.928637968871401,70.0,40.0,-0.928637968871401,-0.928637968871401,0.95,1.1034087638345924,0.6371919860314769,1.0532453592356383,0.3533487297921478,0.14788505870369378,0.0,0.0,0.0,0.0,0,0
-0.9953755208931065,75.0,40.0,-0.9953755208931065,-0.9953755208931065,0.95,1.1203404922690594,0.648442582218028,1.252023665130553,0.27877237851662406,0.15280433397068197,0.0,0.0,0.0,0.0,0,0
-0.9581418553841259,80.0,40.0,-0.9581418553841259,-0.9581418553841259,0.95,1.0848080378163696,0.6186995158640523,1.1660538330450478,0.2196969696969697,0.16124330913137952,0.0,0.0,0.0,0.0,0,0
-0.9286252253486877,85.0,40.0,-0.9286252253486877,-0.9286252253486877,0.95,1.0443760994856692,0.5753852065997399,1.153756252998293,0.2141057934508816,0.17579617834394903,0.0,0.0,0.0,0.0,0,0
-0.8959737649125258,90.0,40.0,-0.8959737649125258,-0.8959737649125258,0.95,0.9921212841410689,0.5344986837178614,1.1454194067336665,0.20854271356783918,0.18996425332123992,0.0,0.0,0.0,0.0,0,0
-0.8464418454912481,95.0,40.0,-0.8464418454912481,-0.8464418454912481,0.95,0.9118269228601548,0.4886474027698302,1.1268668533578308,0.22167487684729065,0.20193596825226579,0.0,0.0,0.0,0.0,0,0
-0.8030085479326224,100.0,40.0,-0.8030085479326224,-0.8030085479326224,0.95,0.855999089262375,0.4609429814054656,1.1023771883897446,0.3022113022113022,0.21386331110091,0.0,0.0,0.0,0.0,0,0
-0.7653857602715006,105.0,40.0,-0.7653857602715006,-0.7653857602715006,0.95,0.8227352919428685,0.42367669097927885,1.0616358683995937,0.35036496350364965,0.22863445721444522,0.0,0.0,0.0,0.0,0,0
-0.7201825159916591,110.0,40.0,-0.7201825159916591,-0.7201825159916591,0.95,0.7810991689519184,0.38335731299687725,1.0119172591307966,0.41075794621026895,0.24386477692604644,0.0,0.0,0.0,0.0,0,0
-0.6655636503715776,115.0,40.0,-0.6655636503715776,-0.6655636503715776,0.95,0.7387495647826754,0.3443390332891228,0.9402958265887024,0.5109489051094891,0.2587143693053582,0.0,0.0,0.0,0.0,0,0
-0.6199890890841726,120.0,40.0,-0.6199890890841726,-0.6199890890841726,0.95,0.6954188117076027,0.3194396057474032,0.8696384194116021,0.5544794188861986,0.2769200372576138,0.0,0.0,0.0,0.0,0,0
-0.5628893625108461,125.0,40.0,-0.5628893625108461,-0.5628893625108461,0.95,0.641999316946781,0.2874881440463359,0.7954069842480521,0.6463414634146342,0.2989468851330024,0.0,0.0,0.0,0.0,0,0
-0.504282752923484,130.0,40.0,-0.504282752923484,-0.504282752923484,0.95,0.5868541887997353,0.24498765212830548,0.7190303160226397,0.7146341463414634,0.32026869158878507,0.0,0.0,0.0,0.0,0,0
-0.4528984982613951,135.0,40.0,-0.4528984982613951,-0.4528984982613951,0.95,0.5315908594385158,0.2152331942672808,0.6416679582388862,0.7396313364055299,0.3408834195351049,0.0,0.0,0.0,0.0,0,0
-0.40553512703138805,140.0,40.0,-0.40553512703138805,-0.40553512703138805,0.95,0.4818912865433121,0.19264040025743123,0.56630815078131,0.7695852534562212,0.34843351821316143,0.0,0.0,0.0,0.0,0,0
-0.37445493520469764,145.0,40.0,-0.37445493520469764,-0.37445493520469764,0.95,0.4566050854146043,0.20355891515987423,0.49219947632586614,0.8212669683257918,0.3459013936760078,0.0,0.0,0.0,0.0,0,0
-0.3343131032673572,150.0,40.0,-0.3343131032673572,-0.3343131032673572,0.95,0.42019482709879274,0.20355891515987423,0.41951095049803394,0.8953229398663697,0.3416813603897074,0.0,0.0,0.0,0.0,0,0
-0.30386236625777574,155.0,40.0,-0.30386236625777574,-0.30386236625777574,0.95,0.3971670566066558,0.20329978369981383,0.3530996243207305,0.9410430839002267,0.33361964280425316,0.0,0.0,0.0,0.0,0,0
-0.3220352977708745,160.0,40.0,-0.3220352977708745,-0.3220352977708745,0.95,0.464114326564504,0.1628471321278937,0.3543358504112079,0.9290617848970252,0.31037272464605603,0.0,0.0,0.0,0.0,0,0
-0.34124811706455216,165.0,40.0,-0.34124811706455216,-0.34124811706455216,0.95,0.4544406425949976,0.17141012908146674,0.4386995332469681,0.9305555555555556,0.2808530832146945,0.0,0.0,0.0,0.0,0,0
-0.3795904932001826,170.0,40.0,-0.3795904932001826,-0.3795904932001826,0.95,0.5206903298145524,0.13909985200513653,0.5135994535574264,0.9186046511627907,0.2490352663736735,0.0,0.0,0.0,0.0,0,0
-0.421516759216107,175.0,40.0,-0.421516759216107,-0.421516759216107,0.95,0.541712143552545,0.20329978369981383,0.5777993852521037,0.9044289044289044,0.2162508325221579,0.0,0.0,0.0,0.0,0,0
-0.46396910949649456,180.0,40.0,-0.46396910949649456,-0.46396910949649456,0.95,0.5748740821479653,0.23070010384785178,0.64202082870611,0.8416075650118203,0.18310238456642022,0.0,0.0,0.0,0.0,0,0
-0.49148234778872973,185.0,40.0,-0.49148234778872973,-0.49148234778872973,0.95,0.608584683608456,0.23070010384785178,0.685121478497738,0.8090692124105012,0.14726774687775662,0.0,0.0,0.0,0.0,0,0
-0.4944797455586568,190.0,40.0,-0.4944797455586568,-0.4944797455586568,0.95,0.578609825560803,0.23070010384785178,0.7406645686817048,0.7980535279805353,0.1227217496962333,0.0,0.0,0.0,0.0,0,0
-0.49219681233067203,195.0,40.0,-0.49219681233067203,-0.49219681233067203,0.95,0.5455378638317727,0.21818153662235773,0.7928068589645557,0.7876543209876543,0.10808294540837918,0.0,0.0,0.0,0.0,0,0
-0.4856631557676106,200.0,40.0,-0.4856631557676106,-0.4856631557676106,0.95,0.5133274867295681,0.21712950950387722,0.8131991347992562,0.7725,0.09732266189973186,0.0,0.0,0.0,0.0,0,0
-0.49827503775756743,205.0,40.0,-0.49827503775756743,-0.49827503775756743,0.95,0.5321820376747091,0.20800977871991955,0.8345991120308156,0.7525,0.08617414971314445,0.0,0.0,0.0,0.0,0,0
-0.5082369718135044,210.0,40.0,-0.5082369718135044,-0.5082369718135044,0.95,0.5397492260730279,0.21399977231559397,0.8471607676136382,0.7295285359801489,0.07683418894087783,0.0,0.0,0.0,0.0,0,0
-0.5693194484643314,215.0,40.0,-0.5693194484643314,-0.5693194484643314,0.95,0.6572984465429252,0.22968504949148774,0.8666990778781551,0.6769596199524941,0.0690796733612889,0.0,0.0,0.0,0.0,0,0
-0.5360165170595426,220.0,40.0,-0.5360165170595426,-0.5360165170595426,0.95,0.5623254034552797,0.2341362702844962,0.884355493888641,0.6853658536585366,0.06391044990656893,0.0,0.0,0.0,0.0,0,0
-0.49815079828980885,225.0,40.0,-0.49815079828980885,-0.49815079828980885,0.95,0.48817631523737753,0.22469976093137412,0.8987990437254947,0.7799442896935933,0.0604857913954596,0.0,0.0,0.0,0.0,0,0
-0.5002455920581578,230.0,40.0,-0.5002455920581578,-0.5002455920581578,0.95,0.4902271384063247,0.2251488870148791,0.9103272026247755,0.7971428571428572,0.058838866678254824,0.0,0.0,0.0,0.0,0,0
-0.5107166187641576,235.0,40.0,-0.5107166187641576,-0.5107166187641576,0.95,0.49233777535158413,0.23889431002957223,0.9212041001551314,0.7624309392265194,0.05729229392839324,0.0,0.0,0.0,0.0,0,0
-0.5143925544289435,240.0,40.0,-0.5143925544289435,-0.5143925544289435,0.95,0.49259715598657405,0.24703273282416643,0.9256787386097922,0.7582417582417582,0.05721809911419679,0.0,0.0,0.0,0.0,0,0
-0.521238664475033,245.0,40.0,-0.521238664475033,-0.521238664475033,0.95,0.49831852775698987,0.25679972677871277,0.934755901235375,0.7597765363128491,0.057207691388988416,0.0,0.0,0.0,0.0,0,0
-0.527228080764454,250.0,40.0,-0.527228080764454,-0.527228080764454,0.95,0.4989708122434386,0.2674997153944929,0.9339683989829124,0.7272727272727273,0.05819716961783004,0.0,0.0,0.0,0.0,0,0
-0.5357324013597896,255.0,40.0,-0.5357324013597896,-0.5357324013597896,0.95,0.5135085605326271,0.27380648309569,0.9342262174712151,0.7167919799498746,0.0608571575925321,0.0,0.0,0.0,0.0,0,0
-0.5336269740694951,260.0,40.0,-0.5336269740694951,-0.5336269740694951,0.95,0.5108516505141676,0.2755197324699407,0.9267740378368565,0.7128712871287128,0.06405249179815654,0.0,0.0,0.0,0.0,0,0
-0.5301349744010977,265.0,40.0,-0.5301349744010977,-0.5301349744010977,0.95,0.5003862012634638,0.2781997040102713,0.9260359970627733,0.7107843137254902,0.06751269927759126,0.0,0.0,0.0,0.0,0,0
-0.5285968049906822,270.0,40.0,-0.5285968049906822,-0.5285968049906822,0.95,0.49547208594643877,0.2781997040102713,0.9256706212605399,0.7055961070559611,0.0703040028528127,0.0,0.0,0.0,0.0,0,0
-0.5248078559754759,275.0,40.0,-0.5248078559754759,-0.5248078559754759,0.95,0.4861280516587329,0.2781997040102713,0.9255797784141301,0.7058823529411765,0.07347123933950281,0.0,0.0,0.0,0.0,0,0
-0.5203883891038228,280.0,40.0,-0.5203883891038228,-0.5203883891038228,0.95,0.4788431821085618,0.27597123673920104,0.9205143093834722,0.7027027027027027,0.07710111652193234,0.0,0.0,0.0,0.0,0,0
-0.5396057455217208,285.0,40.0,-0.5396057455217208,-0.5396057455217208,0.95,0.5256134735124042,0.27597123673920104,0.917365175794661,0.6897374701670644,0.08146616327382421,0.0,0.0,0.0,0.0,0,0
-0.530172415605517,290.0,40.0,-0.530172415605517,-0.530172415605517,0.95,0.5048977678153795,0.2714118868798323,0.9172359680645232,0.6894865525672371,0.08648227502921699,0.0,0.0,0.0,0.0,0,0
-0.5383327754132072,295.0,40.0,-0.5383327754132072,-0.5383327754132072,0.95,0.5117892039080072,0.29855307556780986,0.9090860315395244,0.6829268292682927,0.09268675013565385,0.0,0.0,0.0,0.0,0,0
-0.5431094008457127,300.0,40.0,-0.5431094008457127,-0.5431094008457127,0.95,0.5040862251582722,0.29959968124183245,0.9090860315395244,0.6069651741293532,0.09949493899777608,0.0,0.0,0.0,0.0,0,0
-0.5642445869113378,305.0,40.0,-0.5642445869113378,-0.5642445869113378,0.95,0.5475925156536645,0.31667541892099527,0.9007885670448291,0.5915841584158416,0.10733719122473658,0.0,0.0,0.0,0.0,0,0
-0.5680126704227534,310.0,40.0,-0.5680126704227534,-0.5680126704227534,0.95,0.5600499642283521,0.318663262668526,0.8959039674851942,0.5964912280701754,0.11651359625427697,0.0,0.0,0.0,0.0,0,0
-0.562024314478059,315.0,40.0,-0.562024314478059,-0.562024314478059,0.95,0.5562468995391274,0.3102996698576108,0.8928658399312618,0.6126582278481013,0.12686338694863764,0.0,0.0,0.0,0.0,0,0
-0.5612555058594179,320.0,40.0,-0.5612555058594179,-0.5612555058594179,0.95,0.5631659803970408,0.30021423113733237,0.8898960698189201,0.6153846153846154,0.13897221051587794,0.0,0.0,0.0,0.0,0,0
-0.5709709243326764,325.0,40.0,-0.5709709243326764,-0.5709709243326764,0.95,0.5971061511356197,0.2890589689767407,0.8798693943089939,0.6010362694300518,0.15306149206765438,0.0,0.0,0.0,0.0,0,0
-0.5881544892149738,330.0,40.0,-0.5881544892149738,-0.5881544892149738,0.95,0.6290512805957988,0.3113828234626238,0.8625881359903853,0.5695876288659794,0.17002809692046625,0.0,0.0,0.0,0.0,0,0
-0.5948182173143248,335.0,40.0,-0.5948182173143248,-0.5948182173143248,0.95,0.6513885285116032,0.30052823325242123,0.8463931202564426,0.5246753246753246,0.18933665450879222,0.0,0.0,0.0,0.0,0,0
-0.5982397598168769,340.0,40.0,-0.5982397598168769,-0.5982397598168769,0.95,0.6785297171995524,0.2927873683331881,0.8238991234150363,0.5234375,0.20916296766011414,0.0,0.0,0.0,0.0,0,0
-0.599031118168986,345.0,40.0,-0.599031118168986,-0.599031118168986,0.95,0.6923690644513273,0.2951612482408096,0.802499146183477,0.5233160621761658,0.2252866544541692,0.0,0.0,0.0,0.0,0,0
-0.6003909634768829,350.0,40.0,-0.6003909634768829,-0.6003909634768829,0.95,0.7144917922111415,0.2941471304594153,0.7735082064257545,0.5231958762886598,0.24211099020674645,0.0,0.0,0.0,0.0,0,0
-0.5863407376521376,355.0,40.0,-0.5863407376521376,-0.5863407376521376,0.95,0.7158843427626707,0.2714118868798323,0.7450774686919034,0.5413533834586466,0.2567935303361312,0.0,0.0,0.0,0.0,0,0
-0.5352469793454115,0.0,45.0,-0.5352469793454115,-0.5352469793454115,0.95,0.6079326891311513,0.28240651119636306,0.7062774530900042,0.5509708737864077,0.2667675826734979,0.0,0.0,0.0,0.0,0,0
-0.5304597217890001,5.0,45.0,-0.5304597217890001,-0.5304597217890001,0.95,0.6468492164370601,0.2670888520245845,0.6539376302955346,0.5853658536585366,0.2490519309650956,0.0,0.0,0.0,0.0,0,0
-0.5372799725410325,10.0,45.0,-0.5372799725410325,-0.5372799725410325,0.95,0.6856049240479426,0.290749781944535,0.6027483835890406,0.6033653846153846,0.2208439557094479,0.0,0.0,0.0,0.0,0,0
-0.5457341170618025,15.0,45.0,-0.5457341170618025,-0.5457341170618025,0.95,0.7080075382898245,0.3071872308079162,0.5666659897348968,0.559322033898305,0.20528175562581366,0.0,0.0,0.0,0.0,0,0
-0.5599812792091812,20.0,45.0,-0.5599812792091812,-0.5599812792091812,0.95,0.7311598336289813,0.34002652471827677,0.5329136717092068,0.507177033492823,0.19900533633426506,0.0,0.0,0.0,0.0,0,0
-0.5785748939629881,25.0,45.0,-0.5785748939629881,-0.5785748939629881,0.95,0.7488258868765784,0.3937112157104765,0.5026122195893139,0.45036319612590797,0.19505796433509412,0.0,0.0,0.0,0.0,0,0
-0.6341687508355068,30.0,45.0,-0.6341687508355068,-0.6341687508355068,0.95,0.7670284232178729,0.4478296133517006,0.5952760053867173,0.3341902313624679,0.19321881277273673,0.0,0.0,0.0,0.0,0,0
-0.6362533725742923,35.0,45.0,-0.6362533725742923,-0.6362533725742923,0.95,0.7837166914678269,0.44886654027975426,0.5711004994233674,0.32225063938618925,0.1896993393555346,0.0,0.0,0.0,0.0,0,0
-0.6649234006658395,40.0,45.0,-0.6649234006658395,-0.6649234006658395,0.95,0.7857164023420181,0.4816906867440209,0.6191022862071955,0.24561403508771928,0.18664832285115304,0.0,0.0,0.0,0.0,0,0
-0.6653531718042024,45.0,45.0,-0.6653531718042024,-0.6653531718042024,0.95,0.7877033695215552,0.5011639572613856,0.6206215930850252,0.30174563591022446,0.18566723162035112,0.0,0.0,0.0,0.0,0,0
-0.686586521931945,50.0,45.0,-0.686586521931945,-0.686586521931945,0.95,0.8022320164089951,0.5328356177797686,0.6780873918417674,0.37037037037037035,0.18360471645143178,0.0,0.0,0.0,0.0,0,0
-0.7290404646200732,55.0,45.0,-0.7290404646200732,-0.7290404646200732,0.95,0.8469531706213833,0.586671390458831,0.7275992258730195,0.38308457711442784,0.17870641306998294,0.0,0.0,0.0,0.0,0,0
-0.7416958428697632,60.0,45.0,-0.7416958428697632,-0.7416958428697632,0.95,0.8870824742193577,0.5354843169396701,0.7784742728219032,0.41626794258373206,0.17555608706051185,0.0,0.0,0.0,0.0,0,0
-0.7610971675109238,65.0,45.0,-0.7610971675109238,-0.7610971675109238,0.95,0.9088155198723479,0.5339141265976072,0.8238991234150372,0.4188235294117647,0.17659016586630527,0.0,0.0,0.0,0.0,0,0
-0.7688527865010613,70.0,45.0,-0.7688527865010613,-0.7688527865010613,0.95,0.9211851500679192,0.5157285825906449,0.8559990892623759,0.425531914893617,0.1816190643069914,0.0,0.0,0.0,0.0,0,0
-0.7686607539970947,75.0,45.0,-0.7686607539970947,-0.7686607539970947,0.95,0.9240707845094404,0.49883707349508366,0.8701898835398727,0.4322429906542056,0.19216760395116408,0.0,0.0,0.0,0.0,0,0
-0.7638913636170787,80.0,45.0,-0.7638913636170787,-0.7638913636170787,0.95,0.908974491693276,0.47778862005914535,0.8989372781849154,0.4387990762124711,0.20544713078939703,0.0,0.0,0.0,0.0,0,0
-0.7475971716159349,85.0,45.0,-0.7475971716159349,-0.7475971716159349,0.95,0.8728056999584903,0.44987020205474676,0.9187957196155953,0.4369158878504673,0.21907096171802054,0.0,0.0,0.0,0.0,0,0
-0.7247017430796409,90.0,45.0,-0.7247017430796409,-0.7247017430796409,0.95,0.8411746452959792,0.410421393715275,0.9196623232858986,0.4428904428904429,0.23310405385628566,0.0,0.0,0.0,0.0,0,0
-0.692378297579774,95.0,45.0,-0.692378297579774,-0.692378297579774,0.95,0.7939962880880387,0.3753143208908292,0.9075635091834605,0.4593967517401392,0.24578065274919142,0.0,0.0,0.0,0.0,0,0
-0.647131040080291,100.0,45.0,-0.647131040080291,-0.647131040080291,0.95,0.7398137870318209,0.33411126048049056,0.888385259194411,0.5441860465116279,0.2575166873412487,0.0,0.0,0.0,0.0,0,0
-0.6095963726997602,105.0,45.0,-0.6095963726997602,-0.6095963726997602,0.95,0.69549926002568,0.3037142198211267,0.8578633433195144,0.5899772209567198,0.27198668014509125,0.0,0.0,0.0,0.0,0,0
-0.574224572489057,110.0,45.0,-0.574224572489057,-0.574224572489057,0.95,0.6527627831156657,0.27857871355612684,0.8238991234150363,0.625,0.2855647284039244,0.0,0.0,0.0,0.0,0,0
-0.5405538474906375,115.0,45.0,-0.5405538474906375,-0.5405538474906375,0.95,0.6205993397152225,0.2524780945293319,0.7769635370740471,0.6504629629629629,0.30141822570911286,0.0,0.0,0.0,0.0,0,0
-0.511385142204484,120.0,45.0,-0.511385142204484,-0.511385142204484,0.95,0.588499373867883,0.2348012346451974,0.7382992144887988,0.6728971962616822,0.3203465844952253,0.0,0.0,0.0,0.0,0,0
-0.4722593276567517,125.0,45.0,-0.4722593276567517,-0.4722593276567517,0.95,0.5456994194047642,0.22439851283820947,0.6759020111234589,0.710955710955711,0.33305678466076694,0.0,0.0,0.0,0.0,0,0
-0.4281400858702348,130.0,45.0,-0.4281400858702348,-0.4281400858702348,0.95,0.5028994649416454,0.2057777375686822,0.6104003427395692,0.7706422018348624,0.3387942737257806,0.0,0.0,0.0,0.0,0,0
-0.3831215869230536,135.0,45.0,-0.3831215869230536,-0.3831215869230536,0.95,0.45223112647875324,0.18366398768003273,0.5430095669919708,0.794392523364486,0.34384965478807394,0.0,0.0,0.0,0.0,0,0
-0.334964472737853,140.0,45.0,-0.334964472737853,-0.334964472737853,0.95,0.40659956739962855,0.16319827878582996,0.472704519782851,0.8665105386416861,0.35061497742487935,0.0,0.0,0.0,0.0,0,0
-0.30735200811835117,145.0,45.0,-0.30735200811835117,-0.30735200811835117,0.95,0.38649433445158093,0.1628471321278937,0.41020700226001844,0.9050925925925926,0.3524966430378166,0.0,0.0,0.0,0.0,0,0
-0.27373015348462115,150.0,45.0,-0.27373015348462115,-0.27373015348462115,0.95,0.34239963570495036,0.17641772647186826,0.3557101993106584,0.9626168224299065,0.3466588038114156,0.0,0.0,0.0,0.0,0,0
-0.26526102882081876,155.0,45.0,-0.26526102882081876,-0.26526102882081876,0.95,0.32000491831042555,0.17641772647189669,0.3557566928168051,0.9578454332552693,0.32598904443091903,0.0,0.0,0.0,0.0,0,0
-0.28336680423846783,160.0,45.0,-0.28336680423846783,-0.28336680423846783,0.95,0.33491527629644113,0.1714683237590068,0.40659956739962855,0.9511627906976744,0.3003076741021241,0.0,0.0,0.0,0.0,0,0
-0.3000556636869768,165.0,45.0,-0.3000556636869768,-0.3000556636869768,0.95,0.34195469636284126,0.16257733161389853,0.4707994990943076,0.9507042253521126,0.2740991507918292,0.0,0.0,0.0,0.0,0,0
-0.33028371452507727,170.0,45.0,-0.33028371452507727,-0.33028371452507727,0.95,0.3748360740266402,0.16364889370282198,0.5349994307889858,0.943127962085308,0.24705198472014617,0.0,0.0,0.0,0.0,0,0
-0.37266400087037516,175.0,45.0,-0.37266400087037516,-0.37266400087037516,0.95,0.41514801037625876,0.18998832081587125,0.5991993624836631,0.9069212410501193,0.22585828289861282,0.0,0.0,0.0,0.0,0,0
-0.40275829090722576,180.0,45.0,-0.40275829090722576,-0.40275829090722576,0.95,0.45023135497066336,0.18998832081588546,0.64202082870611,0.8533653846153846,0.19758812615955473,0.0,0.0,0.0,0.0,0,0
-0.42235315509295257,185.0,45.0,-0.42235315509295257,-0.42235315509295257,0.95,0.4683863846837136,0.18998832081589967,0.6847992714099007,0.8369829683698297,0.1666296816825702,0.0,0.0,0.0,0.0,0,0
-0.4373327662288472,190.0,45.0,-0.4373327662288472,-0.4373327662288472,0.95,0.4780969517729738,0.18998832081587125,0.7234516606716264,0.8226600985221675,0.14326539288160411,0.0,0.0,0.0,0.0,0,0
-0.4508512530759466,195.0,45.0,-0.4508512530759466,-0.4508512530759466,0.95,0.47475158524440764,0.18998832081587125,0.7812700744923287,0.818639798488665,0.1265027446354852,0.0,0.0,0.0,0.0,0,0
-0.46689325694491746,200.0,45.0,-0.46689325694491746,-0.46689325694491746,0.95,0.4990879449091223,0.18391352238643252,0.8024991461834778,0.7934508816120907,0.11629384571566286,0.0,0.0,0.0,0.0,0,0
-0.4753262738875132,205.0,45.0,-0.4753262738875132,-0.4753262738875132,0.95,0.5098760320226841,0.18240531961551212,0.8131991347992562,0.7752525252525253,0.10659855438031245,0.0,0.0,0.0,0.0,0,0
-0.48245682627015646,210.0,45.0,-0.48245682627015646,-0.48245682627015646,0.95,0.5054265623021705,0.19212944971151485,0.8345991120308156,0.7639593908629442,0.09754391739005225,0.0,0.0,0.0,0.0,0,0
-0.4927581113384333,215.0,45.0,-0.4927581113384333,-0.4927581113384333,0.95,0.5139151823454231,0.1960881399312389,0.8453382415179184,0.7316455696202532,0.08993288590604027,0.0,0.0,0.0,0.0,0,0
-0.4960064432853071,220.0,45.0,-0.4960064432853071,-0.4960064432853071,0.95,0.5087282052534301,0.2037522100082352,0.8572175256365957,0.7272727272727273,0.08362389813907933,0.0,0.0,0.0,0.0,0,0
-0.5098594132955699,225.0,45.0,-0.5098594132955699,-0.5098594132955699,0.95,0.5215195375281704,0.21432411862322187,0.8773990664939353,0.7167919799498746,0.07955464807181108,0.0,0.0,0.0,0.0,0,0
-0.4856139183048303,230.0,45.0,-0.4856139183048303,-0.4856139183048303,0.95,0.47304909920735966,0.21350015882534504,0.8880990551097145,0.7900552486187845,0.07691868975874984,0.0,0.0,0.0,0.0,0,0
-0.4901035583396309,235.0,45.0,-0.4901035583396309,-0.4901035583396309,0.95,0.47869392126754534,0.21442962384422254,0.8989475749228483,0.7971830985915493,0.07531396509197719,0.0,0.0,0.0,0.0,0,0
-0.4941466835437414,240.0,45.0,-0.4941466835437414,-0.4941466835437414,0.95,0.47859026865265264,0.2207697159640128,0.9080501164565961,0.7949438202247191,0.0748025601676835,0.0,0.0,0.0,0.0,0,0
-0.4974820849508506,245.0,45.0,-0.4974820849508506,-0.4974820849508506,0.95,0.47801864835852675,0.22469976093137323,0.914210896194519,0.7845303867403315,0.0749794423263811,0.0,0.0,0.0,0.0,0,0
-0.5002841732325343,250.0,45.0,-0.5002841732325343,-0.5002841732325343,0.95,0.47488936577718144,0.22572109052341674,0.9200370616076746,0.7611111111111111,0.07559976813328596,0.0,0.0,0.0,0.0,0,0
-0.5125121357941955,255.0,45.0,-0.5125121357941955,-0.5125121357941955,0.95,0.48315597896171186,0.24157735527249077,0.9285513925579185,0.732824427480916,0.0774234789802211,0.0,0.0,0.0,0.0,0,0
-0.5105571120124379,260.0,45.0,-0.5105571120124379,-0.5105571120124379,0.95,0.4773018710302985,0.24194122074687105,0.9323004361860485,0.739240506329114,0.08073968705547653,0.0,0.0,0.0,0.0,0,0
-0.5045228598275682,265.0,45.0,-0.5045228598275682,-0.5045228598275682,0.95,0.4693676056446181,0.23637492088491152,0.9333461504410926,0.756544502617801,0.08372967167842897,0.0,0.0,0.0,0.0,0,0
-0.5101179489900184,270.0,45.0,-0.5101179489900184,-0.5101179489900184,0.95,0.4738059901976616,0.24583041277725104,0.9342262174712151,0.7441860465116279,0.08641471285819823,0.0,0.0,0.0,0.0,0,0
-0.5029943839746581,275.0,45.0,-0.5029943839746581,-0.5029943839746581,0.95,0.46291826939451575,0.23889431002957268,0.9339683989829124,0.7538860103626943,0.08944020858847232,0.0,0.0,0.0,0.0,0,0
-0.5048513590278129,280.0,45.0,-0.5048513590278129,-0.5048513590278129,0.95,0.4663915208127966,0.23889431002957268,0.9291826519648777,0.7372448979591837,0.09311586187478632,0.0,0.0,0.0,0.0,0,0
-0.4976000091457336,285.0,45.0,-0.4976000091457336,-0.4976000091457336,0.95,0.45648332526409785,0.23560726676257215,0.9267330740764689,0.7557840616966581,0.09744359665179031,0.0,0.0,0.0,0.0,0,0
-0.4975253032990679,290.0,45.0,-0.4975253032990679,-0.4975253032990679,0.95,0.45897198677487727,0.23546619900589802,0.9256782929341174,0.7634961439588689,0.10302148565163304,0.0,0.0,0.0,0.0,0,0
-0.49325737322087615,295.0,45.0,-0.49325737322087615,-0.49325737322087615,0.95,0.44884916162892013,0.24949830974911283,0.9255797784141301,0.8005181347150259,0.10900299232403833,0.0,0.0,0.0,0.0,0,0
-0.4966963744331079,300.0,45.0,-0.4966963744331079,-0.4966963744331079,0.95,0.4489655604213039,0.2714118868798323,0.9172359680645232,0.8005181347150259,0.11576029862089005,0.0,0.0,0.0,0.0,0,0
-0.4970339131657616,305.0,45.0,-0.4970339131657616,-0.4970339131657616,0.95,0.4450232195773082,0.28498248122380687,0.9100770590765854,0.7974025974025974,0.12323862323862324,0.0,0.0,0.0,0.0,0,0
-0.513573261138296,310.0,45.0,-0.513573261138296,-0.513573261138296,0.95,0.449283545609721,0.29175414594666954,0.9010495667162323,0.6434108527131783,0.13223120666074814,0.0,0.0,0.0,0.0,0,0
-0.509693087220857,315.0,45.0,-0.509693087220857,-0.509693087220857,0.95,0.4459063437062181,0.2881785049349144,0.891211935488381,0.6351706036745407,0.1424678766061697,0.0,0.0,0.0,0.0,0,0
-0.5088240598991787,320.0,45.0,-0.5088240598991787,-0.5088240598991787,0.95,0.46140020769570356,0.27663451745781165,0.8737195428600779,0.633245382585752,0.15479649260567988,0.0,0.0,0.0,0.0,0,0
-0.5205395940962863,325.0,45.0,-0.5205395940962863,-0.5205395940962863,0.95,0.4885413963837095,0.28103591266737094,0.8661753896088256,0.6167979002624672,0.1688233193219594,0.0,0.0,0.0,0.0,0,0
-0.5341475087632189,330.0,45.0,-0.5341475087632189,-0.5341475087632189,0.95,0.5156825850716871,0.29559236349424356,0.8516950091281433,0.5894736842105263,0.18461894834375725,0.0,0.0,0.0,0.0,0,0
-0.5422609416501835,335.0,45.0,-0.5422609416501835,-0.5422609416501835,0.95,0.5428237737596362,0.2802336757198838,0.8346156602924877,0.5358090185676393,0.20185423168716723,0.0,0.0,0.0,0.0,0,0
-0.5402596303345811,340.0,45.0,-0.5402596303345811,-0.5402596303345811,0.95,0.5563943681036392,0.27250201459452217,0.8131991347992562,0.5372340425531915,0.21949163532615742,0.0,0.0,0.0,0.0,0,0
-0.5448205358876596,345.0,45.0,-0.5448205358876596,-0.5448205358876596,0.95,0.5699649624476422,0.2865452254796341,0.7918166002020205,0.5275590551181102,0.23750860289057124,0.0,0.0,0.0,0.0,0,0
-0.5408520854866943,350.0,45.0,-0.5408520854866943,-0.5408520854866943,0.95,0.5835355567916167,0.2722542403070743,0.7704171074139431,0.5322997416020672,0.25673059360730593,0.0,0.0,0.0,0.0,0,0
-0.5285726884161959,355.0,45.0,-0.5285726884161959,-0.5285726884161959,0.95,0.5936266593486429,0.2333935909693369,0.7520663747452905,0.5524296675191815,0.27097661623108665,0.0,0.0,0.0,0.0,0,0
-0.5047499214963267,0.0,50.0,-0.5047499214963267,-0.5047499214963267,0.95,0.5370645902253096,0.27476580653661387,0.7167153761639923,0.5794621026894865,0.2695203516147525,0.0,0.0,0.0,0.0,0,0
-0.4986697055370212,5.0,50.0,-0.4986697055370212,-0.4986697055370212,0.95,0.563848071421326,0.2650337526174964,0.6692357280720007,0.6043689320388349,0.2598123683706682,0.0,0.0,0.0,0.0,0,0
-0.4959408633128475,10.0,50.0,-0.4959408633128475,-0.4959408633128475,0.95,0.5926167862026638,0.2631448928003186,0.6221878000877846,0.624390243902439,0.23769003857499432,0.0,0.0,0.0,0.0,0,0
-0.4971836696005287,15.0,50.0,-0.4971836696005287,-0.4971836696005287,0.95,0.6168219057333567,0.2773429587435545,0.572142518151037,0.6191646191646192,0.21857658932628207,0.0,0.0,0.0,0.0,0,0
-0.49586497539978525,20.0,50.0,-0.49586497539978525,-0.49586497539978525,0.95,0.6308616461580656,0.2795205170194157,0.5245361807022502,0.5749385749385749,0.21382518865850977,0.0,0.0,0.0,0.0,0,0
-0.5068172328796912,25.0,50.0,-0.5068172328796912,-0.5068172328796912,0.95,0.6492758104556752,0.32353827053223266,0.47418031780268394,0.5232273838630807,0.21010159233374162,0.0,0.0,0.0,0.0,0,0
-0.5378262082781707,30.0,50.0,-0.5378262082781707,-0.5378262082781707,0.95,0.6672990476201099,0.36353067825104296,0.5062849369814844,0.46547314578005117,0.2113584798638684,0.0,0.0,0.0,0.0,0,0
-0.5364541250103889,35.0,50.0,-0.5364541250103889,-0.5364541250103889,0.95,0.676682437781672,0.36574106567438514,0.46345948328358416,0.4151898734177215,0.21029129600558172,0.0,0.0,0.0,0.0,0,0
-0.5375488324131802,40.0,50.0,-0.5375488324131802,-0.5375488324131802,0.95,0.679942484914605,0.3647114499723457,0.49154575306323844,0.4849246231155779,0.2105082770675532,0.0,0.0,0.0,0.0,0,0
-0.5477544250893608,45.0,50.0,-0.5477544250893608,-0.5477544250893608,0.95,0.6869524717274382,0.3711093060741096,0.5083774916286136,0.46898263027295284,0.21189265631839455,0.0,0.0,0.0,0.0,0,0
-0.5700499863651296,50.0,50.0,-0.5700499863651296,-0.5700499863651296,0.95,0.6895078982053962,0.39858417782826505,0.5458216768695343,0.41854636591478694,0.21325915623551228,0.0,0.0,0.0,0.0,0,0
-0.5986637368691222,55.0,50.0,-0.5986637368691222,-0.5986637368691222,0.95,0.7280036363908265,0.43334470802783975,0.5777993852521037,0.45323741007194246,0.21528728885410553,0.0,0.0,0.0,0.0,0,0
-0.6185001310508075,60.0,50.0,-0.6185001310508075,-0.6185001310508075,0.95,0.749218106647762,0.4398550778134015,0.6205993397152234,0.4630071599045346,0.21410005455187242,0.0,0.0,0.0,0.0,0,0
-0.630943690161908,65.0,50.0,-0.630943690161908,-0.630943690161908,0.95,0.7678749729929455,0.42950469882421954,0.6527204647469294,0.4676258992805755,0.21387447804631152,0.0,0.0,0.0,0.0,0,0
-0.6358271277388405,70.0,50.0,-0.6358271277388405,-0.6358271277388405,0.95,0.7720952357738285,0.41311282841180685,0.6848194389569808,0.47494033412887826,0.21514629948364888,0.0,0.0,0.0,0.0,0,0
-0.6359635765464956,75.0,50.0,-0.6359635765464956,-0.6359635765464956,0.95,0.7712776330988886,0.39606367477497967,0.7061992486414601,0.4811320754716981,0.2224711409813622,0.0,0.0,0.0,0.0,0,0
-0.626505112500161,80.0,50.0,-0.626505112500161,-0.626505112500161,0.95,0.7605907152379964,0.3693458796833645,0.7168992372572403,0.49292452830188677,0.23222940226171243,0.0,0.0,0.0,0.0,0,0
-0.6239708938025158,85.0,50.0,-0.6239708938025158,-0.6239708938025158,0.95,0.7465077159166199,0.37006248006092807,0.7275992258730195,0.49047619047619045,0.2468947483111789,0.0,0.0,0.0,0.0,0,0
-0.6019235953084096,90.0,50.0,-0.6019235953084096,-0.6019235953084096,0.95,0.7175250293142701,0.3328632445479963,0.7296212784620549,0.5070754716981132,0.2626445764301344,0.0,0.0,0.0,0.0,0,0
-0.5816651490091419,95.0,50.0,-0.5816651490091419,-0.5816651490091419,0.95,0.6829500926920034,0.3120284256478122,0.7275992258730195,0.514218009478673,0.2766685502605638,0.0,0.0,0.0,0.0,0,0
-0.5473170461727888,100.0,50.0,-0.5473170461727888,-0.5473170461727888,0.95,0.6447371096195433,0.28116280797617343,0.7170854418831529,0.6013986013986014,0.28854215918045706,0.0,0.0,0.0,0.0,0,0
-0.5127747240847857,105.0,50.0,-0.5127747240847857,-0.5127747240847857,0.95,0.5999531386031478,0.2572446685171966,0.6877027909625704,0.6344339622641509,0.29897981744101576,0.0,0.0,0.0,0.0,0,0
-0.48246578986794336,110.0,50.0,-0.48246578986794336,-0.48246578986794336,0.95,0.5670268286681873,0.22324810325036487,0.6647926910999723,0.6635514018691588,0.30801620971316407,0.0,0.0,0.0,0.0,0,0
-0.45652366142292605,115.0,50.0,-0.45652366142292605,-0.45652366142292605,0.95,0.5351543078468967,0.21183447681512402,0.6312993283310018,0.6832151300236406,0.3160600387141814,0.0,0.0,0.0,0.0,0,0
-0.42176412885061726,120.0,50.0,-0.42176412885061726,-0.42176412885061726,0.95,0.49219947632586525,0.1921700548848987,0.5884993738678839,0.7028301886792453,0.32535413019258314,0.0,0.0,0.0,0.0,0,0
-0.3923389339998127,125.0,50.0,-0.3923389339998127,-0.3923389339998127,0.95,0.4600995104785275,0.17659662589519254,0.5456994194047651,0.7227488151658767,0.33639564660691423,0.0,0.0,0.0,0.0,0,0
-0.3544590302562715,130.0,50.0,-0.3544590302562715,-0.3544590302562715,0.95,0.42799954463118794,0.16044764720337204,0.5028994649416463,0.8257756563245824,0.34564728557661417,0.0,0.0,0.0,0.0,0,0
-0.3107912618312431,135.0,50.0,-0.3107912618312431,-0.3107912618312431,0.95,0.3877976879345503,0.1405868810439033,0.4389093773228778,0.892018779342723,0.3502270019641305,0.0,0.0,0.0,0.0,0,0
-0.27957500142438,140.0,50.0,-0.27957500142438,-0.27957500142438,0.95,0.3525749635360277,0.14229525356442052,0.39113009349432315,0.9481132075471698,0.353159371673709,0.0,0.0,0.0,0.0,0,0
-0.25392168235175844,145.0,50.0,-0.25392168235175844,-0.25392168235175844,0.95,0.32361823960234076,0.14927653778389072,0.3448114844498741,0.9904761904761905,0.34544522413406387,0.0,0.0,0.0,0.0,0,0
-0.2460329113892044,150.0,50.0,-0.2460329113892044,-0.2460329113892044,0.95,0.29175414594666865,0.14927653778389072,0.3613976429043378,0.9833729216152018,0.33180597250750515,0.0,0.0,0.0,0.0,0,0
-0.2531225420481182,155.0,50.0,-0.2531225420481182,-0.2531225420481182,0.95,0.2863870751351744,0.14979984062091578,0.3958995787838493,0.9785714285714285,0.3141138906971698,0.0,0.0,0.0,0.0,0,0
-0.274096270891679,160.0,50.0,-0.274096270891679,-0.274096270891679,0.95,0.2960661691888136,0.16277849768444438,0.44939952186274734,0.9737470167064439,0.29322921395926027,0.0,0.0,0.0,0.0,0,0
-0.28898731316165704,165.0,50.0,-0.28898731316165704,-0.28898731316165704,0.95,0.30668097538164757,0.14979984062091578,0.5028994649416463,0.9685990338164251,0.2703808346577197,0.0,0.0,0.0,0.0,0,0
-0.3149053819004595,170.0,50.0,-0.3149053819004595,-0.3149053819004595,0.95,0.32809581294150764,0.1628471321278937,0.5563994080205443,0.9614457831325302,0.2528422921618603,0.0,0.0,0.0,0.0,0,0
-0.3494683338202787,175.0,50.0,-0.3494683338202787,-0.3494683338202787,0.95,0.37007321457244613,0.1628471321278937,0.6098993510994433,0.9174757281553398,0.2379650806046745,0.0,0.0,0.0,0.0,0,0
-0.37884815881713346,180.0,50.0,-0.37884815881713346,-0.37884815881713346,0.95,0.41164538826253894,0.1628471321278937,0.6433046094144949,0.8734793187347932,0.21496539792387542,0.0,0.0,0.0,0.0,0,0
-0.3935234955436028,185.0,50.0,-0.3935234955436028,-0.3935234955436028,0.95,0.41814207180913815,0.1628471321278937,0.6856438527697624,0.858560794044665,0.1863644633899098,0.0,0.0,0.0,0.0,0,0
-0.4165131034146512,190.0,50.0,-0.4165131034146512,-0.4165131034146512,0.95,0.44319567256846165,0.1628471321278937,0.7322468188875066,0.8453865336658354,0.16269761857114268,0.0,0.0,0.0,0.0,0,0
-0.4268367901803281,195.0,50.0,-0.4268367901803281,-0.4268367901803281,0.95,0.44412117176454075,0.1538462135097931,0.7800204744501097,0.8427835051546392,0.1454242848183704,0.0,0.0,0.0,0.0,0,0
-0.4470841232461204,200.0,50.0,-0.4470841232461204,-0.4470841232461204,0.95,0.4761098050936903,0.16049982923669504,0.7919493004709786,0.8147208121827412,0.1337540906965872,0.0,0.0,0.0,0.0,0,0
-0.45324795475460045,205.0,50.0,-0.45324795475460045,-0.45324795475460045,0.95,0.4773857930568756,0.1628471321278937,0.8026539486117521,0.7908163265306123,0.12618203309692672,0.0,0.0,0.0,0.0,0,0
-0.4583151071894271,210.0,50.0,-0.4583151071894271,-0.4583151071894271,0.95,0.4780720055781844,0.16750673515158082,0.8136589975015455,0.782051282051282,0.11790760508482083,0.0,0.0,0.0,0.0,0,0
-0.46857222757147726,215.0,50.0,-0.46857222757147726,-0.46857222757147726,0.95,0.4855737121832584,0.1795994268540584,0.8252265567921075,0.7686375321336761,0.11073135910359298,0.0,0.0,0.0,0.0,0,0
-0.47753419232357164,220.0,50.0,-0.47753419232357164,-0.47753419232357164,0.95,0.49009319494374076,0.1852779994450416,0.8366280252861985,0.7397959183673469,0.10413044400152666,0.0,0.0,0.0,0.0,0,0
-0.4864786184206455,225.0,50.0,-0.4864786184206455,-0.4864786184206455,0.95,0.49832753135348273,0.1898265421029789,0.8526414324344389,0.7346938775510204,0.09957034997705752,0.0,0.0,0.0,0.0,0,0
-0.48880445940309825,230.0,50.0,-0.48880445940309825,-0.48880445940309825,0.95,0.4918706077722509,0.1968556078552378,0.8657282316805279,0.735897435897436,0.09685858481820991,0.0,0.0,0.0,0.0,0,0
-0.4950071167071029,235.0,50.0,-0.4950071167071029,-0.4950071167071029,0.95,0.498350347983599,0.20420261222041589,0.8700254001360275,0.7289002557544757,0.09497446373850868,0.0,0.0,0.0,0.0,0,0
-0.469664884184399,240.0,50.0,-0.469664884184399,-0.469664884184399,0.95,0.4572675731387229,0.19259979508403458,0.8792179494179295,0.811965811965812,0.0943952802359882,0.0,0.0,0.0,0.0,0,0
-0.47264862629417825,245.0,50.0,-0.47264862629417825,-0.47264862629417825,0.95,0.4554306313843904,0.19847936258613968,0.8891404180898344,0.8142857142857143,0.09455564126507247,0.0,0.0,0.0,0.0,0,0
-0.47399394383310256,250.0,50.0,-0.47399394383310256,-0.47399394383310256,0.95,0.45813281280085466,0.20329978369981383,0.8920250071862144,0.8309037900874635,0.09522938762241456,0.0,0.0,0.0,0.0,0,0
-0.475444299822192,255.0,50.0,-0.475444299822192,-0.475444299822192,0.95,0.45376633202356387,0.20442785556912457,0.8999718611305899,0.8216216216216217,0.09674523007856341,0.0,0.0,0.0,0.0,0,0
-0.4770948012988508,260.0,50.0,-0.4770948012988508,-0.4770948012988508,0.95,0.448887719332856,0.21399977231559397,0.9030408023773472,0.8172043010752689,0.09956202578496083,0.0,0.0,0.0,0.0,0,0
-0.47679564396473784,265.0,50.0,-0.47679564396473784,-0.47679564396473784,0.95,0.4482100467950019,0.21399977231559397,0.9072295243702789,0.8279569892473119,0.10272606382978723,0.0,0.0,0.0,0.0,0,0
-0.47684614648568846,270.0,50.0,-0.47684614648568846,-0.47684614648568846,0.95,0.4480499616455216,0.21399977231559397,0.9093048749943253,0.832,0.10480156476749322,0.0,0.0,0.0,0.0,0,0
-0.4740849007681087,275.0,50.0,-0.4740849007681087,-0.4740849007681087,0.95,0.4435870321338568,0.21399977231559397,0.9114745739807397,0.8471849865951743,0.10756657562307954,0.0,0.0,0.0,0.0,0,0
-0.4709672539421062,280.0,50.0,-0.4709672539421062,-0.4709672539421062,0.95,0.43869943501206105,0.21399977231559397,0.911113686307528,0.8579088471849866,0.1115741042168544,0.0,0.0,0.0,0.0,0,0
-0.46937042469089946,285.0,50.0,-0.46937042469089946,-0.46937042469089946,0.95,0.43675749823741705,0.2104219060506291,0.9135561065250585,0.8632707774798928,0.11597219147146083,0.0,0.0,0.0,0.0,0,0
-0.4691624679976573,290.0,50.0,-0.4691624679976573,-0.4691624679976573,0.95,0.43803608985141373,0.2051035011300096,0.9115857247236874,0.8522427440633246,0.12121761188621127,0.0,0.0,0.0,0.0,0,0
-0.46557248837515375,295.0,50.0,-0.46557248837515375,-0.46557248837515375,0.95,0.43045527576918763,0.21399977231559442,0.9082248415585984,0.8716577540106952,0.12698744284288466,0.0,0.0,0.0,0.0,0,0
-0.46843175424036093,300.0,50.0,-0.46843175424036093,-0.46843175424036093,0.95,0.42965406490377356,0.23082410493128702,0.9030499910718194,0.8689839572192514,0.133024787079228,0.0,0.0,0.0,0.0,0,0
-0.47183901032832093,305.0,50.0,-0.47183901032832093,-0.47183901032832093,0.95,0.42933932088304677,0.2538795439664761,0.893057648105056,0.8663101604278075,0.1405965895129982,0.0,0.0,0.0,0.0,0,0
-0.47136527953106105,310.0,50.0,-0.47136527953106105,-0.47136527953106105,0.95,0.429414535245021,0.2600068248167003,0.8813989524827928,0.8575197889182058,0.1493204623396418,0.0,0.0,0.0,0.0,0,0
-0.4673293097237451,315.0,50.0,-0.4673293097237451,-0.4673293097237451,0.95,0.42211808351148816,0.25679972677871277,0.8736877182828328,0.8413978494623656,0.15944243893441543,0.0,0.0,0.0,0.0,0,0
-0.4817790895931386,320.0,50.0,-0.4817790895931386,-0.4817790895931386,0.95,0.4228157195113491,0.24955217598121457,0.8631279966904224,0.6551724137931034,0.17077918517299995,0.0,0.0,0.0,0.0,0,0
-0.4817611793160284,325.0,50.0,-0.4817611793160284,-0.4817611793160284,0.95,0.4170660261811672,0.2689146537349836,0.8481970757947586,0.6434316353887399,0.18426779680430674,0.0,0.0,0.0,0.0,0,0
-0.48428325704141206,330.0,50.0,-0.48428325704141206,-0.48428325704141206,0.95,0.42081895597417424,0.2782559327288917,0.8365051036796863,0.6273458445040214,0.1986752982077564,0.0,0.0,0.0,0.0,0,0
-0.4958037651478584,335.0,50.0,-0.4958037651478584,-0.4958037651478584,0.95,0.4478296133517006,0.2781221545522681,0.8151612693572955,0.5664893617021277,0.2138928178532139,0.0,0.0,0.0,0.0,0,0
-0.5006128132764596,340.0,50.0,-0.5006128132764596,-0.5006128132764596,0.95,0.46140020769570356,0.27552435174394263,0.8025163562828126,0.5345744680851063,0.22935112990617154,0.0,0.0,0.0,0.0,0,0
-0.4974606860831764,345.0,50.0,-0.4974606860831764,-0.4974606860831764,0.95,0.47497080203970654,0.26257975409207884,0.7822829690091816,0.5374331550802139,0.24690327070285317,0.0,0.0,0.0,0.0,0,0
-0.49701144779931355,350.0,50.0,-0.49701144779931355,-0.49701144779931355,0.95,0.4885413963836811,0.2522533425264913,0.7703991803361383,0.5406824146981627,0.26421221630299935,0.0,0.0,0.0,0.0,0,0
-0.5053514154292027,355.0,50.0,-0.5053514154292027,-0.5053514154292027,0.95,0.5103764126292101,0.271650857772733,0.7490729417472919,0.5398009950248757,0.27496693746457584,0.0,0.0,0.0,0.0,0,0
-0.46849877975987203,0.0,55.0,-0.46849877975987203,-0.46849877975987203,0.95,0.4701963853062827,0.2557151189699806,0.7107419029824401,0.6119402985074627,0.2722858003312754,0.0,0.0,0.0,0.0,0,0
-0.4597170384167951,5.0,55.0,-0.4597170384167951,-0.4597170384167951,0.95,0.49569764081704026,0.22588643495481892,0.6795669859424104,0.6492537313432836,0.26845077896971303,0.0,0.0,0.0,0.0,0,0
-0.46163241629592155,10.0,55.0,-0.46163241629592155,-0.46163241629592155,0.95,0.523007331893663,0.24067147080505924,0.641999316946781,0.6823821339950372,0.2556254947043082,0.0,0.0,0.0,0.0,0,0
-0.45911447734676697,15.0,55.0,-0.45911447734676697,-0.45911447734676697,0.95,0.5395311568217956,0.2552824061604988,0.5992224104164344,0.7032418952618454,0.2383582089552239,0.0,0.0,0.0,0.0,0,0
-0.4549496673805501,20.0,55.0,-0.4549496673805501,-0.4549496673805501,0.95,0.5499620838363803,0.2582300210994414,0.5571848698401062,0.6888888888888889,0.23067570554859626,0.0,0.0,0.0,0.0,0,0
-0.4521223039795328,25.0,55.0,-0.4521223039795328,-0.4521223039795328,0.95,0.5680883980744486,0.2714118868798323,0.5180621820454709,0.7248157248157249,0.22738867429487647,0.0,0.0,0.0,0.0,0,0
-0.4497638829453274,30.0,55.0,-0.4497638829453274,-0.4497638829453274,0.95,0.5790380699129609,0.2770854703747371,0.481499487710086,0.714975845410628,0.22749909779862865,0.0,0.0,0.0,0.0,0,0
-0.46612305331914894,35.0,55.0,-0.46612305331914894,-0.46612305331914894,0.95,0.5903719171928952,0.2909629755645453,0.492199476325867,0.6581632653061225,0.22808956713969908,0.0,0.0,0.0,0.0,0,0
-0.46221769170195764,40.0,55.0,-0.46221769170195764,-0.46221769170195764,0.95,0.593524605238353,0.29024111521940926,0.4601295237133856,0.6278481012658228,0.23220219158713326,0.0,0.0,0.0,0.0,0,0
-0.46690631890514595,45.0,55.0,-0.46690631890514595,-0.46690631890514595,0.95,0.5991993624836631,0.30235313505543504,0.42799954463118794,0.5536159600997507,0.2370549312047054,0.0,0.0,0.0,0.0,0,0
-0.47337313851911716,50.0,55.0,-0.47337313851911716,-0.47337313851911716,0.95,0.6049115952800833,0.30353105901520816,0.44010294261312727,0.545,0.24196682628912486,0.0,0.0,0.0,0.0,0,0
-0.48464041857306905,55.0,55.0,-0.48464041857306905,-0.48464041857306905,0.95,0.611635184194504,0.31501184359850815,0.46293840216261045,0.5450121654501217,0.24638378285517953,0.0,0.0,0.0,0.0,0,0
-0.5044451700953494,60.0,55.0,-0.5044451700953494,-0.5044451700953494,0.95,0.6232743368691676,0.3448114844498741,0.481499487710086,0.5144230769230769,0.2497789566755084,0.0,0.0,0.0,0.0,0,0
-0.5235318514682415,65.0,55.0,-0.5235318514682415,-0.5235318514682415,0.95,0.6388878994765237,0.3568684642322394,0.5135994535574255,0.49640287769784175,0.2520349815001682,0.0,0.0,0.0,0.0,0,0
-0.5268756894758011,70.0,55.0,-0.5268756894758011,-0.5268756894758011,0.95,0.6481513629338934,0.3371255476223103,0.5352489051847503,0.5047846889952153,0.2543938635984659,0.0,0.0,0.0,0.0,0,0
-0.5272778692292053,75.0,55.0,-0.5272778692292053,-0.5272778692292053,0.95,0.6522481545504485,0.31831917348434785,0.5519571609136601,0.5119047619047619,0.2586880254186801,0.0,0.0,0.0,0.0,0,0
-0.5230315406470936,80.0,55.0,-0.5230315406470936,-0.5230315406470936,0.95,0.6357676499788352,0.31356775675514426,0.5670993966363245,0.5144230769230769,0.26509082517390303,0.0,0.0,0.0,0.0,0,0
-0.5090932234877472,85.0,55.0,-0.5090932234877472,-0.5090932234877472,0.95,0.6188295458084249,0.28498248122380687,0.5713350818797452,0.5251798561151079,0.2740550676009079,0.0,0.0,0.0,0.0,0,0
-0.501027685510289,90.0,55.0,-0.501027685510289,-0.501027685510289,0.95,0.6108403023103118,0.26945580113716217,0.5696914095884472,0.530952380952381,0.28498518274613105,0.0,0.0,0.0,0.0,0,0
-0.47893009522776875,95.0,55.0,-0.47893009522776875,-0.47893009522776875,0.95,0.5851140825463587,0.24593127516708374,0.5670993966363245,0.583732057416268,0.2952073307403257,0.0,0.0,0.0,0.0,0,0
-0.4560438544369645,100.0,55.0,-0.4560438544369645,-0.4560438544369645,0.95,0.5593959324608648,0.2217312545277117,0.5578868617589531,0.6261904761904762,0.30487160868704205,0.0,0.0,0.0,0.0,0,0
-0.4302356878749512,105.0,55.0,-0.4302356878749512,-0.4302356878749512,0.95,0.5183581398866297,0.20887899454490663,0.5465002569458143,0.6595238095238095,0.3154588733139381,0.0,0.0,0.0,0.0,0,0
-0.40460649397186094,110.0,55.0,-0.40460649397186094,-0.40460649397186094,0.95,0.4834829529583574,0.20010311731704158,0.5251329089566473,0.7009569377990431,0.32458668787065564,0.0,0.0,0.0,0.0,0,0
-0.3740899787867767,115.0,55.0,-0.3740899787867767,-0.3740899787867767,0.95,0.4564939270179786,0.16445065527774952,0.5012825700212062,0.7494089834515366,0.3341301460823373,0.0,0.0,0.0,0.0,0,0
-0.34890241572649905,120.0,55.0,-0.34890241572649905,-0.34890241572649905,0.95,0.4320030671797837,0.15268887497177278,0.4659327479164492,0.7855421686746988,0.3418934202647861,0.0,0.0,0.0,0.0,0,0
-0.3253901313892315,125.0,55.0,-0.3253901313892315,-0.3253901313892315,0.95,0.4085578743265854,0.1516462365696627,0.4279752445670962,0.8293838862559242,0.34839548135559334,0.0,0.0,0.0,0.0,0,0
-0.2944263886599842,130.0,55.0,-0.2944263886599842,-0.2944263886599842,0.95,0.37664477880320746,0.14229525356442063,0.3863331573600526,0.8838862559241706,0.35252565640410505,0.0,0.0,0.0,0.0,0,0
-0.2673223482865982,135.0,55.0,-0.2673223482865982,-0.2673223482865982,0.95,0.3447878618918365,0.13578176953970675,0.36383756590676164,0.9549763033175356,0.35009786683475436,0.0,0.0,0.0,0.0,0,0
-0.2567286473162498,140.0,55.0,-0.2567286473162498,-0.2567286473162498,0.95,0.32083397911944544,0.1333389943273383,0.3744996015522899,0.9856459330143541,0.3430236386383091,0.0,0.0,0.0,0.0,0,0
-0.2607839954705579,145.0,55.0,-0.2607839954705579,-0.2607839954705579,0.95,0.3074952682039201,0.13570594343991615,0.4125667959189142,0.992822966507177,0.33320318854725883,0.0,0.0,0.0,0.0,0,0
-0.2656928345094918,150.0,55.0,-0.2656928345094918,-0.2656928345094918,0.95,0.29819714221259414,0.13825212614107873,0.447403784356738,1.0,0.32120725638144165,0.0,0.0,0.0,0.0,0,0
-0.27235284182355596,155.0,55.0,-0.27235284182355596,-0.27235284182355596,0.95,0.2952562998478758,0.13909985200513564,0.47502373769076023,0.9928057553956835,0.3048234552332913,0.0,0.0,0.0,0.0,0,0
-0.2822852917291325,160.0,55.0,-0.2822852917291325,-0.2822852917291325,0.95,0.29274505678915325,0.14229525356442052,0.5135994535574255,0.9878640776699029,0.28800519095291066,0.0,0.0,0.0,0.0,0,0
-0.29126421837856814,165.0,55.0,-0.29126421837856814,-0.29126421837856814,0.95,0.29588359009420523,0.13570594343991615,0.5510352251393142,0.9877450980392157,0.27695150395298823,0.0,0.0,0.0,0.0,0,0
-0.31825677823980114,170.0,55.0,-0.31825677823980114,-0.31825677823980114,0.95,0.3325173285575075,0.14370790558705188,0.5894483444252386,0.9803921568627451,0.2649306789904017,0.0,0.0,0.0,0.0,0,0
-0.34947578696614356,175.0,55.0,-0.34947578696614356,-0.34947578696614356,0.95,0.3733914771377963,0.13738290326830693,0.6326270507089626,0.9238329238329238,0.25065175829905567,0.0,0.0,0.0,0.0,0,0
-0.3754640505464928,180.0,55.0,-0.3754640505464928,-0.3754640505464928,0.95,0.40373472377546965,0.13570594343991615,0.6776004432795608,0.8935643564356436,0.2306001071116498,0.0,0.0,0.0,0.0,0,0
-0.3860476641172382,185.0,55.0,-0.3860476641172382,-0.3860476641172382,0.95,0.40843849819563316,0.13570594343991615,0.7075083684412758,0.8813131313131313,0.2054958835396107,0.0,0.0,0.0,0.0,0,0
-0.40359755014274606,190.0,55.0,-0.40359755014274606,-0.40359755014274606,0.95,0.421956621514073,0.13570594343991615,0.749008208163097,0.8636363636363636,0.18260204619765846,0.0,0.0,0.0,0.0,0,0
-0.4100753489604048,195.0,55.0,-0.4100753489604048,-0.4100753489604048,0.95,0.4231501310571563,0.13570594343991615,0.7705604240574033,0.8575129533678757,0.16498239167049455,0.0,0.0,0.0,0.0,0,0
-0.4244910518908177,200.0,55.0,-0.4244910518908177,-0.4244910518908177,0.95,0.44557315915050183,0.13570594343991615,0.7847258248671671,0.8384615384615385,0.15256801329266176,0.0,0.0,0.0,0.0,0,0
-0.43455444176506497,205.0,55.0,-0.43455444176506497,-0.43455444176506497,0.95,0.45101267029462505,0.1433291176361521,0.802499146183477,0.823076923076923,0.14364533927015777,0.0,0.0,0.0,0.0,0,0
-0.44305577300334986,210.0,55.0,-0.44305577300334986,-0.44305577300334986,0.95,0.45851333840696384,0.1547669040818492,0.8032146914416483,0.7984496124031008,0.13746241447072471,0.0,0.0,0.0,0.0,0,0
-0.4473894147944688,215.0,55.0,-0.4473894147944688,-0.4473894147944688,0.95,0.45836829916059185,0.15988963926881777,0.8144134562780172,0.7953367875647669,0.13128945414036391,0.0,0.0,0.0,0.0,0,0
-0.45496689447879257,220.0,55.0,-0.45496689447879257,-0.45496689447879257,0.95,0.4618004798474459,0.169430728259646,0.8250977485662775,0.7838541666666666,0.12566137566137567,0.0,0.0,0.0,0.0,0,0
-0.4644815188441016,225.0,55.0,-0.4644815188441016,-0.4644815188441016,0.95,0.47194396910346675,0.17425332408949248,0.8347479677316763,0.7654639175257731,0.12084381739755572,0.0,0.0,0.0,0.0,0,0
-0.4701703283339951,230.0,55.0,-0.4701703283339951,-0.4701703283339951,0.95,0.4747133821414004,0.1768086373233985,0.8463931202564443,0.7551546391752577,0.11722238265544128,0.0,0.0,0.0,0.0,0,0
-0.47325174269418635,235.0,55.0,-0.47325174269418635,-0.47325174269418635,0.95,0.4745355671289479,0.18240531961551423,0.8557149237035007,0.7609254498714653,0.1154253208096309,0.0,0.0,0.0,0.0,0,0
-0.4782903405096924,240.0,55.0,-0.4782903405096924,-0.4782903405096924,0.95,0.47731258045843356,0.19259979508403458,0.8597038154822233,0.7571059431524548,0.11465080027224625,0.0,0.0,0.0,0.0,0,0
-0.4515010762511465,245.0,55.0,-0.4515010762511465,-0.4515010762511465,0.95,0.4425961802270051,0.17119981785247518,0.8632500224200265,0.8414985590778098,0.11449345188559415,0.0,0.0,0.0,0.0,0,0
-0.4563856588428729,250.0,55.0,-0.4563856588428729,-0.4563856588428729,0.95,0.4424775286813123,0.18189980646825443,0.8707215180558725,0.8376068376068376,0.11532472090013818,0.0,0.0,0.0,0.0,0,0
-0.4554827438074777,255.0,55.0,-0.4554827438074777,-0.4554827438074777,0.95,0.4409777543588576,0.18189980646825443,0.8735472215575992,0.8477011494252874,0.11649716021661603,0.0,0.0,0.0,0.0,0,0
-0.4562673062943196,260.0,55.0,-0.4562673062943196,-0.4562673062943196,0.95,0.4384804752969915,0.1864000774432014,0.8755619257204289,0.8461538461538461,0.11944832479655869,0.0,0.0,0.0,0.0,0,0
-0.45853533190418627,265.0,55.0,-0.45853533190418627,-0.45853533190418627,0.95,0.4384147587799855,0.18982654210298702,0.8820511714657814,0.848,0.12201561835716364,0.0,0.0,0.0,0.0,0,0
-0.45816607811920373,270.0,55.0,-0.45816607811920373,-0.45816607811920373,0.95,0.435676249682483,0.19259979508403458,0.8844718796029353,0.8537234042553191,0.12403626579845803,0.0,0.0,0.0,0.0,0,0
-0.45659744197259405,275.0,55.0,-0.45659744197259405,-0.45659744197259405,0.95,0.4342771469326976,0.18957630322191718,0.8872783405680998,0.8632707774798928,0.12678538729170483,0.0,0.0,0.0,0.0,0,0
-0.45420587643544474,280.0,55.0,-0.45420587643544474,-0.45420587643544474,0.95,0.43309552282218056,0.1864000774432014,0.884782419740078,0.8682795698924731,0.1303639958134667,0.0,0.0,0.0,0.0,0,0
-0.45314379402957683,285.0,55.0,-0.45314379402957683,-0.45314379402957683,0.95,0.43186714797669695,0.18240531961551423,0.884782419740078,0.864,0.13451524332512782,0.0,0.0,0.0,0.0,0,0
-0.4505578425211816,290.0,55.0,-0.4505578425211816,-0.4505578425211816,0.95,0.4300953569151332,0.18215256304188476,0.8841001490221069,0.8804347826086957,0.13975612700712303,0.0,0.0,0.0,0.0,0,0
-0.44842606836384885,295.0,55.0,-0.44842606836384885,-0.44842606836384885,0.95,0.4298247689946791,0.18189980646825443,0.8803689896011189,0.8907103825136612,0.1449679329057721,0.0,0.0,0.0,0.0,0,0
-0.4516314076610937,300.0,55.0,-0.4516314076610937,-0.4516314076610937,0.95,0.4283551498278952,0.19647187389322568,0.877626693497105,0.8823529411764706,0.15088233806947465,0.0,0.0,0.0,0.0,0,0
-0.45169155065560745,305.0,55.0,-0.45169155065560745,-0.45169155065560745,0.95,0.4250757550325874,0.2171295095038488,0.8699550455060014,0.9010989010989011,0.15797127794946372,0.0,0.0,0.0,0.0,0,0
-0.4536408694212362,310.0,55.0,-0.4536408694212362,-0.4536408694212362,0.95,0.4221178613338511,0.23230656860208304,0.8668683309487,0.9,0.16629658364322214,0.0,0.0,0.0,0.0,0,0
-0.45212787745566935,315.0,55.0,-0.45212787745566935,-0.45212787745566935,0.95,0.4193789287356774,0.23492915341459522,0.8560152238701517,0.8835978835978836,0.17571373350267822,0.0,0.0,0.0,0.0,0,0
-0.44568952659329036,320.0,55.0,-0.44568952659329036,-0.44568952659329036,0.95,0.4171663918566712,0.22469976093137412,0.8454308281485327,0.8870967741935484,0.18646298203455772,0.0,0.0,0.0,0.0,0,0
-0.4456278372505703,325.0,55.0,-0.4456278372505703,-0.4456278372505703,0.95,0.41349964530897343,0.2389844282584459,0.8346156602924885,0.8817204301075269,0.1987169968221912,0.0,0.0,0.0,0.0,0,0
-0.45229775684336176,330.0,55.0,-0.45229775684336176,-0.45229775684336176,0.95,0.4120428121630402,0.2604803073068495,0.8189815159986874,0.8238482384823849,0.21195450611942143,0.0,0.0,0.0,0.0,0,0
-0.456585322307877,335.0,55.0,-0.456585322307877,-0.456585322307877,0.95,0.40737658898012746,0.26086218155605856,0.8044873761180564,0.727027027027027,0.22520055414156384,0.0,0.0,0.0,0.0,0,0
-0.45774142581322264,340.0,55.0,-0.45774142581322264,-0.45774142581322264,0.95,0.4058685175552058,0.2546417824617294,0.7917991575676968,0.6621621621621622,0.23900785393032153,0.0,0.0,0.0,0.0,0,0
-0.47743993988041733,345.0,55.0,-0.47743993988041733,-0.47743993988041733,0.95,0.4085416906720742,0.30160532991484656,0.7745391384132521,0.5501285347043702,0.2534812119515779,0.0,0.0,0.0,0.0,0,0
-0.47085572286204436,350.0,55.0,-0.47085572286204436,-0.47085572286204436,0.95,0.42043551174135046,0.2650691603671153,0.7703991803361383,0.5618556701030928,0.2644628099173554,0.0,0.0,0.0,0.0,0,0
-0.47450425227039533,355.0,55.0,-0.47450425227039533,-0.47450425227039533,0.95,0.4454815901291374,0.265228822573238,0.7490176423017233,0.5725,0.27374841925165516,0.0,0.0,0.0,0.0,0,0
-0.4211719473247779,0.0,60.0,-0.4211719473247779,-0.4211719473247779,0.95,0.4151071909868847,0.23814434189953823,0.7167153761639922,0.8358585858585859,0.27567607781869585,0.0,0.0,0.0,0.0,0,0
-0.4166551584552317,5.0,60.0,-0.4166551584552317,-0.4166551584552317,0.95,0.4334123584016299,0.22687369067573232,0.68498063703927,0.8467336683417085,0.2765215434807065,0.0,0.0,0.0,0.0,0,0
-0.41518723833216475,10.0,60.0,-0.41518723833216475,-0.41518723833216475,0.95,0.4516584798105119,0.23637492088491072,0.6527204647469294,0.8775,0.2689327293826976,0.0,0.0,0.0,0.0,0,0
-0.41511907252148955,15.0,60.0,-0.41511907252148955,-0.41511907252148955,0.95,0.4685153847811317,0.23889431002956785,0.6205993397152216,0.8716049382716049,0.25707371556217423,0.0,0.0,0.0,0.0,0,0
-0.41167315627428025,20.0,60.0,-0.41167315627428025,-0.41167315627428025,0.95,0.47957830918214495,0.23792678006721774,0.588499373867883,0.8676470588235294,0.2475947306098283,0.0,0.0,0.0,0.0,0,0
-0.4119900676766444,25.0,60.0,-0.4119900676766444,-0.4119900676766444,0.95,0.4970844290415896,0.23070010384785178,0.5563994080205443,0.8361858190709046,0.24589260116881684,0.0,0.0,0.0,0.0,0,0
-0.4104359693817314,30.0,60.0,-0.4104359693817314,-0.4104359693817314,0.95,0.5075968711454167,0.22469976093137323,0.5242994421732048,0.7985257985257985,0.2450608733688124,0.0,0.0,0.0,0.0,0,0
-0.40855560330366003,35.0,60.0,-0.40855560330366003,-0.40855560330366003,0.95,0.5108646494384557,0.23070010384785178,0.49219947632586525,0.7651515151515151,0.24673066473464952,0.0,0.0,0.0,0.0,0,0
-0.40307207203039025,40.0,60.0,-0.40307207203039025,-0.40307207203039025,0.95,0.5157779140529174,0.22440604409237644,0.4600995104785269,0.7436548223350253,0.24838199338415073,0.0,0.0,0.0,0.0,0,0
-0.4022729228410354,45.0,60.0,-0.4022729228410354,-0.4022729228410354,0.95,0.5217075372048857,0.232942309373493,0.4348846591462486,0.7336683417085427,0.25210834762721557,0.0,0.0,0.0,0.0,0,0
-0.4056331332357194,50.0,60.0,-0.4056331332357194,-0.4056331332357194,0.95,0.5349994307889849,0.24639997169219316,0.4044227487962886,0.7107231920199502,0.25796812749003983,0.0,0.0,0.0,0.0,0,0
-0.4106036744969461,55.0,60.0,-0.4106036744969461,-0.4106036744969461,0.95,0.5300569586917727,0.267499715394492,0.4036711393268501,0.6921182266009852,0.26438492063492064,0.0,0.0,0.0,0.0,0,0
-0.4175712866071617,60.0,60.0,-0.4175712866071617,-0.4175712866071617,0.95,0.5255988756076452,0.2697655784109057,0.40329601078015265,0.6093366093366094,0.27110154844626294,0.0,0.0,0.0,0.0,0,0
-0.42252084729870754,65.0,60.0,-0.42252084729870754,-0.42252084729870754,0.95,0.5334478145567708,0.27427329343566076,0.3972450487790157,0.587378640776699,0.2788353470075864,0.0,0.0,0.0,0.0,0,0
-0.43716980130675864,70.0,60.0,-0.43716980130675864,-0.43716980130675864,0.95,0.5498005286089513,0.28386614494818385,0.41467216607837826,0.5738498789346247,0.2829510142802276,0.0,0.0,0.0,0.0,0,0
-0.44012552517958947,75.0,60.0,-0.44012552517958947,-0.44012552517958947,0.95,0.5444552967761142,0.2898704407523655,0.4251690446883743,0.5641646489104116,0.2888796132039375,0.0,0.0,0.0,0.0,0,0
-0.4313946452709631,80.0,60.0,-0.4313946452709631,-0.4313946452709631,0.95,0.5261272201831565,0.27596140837722466,0.43142807824490276,0.5590361445783133,0.2955828858479127,0.0,0.0,0.0,0.0,0,0
-0.42558444874322565,85.0,60.0,-0.42558444874322565,-0.42558444874322565,0.95,0.5103861159295843,0.26784372079065755,0.4386995332469681,0.5520581113801453,0.3019839623945804,0.0,0.0,0.0,0.0,0,0
-0.41611271531749466,90.0,60.0,-0.41611271531749466,-0.41611271531749466,0.95,0.5046974715916691,0.25188921963018607,0.4386995332469681,0.5841346153846154,0.3090106555398462,0.0,0.0,0.0,0.0,0,0
-0.3980078690869982,95.0,60.0,-0.3980078690869982,-0.3980078690869982,0.95,0.4837281144325015,0.2369592501048637,0.43313588276926496,0.630071599045346,0.31442731277533037,0.0,0.0,0.0,0.0,0,0
-0.3867481528886073,100.0,60.0,-0.3867481528886073,-0.3867481528886073,0.95,0.47773117798541354,0.22835812190561502,0.42799954463118883,0.6843373493975904,0.32106908516266447,0.0,0.0,0.0,0.0,0,0
-0.3723144531284169,105.0,60.0,-0.3723144531284169,-0.3723144531284169,0.95,0.4621013869517832,0.21955255911453622,0.4172995560154087,0.717391304347826,0.32761106914784044,0.0,0.0,0.0,0.0,0,0
-0.3490762710127182,110.0,60.0,-0.3490762710127182,-0.3490762710127182,0.95,0.4355241215860011,0.21030078728217177,0.39803860390975604,0.7721822541966427,0.33279627026841724,0.0,0.0,0.0,0.0,0,0
-0.3217487003905667,115.0,60.0,-0.3217487003905667,-0.3217487003905667,0.95,0.39822559031095117,0.20420261222041589,0.38519959016807004,0.8489208633093526,0.3381179130553938,0.0,0.0,0.0,0.0,0,0
-0.300677779308442,120.0,60.0,-0.300677779308442,-0.300677779308442,0.95,0.3697371890825915,0.190096673443964,0.38519959016806915,0.910411622276029,0.3412034031503058,0.0,0.0,0.0,0.0,0,0
-0.281102293274922,125.0,60.0,-0.281102293274922,-0.281102293274922,0.95,0.3432504456389007,0.17353424088291833,0.3822567434663731,0.9514563106796117,0.3415912339209147,0.0,0.0,0.0,0.0,0,0
-0.2717821782571153,130.0,60.0,-0.2717821782571153,-0.2717821782571153,0.95,0.32776100662013513,0.1520405275871305,0.39621274352381336,0.963855421686747,0.33949113547164705,0.0,0.0,0.0,0.0,0,0
-0.269483559332692,135.0,60.0,-0.269483559332692,-0.269483559332692,0.95,0.3124988572321335,0.13909985200513564,0.42915098373000554,0.9757869249394673,0.33422899942901285,0.0,0.0,0.0,0.0,0,0
-0.26888281798372454,140.0,60.0,-0.26888281798372454,-0.26888281798372454,0.95,0.30038351830906423,0.1394026592715907,0.44967556731041053,0.9854014598540146,0.32799866910663783,0.0,0.0,0.0,0.0,0,0
-0.2695262439055175,145.0,60.0,-0.2695262439055175,-0.2695262439055175,0.95,0.2879489629302093,0.14240321931846348,0.4720565863469789,0.9926829268292683,0.32007245183599536,0.0,0.0,0.0,0.0,0,0
-0.2775474139277624,150.0,60.0,-0.2775474139277624,-0.2775474139277624,0.95,0.2848310126971068,0.14074163670291556,0.5127380065359005,0.9975490196078431,0.3081017917424046,0.0,0.0,0.0,0.0,0,0
-0.28636394958846884,155.0,60.0,-0.28636394958846884,-0.28636394958846884,0.95,0.29344191476307774,0.13909985200513564,0.5368488827278153,1.0,0.2985672617712106,0.0,0.0,0.0,0.0,0,0
-0.2908920359936186,160.0,60.0,-0.2908920359936186,-0.2908920359936186,0.95,0.28974000166738456,0.12399597785529916,0.5759881634513601,1.0,0.29118483412322277,0.0,0.0,0.0,0.0,0,0
-0.30746383000195926,165.0,60.0,-0.30746383000195926,-0.30746383000195926,0.95,0.31052212383600286,0.12213534909591317,0.6098993510994424,0.9975369458128078,0.28258845437616387,0.0,0.0,0.0,0.0,0,0
-0.32486344552286267,170.0,60.0,-0.32486344552286267,-0.32486344552286267,0.95,0.33085221129920983,0.12213534909591317,0.6410413146698882,0.9827160493827161,0.27361077260541067,0.0,0.0,0.0,0.0,0,0
-0.35167170629753447,175.0,60.0,-0.35167170629753447,-0.35167170629753447,0.95,0.36547333819114003,0.12103119384602468,0.6740992827941206,0.9330024813895782,0.2614951984922368,0.0,0.0,0.0,0.0,0,0
-0.3701390239686381,180.0,60.0,-0.3701390239686381,-0.3701390239686381,0.95,0.39224578635137114,0.11065380698313021,0.7062188051653187,0.9097744360902256,0.24304825330061924,0.0,0.0,0.0,0.0,0,0
-0.38273034789874594,185.0,60.0,-0.38273034789874594,-0.38273034789874594,0.95,0.40690367479792416,0.10856475475193861,0.727876413732023,0.8914141414141414,0.22279409673841954,0.0,0.0,0.0,0.0,0,0
-0.3913423014273638,190.0,60.0,-0.3913423014273638,-0.3913423014273638,0.95,0.41051526458291104,0.10856475475193861,0.7521428774976324,0.8804071246819338,0.20265560165975105,0.0,0.0,0.0,0.0,0,0
-0.4019961775953301,195.0,60.0,-0.4019961775953301,-0.4019961775953301,0.95,0.41467216607838214,0.12213534909591317,0.7705604240574049,0.8704663212435233,0.18494716179515447,0.0,0.0,0.0,0.0,0,0
-0.40894814778116656,200.0,60.0,-0.40894814778116656,-0.40894814778116656,0.95,0.42238707097987765,0.12213534909591317,0.7817340323570525,0.8597402597402597,0.17177093712307934,0.0,0.0,0.0,0.0,0,0
-0.4172595783714978,205.0,60.0,-0.4172595783714978,-0.4172595783714978,0.95,0.4347208784679117,0.12333867461892917,0.7886077717799419,0.8461538461538461,0.16319720732051643,0.0,0.0,0.0,0.0,0,0
-0.4232055638159719,210.0,60.0,-0.4232055638159719,-0.4232055638159719,0.95,0.4332937894536675,0.1386916817300951,0.7935029974545568,0.8316062176165803,0.1554833509646869,0.0,0.0,0.0,0.0,0,0
-0.43066107554425637,215.0,60.0,-0.43066107554425637,-0.43066107554425637,0.95,0.43542341285090697,0.14931625940076482,0.8024991461834778,0.814621409921671,0.15080229793977812,0.0,0.0,0.0,0.0,0,0
-0.4350745295507526,220.0,60.0,-0.4350745295507526,-0.4350745295507526,0.95,0.43882322436261323,0.1552335064594459,0.8056628574631223,0.8067885117493473,0.14624438366868528,0.0,0.0,0.0,0.0,0,0
-0.4446194842151412,225.0,60.0,-0.4446194842151412,-0.4446194842151412,0.95,0.44768779383165325,0.1593316313342626,0.8172061487115838,0.7859007832898173,0.14280890475386507,0.0,0.0,0.0,0.0,0,0
-0.45076962517738267,230.0,60.0,-0.45076962517738267,-0.45076962517738267,0.95,0.45314150528430025,0.16277849768444438,0.8243175222187847,0.772609819121447,0.13934387087531636,0.0,0.0,0.0,0.0,0,0
-0.4545950935110061,235.0,60.0,-0.4545950935110061,-0.4545950935110061,0.95,0.45314150528430025,0.16558274204351434,0.8347479677316763,0.7674418604651163,0.1370409034829648,0.0,0.0,0.0,0.0,0,0
-0.4569869185965761,240.0,60.0,-0.4569869185965761,-0.4569869185965761,0.95,0.4528767608541329,0.17119981785247518,0.8423278067912374,0.7754569190600522,0.13568360941998206,0.0,0.0,0.0,0.0,0,0
-0.45984601913529294,245.0,60.0,-0.45984601913529294,-0.45984601913529294,0.95,0.45768945448202464,0.17146832375900567,0.8455602695899842,0.774869109947644,0.13585021340816375,0.0,0.0,0.0,0.0,0,0
-0.4614191155124708,250.0,60.0,-0.4614191155124708,-0.4614191155124708,0.95,0.4584157216107919,0.17379560365031374,0.8482602634077945,0.7746113989637305,0.1361031856445566,0.0,0.0,0.0,0.0,0,0
-0.44233915366126586,255.0,60.0,-0.44233915366126586,-0.44233915366126586,0.95,0.43318613562423847,0.16078617386823096,0.8545530835481658,0.8477011494252874,0.13767137884492434,0.0,0.0,0.0,0.0,0,0
-0.44076117339308646,260.0,60.0,-0.44076117339308646,-0.44076117339308646,0.95,0.43223303941985886,0.16112559777927304,0.8562921786672446,0.8648648648648649,0.1399709336954709,0.0,0.0,0.0,0.0,0,0
-0.44151129438270204,265.0,60.0,-0.44151129438270204,-0.44151129438270204,0.95,0.4323062177084912,0.16277849768444913,0.8562921786672446,0.8617886178861789,0.14212382163160545,0.0,0.0,0.0,0.0,0,0
-0.44221921852747015,270.0,60.0,-0.44221921852747015,-0.44221921852747015,0.95,0.43223303941985886,0.16558274204352133,0.8587482960216121,0.8675675675675676,0.14410268830225237,0.0,0.0,0.0,0.0,0,0
-0.43850300579046453,275.0,60.0,-0.43850300579046453,-0.43850300579046453,0.95,0.4305703941638311,0.16117867705877958,0.8586168480376339,0.8867403314917127,0.1467427228437829,0.0,0.0,0.0,0.0,0,0
-0.439502611042478,280.0,60.0,-0.439502611042478,-0.439502611042478,0.95,0.42921424581312834,0.16112559777927304,0.8593312422788228,0.8729729729729729,0.150173869846001,0.0,0.0,0.0,0.0,0,0
-0.44000404970432727,285.0,60.0,-0.44000404970432727,-0.44000404970432727,0.95,0.4291819732563391,0.16117867705877922,0.8625506772168509,0.876010781671159,0.15385973763874874,0.0,0.0,0.0,0.0,0,0
-0.4371863872477476,290.0,60.0,-0.4371863872477476,-0.4371863872477476,0.95,0.42762952022669354,0.16049982923669504,0.8591069805422706,0.8876712328767123,0.15833782500449167,0.0,0.0,0.0,0.0,0,0
-0.4358125991465051,295.0,60.0,-0.4358125991465051,-0.4358125991465051,0.95,0.42443463598419207,0.1610725184997654,0.8556431074118175,0.8814016172506739,0.16361256544502617,0.0,0.0,0.0,0.0,0,0
-0.4347886470355776,300.0,60.0,-0.4347886470355776,-0.4347886470355776,0.95,0.4205952390512975,0.1628471321278937,0.8563605380132152,0.8825136612021858,0.16901031920012832,0.0,0.0,0.0,0.0,0,0
-0.4356785416605127,305.0,60.0,-0.4356785416605127,-0.4356785416605127,0.95,0.4192301556919015,0.17674191344978352,0.8491766068249509,0.8849315068493151,0.17570712740614988,0.0,0.0,0.0,0.0,0,0
-0.4373208349683117,310.0,60.0,-0.4373208349683117,-0.4373208349683117,0.95,0.4181972894257157,0.19259979508403458,0.8452914589438394,0.8943089430894309,0.18319025977669304,0.0,0.0,0.0,0.0,0,0
-0.4376790366003458,315.0,60.0,-0.4376790366003458,-0.4376790366003458,0.95,0.4171985522132233,0.20329978369981383,0.8346156602924877,0.8867924528301887,0.19233654567488026,0.0,0.0,0.0,0.0,0,0
-0.43331956784350556,320.0,60.0,-0.43331956784350556,-0.43331956784350556,0.95,0.4129872389037789,0.20329978369981383,0.8239158865602375,0.8867924528301887,0.2022264555304203,0.0,0.0,0.0,0.0,0,0
-0.43302740448681576,325.0,60.0,-0.43302740448681576,-0.43302740448681576,0.95,0.41281093820528575,0.21165686790237243,0.8132161184816507,0.8831521739130435,0.2127711804596643,0.0,0.0,0.0,0.0,0,0
-0.43475738576691986,330.0,60.0,-0.43475738576691986,-0.43475738576691986,0.95,0.41049649040938685,0.22930784322573836,0.8025163562828126,0.873972602739726,0.2226842740143483,0.0,0.0,0.0,0.0,0,0
-0.44137876037780593,335.0,60.0,-0.44137876037780593,-0.44137876037780593,0.95,0.4067014482235643,0.24999241624899876,0.7923513285126853,0.8188775510204082,0.23361757953427353,0.0,0.0,0.0,0.0,0,0
-0.4406853114962139,340.0,60.0,-0.4406853114962139,-0.4406853114962139,0.95,0.4042218774068149,0.25784129253585775,0.7824416247899099,0.8107416879795396,0.2448309701871341,0.0,0.0,0.0,0.0,0,0
-0.4382094551195205,345.0,60.0,-0.4382094551195205,-0.4382094551195205,0.95,0.404185939379142,0.25784129253585775,0.7713759480125201,0.8076923076923077,0.2544095560755824,0.0,0.0,0.0,0.0,0,0
-0.4384077160127675,350.0,60.0,-0.4384077160127675,-0.4384077160127675,0.95,0.40837680910883783,0.2580632129787679,0.7678645020452352,0.8142493638676844,0.2647079951152934,0.0,0.0,0.0,0.0,0,0
-0.4262024338226702,355.0,60.0,-0.4262024338226702,-0.4262024338226702,0.95,0.4069427136662575,0.23752661780100578,0.7489992031045789,0.8320610687022901,0.273037667963874,0.0,0.0,0.0,0.0,0,0
-0.39579126376392726,0.0,65.0,-0.39579126376392726,-0.39579126376392726,0.95,0.38762741628409214,0.19737731874731668,0.716976275317136,0.8784810126582279,0.2804851157662624,0.0,0.0,0.0,0.0,0,0
-0.3860668237746902,5.0,65.0,-0.3860668237746902,-0.3860668237746902,0.95,0.38133011419652924,0.19474957804441956,0.69549926002568,0.8902743142144638,0.28309791272754237,0.0,0.0,0.0,0.0,0,0
-0.38516133813811276,10.0,65.0,-0.38516133813811276,-0.38516133813811276,0.95,0.39746642167143537,0.20329978369981383,0.6633992941783404,0.905,0.2809545082272355,0.0,0.0,0.0,0.0,0,0
-0.3884789026916501,15.0,65.0,-0.3884789026916501,-0.3884789026916501,0.95,0.41319658462445147,0.21571403912245132,0.641999316946781,0.9122807017543859,0.27445954981056386,0.0,0.0,0.0,0.0,0,0
-0.3854548242108684,20.0,65.0,-0.3854548242108684,-0.3854548242108684,0.95,0.42367669097929156,0.2171295095038488,0.6098993510994415,0.9077306733167082,0.2661290322580645,0.0,0.0,0.0,0.0,0,0
-0.38079733924075865,25.0,65.0,-0.38079733924075865,-0.38079733924075865,0.95,0.43288284338547417,0.20355891515987423,0.588499373867883,0.9037037037037037,0.26084554761729395,0.0,0.0,0.0,0.0,0,0
-0.3762810884060464,30.0,65.0,-0.3762810884060464,-0.3762810884060464,0.95,0.44202359426185533,0.1912940579499529,0.5595337213258522,0.8823529411764706,0.26025890204994684,0.0,0.0,0.0,0.0,0,0
-0.37398009416296235,35.0,65.0,-0.37398009416296235,-0.37398009416296235,0.95,0.44259238432525694,0.18998832081587125,0.5349994307889849,0.8430379746835444,0.2603079617601985,0.0,0.0,0.0,0.0,0,0
-0.373557651838851,40.0,65.0,-0.373557651838851,-0.373557651838851,0.95,0.44995985142189826,0.18998832081587125,0.5135994535574246,0.8232323232323232,0.2621528408059539,0.0,0.0,0.0,0.0,0,0
-0.36712019493976333,45.0,65.0,-0.36712019493976333,-0.36712019493976333,0.95,0.4529261728619559,0.1795994268540584,0.49219947632586525,0.82,0.2642472048340992,0.0,0.0,0.0,0.0,0,0
-0.36871959123068604,50.0,65.0,-0.36871959123068604,-0.36871959123068604,0.95,0.4658452349130984,0.1839135223864334,0.47079949909430585,0.8129675810473815,0.26768477164673676,0.0,0.0,0.0,0.0,0,0
-0.36794241896189,55.0,65.0,-0.36794241896189,-0.36794241896189,0.95,0.46329055250044354,0.20329978369981472,0.44939952186274645,0.8054862842892768,0.2723946188340807,0.0,0.0,0.0,0.0,0,0
-0.3656867513755065,60.0,65.0,-0.3656867513755065,-0.3656867513755065,0.95,0.4618404190380608,0.21399977231559308,0.4296045429235553,0.7995049504950495,0.2778831359358786,0.0,0.0,0.0,0.0,0,0
-0.3672632253342153,65.0,65.0,-0.3672632253342153,-0.3672632253342153,0.95,0.46153530142881827,0.2307097983587277,0.4172995560154072,0.7935323383084577,0.28374665477252453,0.0,0.0,0.0,0.0,0,0
-0.3602074363017767,70.0,65.0,-0.3602074363017767,-0.3602074363017767,0.95,0.45137702171203054,0.23143726247854887,0.40659956739962855,0.7985257985257985,0.2892927133440228,0.0,0.0,0.0,0.0,0,0
-0.3582322789310886,75.0,65.0,-0.3582322789310886,-0.3582322789310886,0.95,0.44182333681983965,0.24583041277725104,0.3991937097143722,0.7975308641975308,0.29564197355324895,0.0,0.0,0.0,0.0,0,0
-0.34918441715013243,80.0,65.0,-0.34918441715013243,-0.34918441715013243,0.95,0.4298217082951597,0.2490840002839005,0.39539125778276,0.8386308068459658,0.3025070032977554,0.0,0.0,0.0,0.0,0,0
-0.34375782009146943,85.0,65.0,-0.34375782009146943,-0.34375782009146943,0.95,0.41753885106549515,0.2639900113506711,0.3880771465261007,0.8627450980392157,0.3081687548665676,0.0,0.0,0.0,0.0,0,0
-0.3405792718651218,90.0,65.0,-0.3405792718651218,-0.3405792718651218,0.95,0.4095772686198407,0.26898213155935286,0.38519959016806915,0.8679706601466992,0.3131152746903779,0.0,0.0,0.0,0.0,0,0
-0.3294894447308023,95.0,65.0,-0.3294894447308023,-0.3294894447308023,0.95,0.39395472036819373,0.25985002811756586,0.3868045884604359,0.8975609756097561,0.31698564593301437,0.0,0.0,0.0,0.0,0,0
-0.3218522353153569,100.0,65.0,-0.3218522353153569,-0.3218522353153569,0.95,0.38172022192820576,0.24443180058517175,0.39603896652022197,0.9095354523227384,0.32071238255504136,0.0,0.0,0.0,0.0,0,0
-0.3084333056379188,105.0,65.0,-0.3084333056379188,-0.3084333056379188,0.95,0.36742328382167244,0.21814976281545215,0.3982944409156649,0.9264705882352942,0.32275539090623145,0.0,0.0,0.0,0.0,0,0
-0.3027937463718409,110.0,65.0,-0.3027937463718409,-0.3027937463718409,0.95,0.35937941076959057,0.2016859903012497,0.4082045656919953,0.9343065693430657,0.32430833478336524,0.0,0.0,0.0,0.0,0,0
-0.2974697107405629,115.0,65.0,-0.2974697107405629,-0.2974697107405629,0.95,0.35376833996330204,0.18175647462024758,0.4196540000104768,0.9439024390243902,0.3258820267553892,0.0,0.0,0.0,0.0,0,0
-0.2961204584909909,120.0,65.0,-0.2961204584909909,-0.2961204584909909,0.95,0.352142216275796,0.1599157302854788,0.4386995332469673,0.9439024390243902,0.32526965091836385,0.0,0.0,0.0,0.0,0,0
-0.2956820133486753,125.0,65.0,-0.2956820133486753,-0.2956820133486753,0.95,0.346131246759288,0.1593316313342626,0.4510045201551132,0.9535452322738386,0.3254259367179733,0.0,0.0,0.0,0.0,0,0
-0.2950199330503038,130.0,65.0,-0.2950199330503038,-0.2950199330503038,0.95,0.3405720648785125,0.1555336419086999,0.47082883049667507,0.9779951100244498,0.3241337013186139,0.0,0.0,0.0,0.0,0,0
-0.29132481751284756,135.0,65.0,-0.29132481751284756,-0.29132481751284756,0.95,0.3260648236210421,0.15041327494905657,0.49219947632586536,0.9975429975429976,0.31972536021105324,0.0,0.0,0.0,0.0,0,0
-0.2882863158828178,140.0,65.0,-0.2882863158828178,-0.2882863158828178,0.95,0.30952268761301743,0.1433291176361557,0.5135994535574248,0.9975490196078431,0.31417175035194744,0.0,0.0,0.0,0.0,0,0
-0.2880343244665031,145.0,65.0,-0.2880343244665031,-0.2880343244665031,0.95,0.29674452005109053,0.140741636702916,0.5366044290813518,1.0,0.30733472789454463,0.0,0.0,0.0,0.0,0,0
-0.28400166285157596,150.0,65.0,-0.28400166285157596,-0.28400166285157596,0.95,0.28103591266737094,0.12839986338935638,0.557949327749154,1.0,0.301677079907925,0.0,0.0,0.0,0.0,0,0
-0.2914261327531104,155.0,65.0,-0.2914261327531104,-0.2914261327531104,0.95,0.28719080148186404,0.11769987477357624,0.588499373867883,1.0,0.2986323673070661,0.0,0.0,0.0,0.0,0,0
-0.29871408919168974,160.0,65.0,-0.29871408919168974,-0.29871408919168974,0.95,0.29964610884236015,0.10699988615779699,0.6084226964611857,1.0,0.29115427837534114,0.0,0.0,0.0,0.0,0,0
-0.30799579623626117,165.0,65.0,-0.30799579623626117,-0.30799579623626117,0.95,0.31527383144877247,0.09499416040793562,0.632550894219073,1.0,0.28555594261646133,0.0,0.0,0.0,0.0,0,0
-0.3256872142998069,170.0,65.0,-0.3256872142998069,-0.3256872142998069,0.95,0.334477207970053,0.09499416040793562,0.6595258374060413,0.9673366834170855,0.27863989758641144,0.0,0.0,0.0,0.0,0,0
-0.3445099279213818,175.0,65.0,-0.3445099279213818,-0.3445099279213818,0.95,0.357739831760259,0.09499416040793562,0.68754624257173,0.9422110552763819,0.2678642714570858,0.0,0.0,0.0,0.0,0,0
-0.3624169199622232,180.0,65.0,-0.3624169199622232,-0.3624169199622232,0.95,0.379216160394597,0.09499416040793562,0.7143398765500599,0.916030534351145,0.25392133204633205,0.0,0.0,0.0,0.0,0,0
-0.3753611752749238,185.0,65.0,-0.3753611752749238,-0.3753611752749238,0.95,0.3949718539149762,0.09499416040793562,0.7385981385303616,0.9102564102564102,0.23840335637889262,0.0,0.0,0.0,0.0,0,0
-0.3878527093787775,190.0,65.0,-0.3878527093787775,-0.3878527093787775,0.95,0.4079548222286521,0.09499416040793562,0.759699191720359,0.8900255754475703,0.2216442710590955,0.0,0.0,0.0,0.0,0,0
-0.39079977567690677,195.0,65.0,-0.39079977567690677,-0.39079977567690677,0.95,0.408519843345259,0.09737478902220978,0.770417107413943,0.8955613577023499,0.20567536248268845,0.0,0.0,0.0,0.0,0,0
-0.39705946993513225,200.0,65.0,-0.39705946993513225,-0.39705946993513225,0.95,0.4146721660783802,0.10005155865852122,0.7731644636040219,0.8711340206185567,0.19205480965799215,0.0,0.0,0.0,0.0,0,0
-0.40260669157672857,205.0,65.0,-0.40260669157672857,-0.40260669157672857,0.95,0.4180547890253656,0.10785701956122475,0.7817340323570526,0.8701298701298701,0.18228898348743255,0.0,0.0,0.0,0.0,0,0
-0.4113197587327843,210.0,65.0,-0.4113197587327843,-0.4113197587327843,0.95,0.42278001989437325,0.12454200014194518,0.7875960895723683,0.8582677165354331,0.17468064111795611,0.0,0.0,0.0,0.0,0,0
-0.41698639232904583,215.0,65.0,-0.41698639232904583,-0.41698639232904583,0.95,0.42516904468837946,0.13075461728304447,0.7930461349819935,0.8403141361256544,0.1698892484150159,0.0,0.0,0.0,0.0,0,0
-0.42391268201966137,220.0,65.0,-0.42391268201966137,-0.42391268201966137,0.95,0.4279752445670962,0.13909985200513653,0.8024991461834778,0.8267716535433071,0.165470618824753,0.0,0.0,0.0,0.0,0,0
-0.4277074849101837,225.0,65.0,-0.4277074849101837,-0.4277074849101837,0.95,0.4311904746454853,0.14493522037618634,0.8024991461834778,0.8162729658792651,0.16244112120666135,0.0,0.0,0.0,0.0,0,0
-0.43213706727020623,230.0,65.0,-0.43213706727020623,-0.43213706727020623,0.95,0.4356758052899792,0.14512055760970435,0.8076062655268387,0.8031496062992126,0.16032094853580006,0.0,0.0,0.0,0.0,0,0
-0.43425486262040963,235.0,65.0,-0.43425486262040963,-0.43425486262040963,0.95,0.43334470802783975,0.1522387479370747,0.8105892746868969,0.7979002624671916,0.15918855021989475,0.0,0.0,0.0,0.0,0,0
-0.4376530626795853,240.0,65.0,-0.4376530626795853,-0.4376530626795853,0.95,0.43569841368620765,0.150832610250627,0.8195042838329398,0.7921052631578948,0.15874141818458187,0.0,0.0,0.0,0.0,0,0
-0.44097635372295807,245.0,65.0,-0.44097635372295807,-0.44097635372295807,0.95,0.43912644936017436,0.1522387479370747,0.8229751091333342,0.7847769028871391,0.15825282007182964,0.0,0.0,0.0,0.0,0,0
-0.4433937571690821,250.0,65.0,-0.4433937571690821,-0.4433937571690821,0.95,0.4387686184259621,0.16049982923669504,0.8251815356125443,0.7853403141361257,0.15904029155699534,0.0,0.0,0.0,0.0,0,0
-0.4447555166759103,255.0,65.0,-0.4447555166759103,-0.4447555166759103,0.95,0.438763570663949,0.16049982923669504,0.832902640806744,0.791005291005291,0.16019491396375818,0.0,0.0,0.0,0.0,0,0
-0.4457574123753146,260.0,65.0,-0.4457574123753146,-0.4457574123753146,0.95,0.4386995332469681,0.16049982923669504,0.8353474091746772,0.7868421052631579,0.16159065401489645,0.0,0.0,0.0,0.0,0,0
-0.44397280248651017,265.0,65.0,-0.44397280248651017,-0.44397280248651017,0.95,0.4363797949303886,0.16078617386822977,0.8375003792645659,0.8015075376884422,0.1627716066801775,0.0,0.0,0.0,0.0,0,0
-0.42788139490862176,270.0,65.0,-0.42788139490862176,-0.42788139490862176,0.95,0.422913893458033,0.14727106017705022,0.8373190658808684,0.8743169398907104,0.16494205298013245,0.0,0.0,0.0,0.0,0,0
-0.4278847348773386,275.0,65.0,-0.4278847348773386,-0.4278847348773386,0.95,0.42278001989437325,0.14712573988847558,0.8376919437461658,0.8743169398907104,0.1672891581999112,0.0,0.0,0.0,0.0,0,0
-0.4274350248989112,280.0,65.0,-0.4274350248989112,-0.4274350248989112,0.95,0.4226328735475905,0.14493522037618634,0.840107433058465,0.8787878787878788,0.17021839141240547,0.0,0.0,0.0,0.0,0,0
-0.4260591847051677,285.0,65.0,-0.4260591847051677,-0.4260591847051677,0.95,0.4223385808540251,0.14172301489612962,0.8377256730322153,0.8773841961852861,0.17385480846504153,0.0,0.0,0.0,0.0,0,0
-0.424776438760887,290.0,65.0,-0.424776438760887,-0.424776438760887,0.95,0.421238844777752,0.14172301489612732,0.835048940151369,0.8791208791208791,0.17766235178940498,0.0,0.0,0.0,0.0,0,0
-0.424956116668603,295.0,65.0,-0.424956116668603,-0.424956116668603,0.95,0.4191415709767692,0.14508054066475623,0.8325045092210186,0.8709677419354839,0.18193876423123687,0.0,0.0,0.0,0.0,0,0
-0.42171266679658365,300.0,65.0,-0.42171266679658365,-0.42171266679658365,0.95,0.41754460346141353,0.1424210239924799,0.8313033326006477,0.8873626373626373,0.1877832512315271,0.0,0.0,0.0,0.0,0,0
-0.4225205855876253,305.0,65.0,-0.4225205855876253,-0.4225205855876253,0.95,0.4179829265231059,0.14927653778389072,0.825166637116017,0.8828337874659401,0.19314856257531418,0.0,0.0,0.0,0.0,0,0
-0.42469061889128723,310.0,65.0,-0.42469061889128723,-0.42469061889128723,0.95,0.41676327311611605,0.1628471321278937,0.8225567103295858,0.8836565096952909,0.19961882421932267,0.0,0.0,0.0,0.0,0,0
-0.4319843296390822,315.0,65.0,-0.4319843296390822,-0.4319843296390822,0.95,0.4196733883553498,0.173337883211135,0.8131991347992562,0.8251928020565553,0.20603662740161258,0.0,0.0,0.0,0.0,0,0
-0.4293105514341565,320.0,65.0,-0.4293105514341565,-0.4293105514341565,0.95,0.4174539758497426,0.17641772647189669,0.8026138801790429,0.8242894056847545,0.21365604939030008,0.0,0.0,0.0,0.0,0,0
-0.42759024081407015,325.0,65.0,-0.42759024081407015,-0.42759024081407015,0.95,0.4124634374545824,0.17641772647189669,0.802499146183477,0.8212435233160622,0.2210469984575188,0.0,0.0,0.0,0.0,0,0
-0.4255120132667935,330.0,65.0,-0.4255120132667935,-0.4255120132667935,0.95,0.4073547892092011,0.187736105859034,0.7919560491793006,0.8235294117647058,0.2301600129303378,0.0,0.0,0.0,0.0,0,0
-0.4264205193905177,335.0,65.0,-0.4264205193905177,-0.4264205193905177,0.95,0.4053593224751258,0.20092896497019835,0.7838267754430407,0.8191214470284238,0.23993890290875283,0.0,0.0,0.0,0.0,0,0
-0.42422828554678743,340.0,65.0,-0.42422828554678743,-0.42422828554678743,0.95,0.40362653416194383,0.20355891515987423,0.7769635370740479,0.8235294117647058,0.2489533340140917,0.0,0.0,0.0,0.0,0,0
-0.41848954521569354,345.0,65.0,-0.41848954521569354,-0.41848954521569354,0.95,0.3993321144229282,0.20355891515987423,0.7703991803361383,0.8473282442748091,0.2570640215151409,0.0,0.0,0.0,0.0,0,0
-0.41565928375037964,350.0,65.0,-0.41565928375037964,-0.41565928375037964,0.95,0.40103793037896607,0.20355891515987423,0.7602746740924414,0.8571428571428571,0.26713576454620136,0.0,0.0,0.0,0.0,0,0
-0.406599261591158,355.0,65.0,-0.406599261591158,-0.406599261591158,0.95,0.39435635564577054,0.20355891515987423,0.7384674583931874,0.8664987405541562,0.2763287133035032,0.0,0.0,0.0,0.0,0,0
-0.3789743576283315,0.0,70.0,-0.3789743576283315,-0.3789743576283315,0.95,0.38139249036630707,0.14927653778391914,0.7168992372572395,0.9012658227848102,0.2814154158509173,0.0,0.0,0.0,0.0,0,0
-0.3711618920479387,5.0,70.0,-0.3711618920479387,-0.3711618920479387,0.95,0.37007321457244613,0.16149816992630317,0.6954992600256801,0.9111675126903553,0.2856307129798903,0.0,0.0,0.0,0.0,0,0
-0.3621498687866417,10.0,70.0,-0.3621498687866417,-0.3621498687866417,0.95,0.3623660329087325,0.1628471321278937,0.6742835220478693,0.9207920792079208,0.2875749659663711,0.0,0.0,0.0,0.0,0,0
-0.35432347834647665,15.0,70.0,-0.35432347834647665,-0.35432347834647665,0.95,0.3590823342343311,0.1628471321278937,0.6540443997169141,0.9353233830845771,0.2878475038713959,0.0,0.0,0.0,0.0,0,0
-0.3524704689306913,20.0,70.0,-0.3524704689306913,-0.3524704689306913,0.95,0.36945651060718954,0.1628471321278937,0.6329043266233684,0.9425,0.2817877012637707,0.0,0.0,0.0,0.0,0,0
-0.35251919204089804,25.0,70.0,-0.35251919204089804,-0.35251919204089804,0.95,0.37559455248424867,0.1628471321278937,0.6205993397152216,0.9358024691358025,0.2772055036421161,0.0,0.0,0.0,0.0,0,0
-0.3518189388612192,30.0,70.0,-0.3518189388612192,-0.3518189388612192,0.95,0.38585535269744187,0.1628471321278937,0.5991993624836631,0.9303482587064676,0.274498294016216,0.0,0.0,0.0,0.0,0,0
-0.34781724575457523,35.0,70.0,-0.34781724575457523,-0.34781724575457523,0.95,0.38934218485614125,0.16263750415019065,0.5778232865808716,0.9303482587064676,0.27263415883235176,0.0,0.0,0.0,0.0,0,0
-0.3452234211105395,40.0,70.0,-0.3452234211105395,-0.3452234211105395,0.95,0.3911839799374941,0.1552335064594459,0.5570177184796681,0.8931297709923665,0.2734203998248942,0.0,0.0,0.0,0.0,0,0
-0.34791369936035843,45.0,70.0,-0.34791369936035843,-0.34791369936035843,0.95,0.39627776105905677,0.1659925929952399,0.5456994194047642,0.8852040816326531,0.27477362813193207,0.0,0.0,0.0,0.0,0,0
-0.3541603415806016,50.0,70.0,-0.3541603415806016,-0.3541603415806016,0.95,0.4103714158462207,0.1772105200522417,0.5349994307889849,0.8804071246819338,0.2771372634326735,0.0,0.0,0.0,0.0,0,0
-0.3473382685960962,55.0,70.0,-0.3473382685960962,-0.3473382685960962,0.95,0.40911161718037414,0.173337883211135,0.5135994535574246,0.8804071246819338,0.2799176181529123,0.0,0.0,0.0,0.0,0,0
-0.3435925152976202,60.0,70.0,-0.3435925152976202,-0.3435925152976202,0.95,0.40725841614463576,0.17173682966553844,0.5028994649416454,0.8796992481203008,0.28413310740166564,0.0,0.0,0.0,0.0,0,0
-0.34036451555889174,65.0,70.0,-0.34036451555889174,-0.34036451555889174,0.95,0.40669839471138036,0.17130497346697068,0.49219947632586525,0.8819095477386935,0.2875993240570956,0.0,0.0,0.0,0.0,0,0
-0.3328508168825102,70.0,70.0,-0.3328508168825102,-0.3328508168825102,0.95,0.39592283050934257,0.17119981785247518,0.4816141389077301,0.8872180451127819,0.2923611857905868,0.0,0.0,0.0,0.0,0,0
-0.3318657027313272,75.0,70.0,-0.3318657027313272,-0.3318657027313272,0.95,0.39094018392342433,0.18189980646825532,0.4781634483341879,0.8952618453865336,0.2961251969631858,0.0,0.0,0.0,0.0,0,0
-0.32713746365097063,80.0,70.0,-0.32713746365097063,-0.32713746365097063,0.95,0.3822628814413167,0.1864000774431987,0.4715291668545771,0.9025,0.3003962446007211,0.0,0.0,0.0,0.0,0,0
-0.321482955338558,85.0,70.0,-0.321482955338558,-0.321482955338558,0.95,0.3689594212745603,0.19259979508403458,0.4709167517296478,0.9197994987468672,0.3042842885657257,0.0,0.0,0.0,0.0,0,0
-0.3147946069934067,90.0,70.0,-0.3147946069934067,-0.3147946069934067,0.95,0.3554218521082754,0.19450276396444874,0.4710630447755882,0.9376558603491272,0.3082311111111111,0.0,0.0,0.0,0.0,0,0
-0.3079103372846659,95.0,70.0,-0.3079103372846659,-0.3079103372846659,0.95,0.3448226164031977,0.19307729565451553,0.4718478672390316,0.9625,0.31056230733798673,0.0,0.0,0.0,0.0,0,0
-0.30267248684397896,100.0,70.0,-0.30267248684397896,-0.30267248684397896,0.95,0.33419567895415936,0.19259979508403458,0.4724044973866726,0.972568578553616,0.313382269904009,0.0,0.0,0.0,0.0,0,0
-0.2952360310360261,105.0,70.0,-0.2952360310360261,-0.2952360310360261,0.95,0.32099741604534976,0.18189980646825532,0.4804979569537844,0.9876237623762376,0.31530992753113346,0.0,0.0,0.0,0.0,0,0
-0.28927166434703644,110.0,70.0,-0.28927166434703644,-0.28927166434703644,0.95,0.3104335443066296,0.173337883211135,0.48310448600245276,0.9901234567901235,0.31623333449977253,0.0,0.0,0.0,0.0,0,0
-0.2871192891145686,115.0,70.0,-0.2871192891145686,-0.2871192891145686,0.95,0.29959968124183245,0.173337883211135,0.493804474618232,0.9950617283950617,0.31522344424335236,0.0,0.0,0.0,0.0,0,0
-0.2839811451506543,120.0,70.0,-0.2839811451506543,-0.2839811451506543,0.95,0.2888541943229381,0.16952442028023723,0.5042334494056789,1.0,0.314535125398365,0.0,0.0,0.0,0.0,0,0
-0.28255505370322653,125.0,70.0,-0.28255505370322653,-0.28255505370322653,0.95,0.2780301588374584,0.16107251849976778,0.5242994421732048,1.0,0.3113687977427569,0.0,0.0,0.0,0.0,0,0
-0.2788094308393133,130.0,70.0,-0.2788094308393133,-0.2788094308393133,0.95,0.2674997153944929,0.15223874793707978,0.5349994307889849,1.0,0.3088235294117647,0.0,0.0,0.0,0.0,0,0
-0.27709225390747805,135.0,70.0,-0.27709225390747805,-0.27709225390747805,0.95,0.25674693517505465,0.15026950165269382,0.547304417697131,1.0,0.30698891834930997,0.0,0.0,0.0,0.0,0,0
-0.28275084737619616,140.0,70.0,-0.28275084737619616,-0.28275084737619616,0.95,0.26561273584836054,0.13909985200513564,0.5669231601422723,1.0,0.30350693624059133,0.0,0.0,0.0,0.0,0,0
-0.2877120369443257,145.0,70.0,-0.2877120369443257,-0.2877120369443257,0.95,0.28116280797617255,0.12158327147095618,0.5794043835444705,1.0,0.3014520943022905,0.0,0.0,0.0,0.0,0,0
-0.292928928003685,150.0,70.0,-0.292928928003685,-0.292928928003685,0.95,0.28940895729842714,0.10785701956122656,0.6008043607760299,1.0,0.29915440442106667,0.0,0.0,0.0,0.0,0,0
-0.3017122500459939,155.0,70.0,-0.3017122500459939,-0.3017122500459939,0.95,0.3052154778964815,0.09629989754201684,0.6222043380075885,1.0,0.29542681921593195,0.0,0.0,0.0,0.0,0,0
-0.30806996185532315,160.0,70.0,-0.30806996185532315,-0.30806996185532315,0.95,0.3177003775251731,0.08142356606396106,0.6425356773170545,1.0,0.2919929522317933,0.0,0.0,0.0,0.0,0,0
-0.3223427198906742,165.0,70.0,-0.3223427198906742,-0.3223427198906742,0.95,0.3326568956595364,0.08142356606393264,0.6634825399854907,0.9694656488549618,0.28831185608629656,0.0,0.0,0.0,0.0,0,0
-0.3304371154060239,170.0,70.0,-0.3304371154060239,-0.3304371154060239,0.95,0.34102813579893637,0.08022382360168626,0.6775590100570883,0.9541984732824428,0.28303574280512345,0.0,0.0,0.0,0.0,0,0
-0.3446059018170976,175.0,70.0,-0.3446059018170976,-0.3446059018170976,0.95,0.3595965104301983,0.08142356606393264,0.6981162127514348,0.9411764705882353,0.27308528401751675,0.0,0.0,0.0,0.0,0,0
-0.3573350156732821,180.0,70.0,-0.3573350156732821,-0.3573350156732821,0.95,0.3737799231387289,0.08142356606393264,0.718940784555683,0.9226804123711341,0.26280298321939094,0.0,0.0,0.0,0.0,0,0
-0.3689721730300276,185.0,70.0,-0.3689721730300276,-0.3689721730300276,0.95,0.3884750171444752,0.08022382360168578,0.7382992144887988,0.9104859335038363,0.25217284857387684,0.0,0.0,0.0,0.0,0,0
-0.3791934532358918,190.0,70.0,-0.3791934532358918,-0.3791934532358918,0.95,0.4037209694138822,0.08142356606393264,0.749293868053927,0.8997429305912596,0.23822706346101766,0.0,0.0,0.0,0.0,0,0
-0.3840230833710158,195.0,70.0,-0.3840230833710158,-0.3840230833710158,0.95,0.4071367914999103,0.08142356606394685,0.7617991238181874,0.8963730569948186,0.22569382803716195,0.0,0.0,0.0,0.0,0,0
-0.3909971883848075,200.0,70.0,-0.3909971883848075,-0.3909971883848075,0.95,0.41357989250127514,0.08333644531848361,0.7704708719712836,0.8788659793814433,0.21289573046761545,0.0,0.0,0.0,0.0,0,0
-0.3920500421011114,205.0,70.0,-0.3920500421011114,-0.3920500421011114,0.95,0.4101282855549958,0.09229393251899085,0.7736276805681419,0.8848167539267016,0.20319295033188373,0.0,0.0,0.0,0.0,0,0
-0.39551199294860145,210.0,70.0,-0.39551199294860145,-0.39551199294860145,0.95,0.41205160667990454,0.10005155865852122,0.7736276805681419,0.8772845953002611,0.19621736062103035,0.0,0.0,0.0,0.0,0,0
-0.4039709086079788,215.0,70.0,-0.4039709086079788,-0.4039709086079788,0.95,0.41754891775835523,0.11063360779202952,0.7828636642317391,0.8642297650130548,0.1903075593229791,0.0,0.0,0.0,0.0,0,0
-0.40763118447801144,220.0,70.0,-0.40763118447801144,-0.40763118447801144,0.95,0.41754891775835523,0.11906090624209865,0.7875960895723683,0.8605263157894737,0.18555448142521752,0.0,0.0,0.0,0.0,0,0
-0.4137025846844573,225.0,70.0,-0.4137025846844573,-0.4137025846844573,0.95,0.4208380931469575,0.12728619350435832,0.7920779330404442,0.8447368421052631,0.18253533472115702,0.0,0.0,0.0,0.0,0,0
-0.4162517598950916,230.0,70.0,-0.4162517598950916,-0.4162517598950916,0.95,0.42278001989437325,0.12936459789461438,0.7949838835389654,0.8394736842105263,0.18058733790999237,0.0,0.0,0.0,0.0,0,0
-0.4213103051909887,235.0,70.0,-0.4213103051909887,-0.4213103051909887,0.95,0.42329009698562187,0.13457844850401118,0.8024991461834778,0.8227513227513228,0.17920281995661605,0.0,0.0,0.0,0.0,0,0
-0.42253902640262747,240.0,70.0,-0.42253902640262747,-0.42253902640262747,0.95,0.42278001989437325,0.13925125563836277,0.8024991461834778,0.8201058201058201,0.1791848105374192,0.0,0.0,0.0,0.0,0,0
-0.4252918056824224,245.0,70.0,-0.4252918056824224,-0.4252918056824224,0.95,0.425959488371053,0.14172301489612418,0.8025163562828127,0.8115183246073299,0.1796541475276952,0.0,0.0,0.0,0.0,0,0
-0.42609973465077905,250.0,70.0,-0.42609973465077905,-0.42609973465077905,0.95,0.42602564388963526,0.14172301489612418,0.8061008565442618,0.8126649076517151,0.18107018161149754,0.0,0.0,0.0,0.0,0,0
-0.42745337222591095,255.0,70.0,-0.42745337222591095,-0.42745337222591095,0.95,0.425335453884732,0.13976025850970697,0.8120629232765088,0.8063660477453581,0.18210203361298904,0.0,0.0,0.0,0.0,0,0
-0.4307562564313031,260.0,70.0,-0.4307562564313031,-0.4307562564313031,0.95,0.4279752445670962,0.14493522037617834,0.8120629232765088,0.7968337730870713,0.18367124482232397,0.0,0.0,0.0,0.0,0,0
-0.428124285634267,265.0,70.0,-0.428124285634267,-0.428124285634267,0.95,0.4261238567676119,0.13976025850970422,0.8142123704881873,0.8081841432225064,0.18425158058953936,0.0,0.0,0.0,0.0,0,0
-0.428962657155455,270.0,70.0,-0.428962657155455,-0.428962657155455,0.95,0.4261115801578648,0.14332911763615125,0.8142123704881873,0.8086734693877551,0.1856666758476327,0.0,0.0,0.0,0.0,0,0
-0.4285137856577047,275.0,70.0,-0.4285137856577047,-0.4285137856577047,0.95,0.42550186308108423,0.1417230148961246,0.8162110806471985,0.811704834605598,0.18734556761709098,0.0,0.0,0.0,0.0,0,0
-0.42727830136692185,280.0,70.0,-0.42727830136692185,-0.42727830136692185,0.95,0.4243482501483808,0.13925125563836788,0.816414953673543,0.8137755102040817,0.18942941258937335,0.0,0.0,0.0,0.0,0,0
-0.4265148047340646,285.0,70.0,-0.4265148047340646,-0.4265148047340646,0.95,0.42278001989437325,0.13909985200513608,0.8162110806471988,0.8142493638676844,0.19192748902421752,0.0,0.0,0.0,0.0,0,0
-0.4243991873499352,290.0,70.0,-0.4243991873499352,-0.4243991873499352,0.95,0.4210434535725147,0.13909985200513564,0.8132161184816507,0.8209718670076727,0.19482491833342885,0.0,0.0,0.0,0.0,0,0
-0.4235796122679833,295.0,70.0,-0.4235796122679833,-0.4235796122679833,0.95,0.4202871882724601,0.13909985200513564,0.811512276492439,0.821882951653944,0.19818852149679217,0.0,0.0,0.0,0.0,0,0
-0.4212811166404984,300.0,70.0,-0.4212811166404984,-0.4212811166404984,0.95,0.4177845962040937,0.13909985200513564,0.8083580647015548,0.8269720101781171,0.20258011310084825,0.0,0.0,0.0,0.0,0,0
-0.4183335173202084,305.0,70.0,-0.4183335173202084,-0.4183335173202084,0.95,0.4172995560154078,0.13329730973354897,0.8026138801790424,0.8256410256410256,0.2063734290843806,0.0,0.0,0.0,0.0,0,0
-0.417599240603523,310.0,70.0,-0.417599240603523,-0.417599240603523,0.95,0.41414165962462146,0.13570594343991615,0.8024991461834771,0.8260869565217391,0.21161749931500592,0.0,0.0,0.0,0.0,0,0
-0.4158803215945181,315.0,70.0,-0.4158803215945181,-0.4158803215945181,0.95,0.414226278678621,0.1392512556383632,0.7920779330404442,0.8264248704663213,0.21773643410852714,0.0,0.0,0.0,0.0,0,0
-0.4176058458810445,320.0,70.0,-0.4176058458810445,-0.4176058458810445,0.95,0.4104636356057187,0.14927653778389072,0.7919560491793006,0.8188775510204082,0.22398533316474903,0.0,0.0,0.0,0.0,0,0
-0.41385638427572113,325.0,70.0,-0.41385638427572113,-0.41385638427572113,0.95,0.4074201885219879,0.14927653778391914,0.7852045327353311,0.8273195876288659,0.23136901118020428,0.0,0.0,0.0,0.0,0,0
-0.4100846289662279,330.0,70.0,-0.4100846289662279,-0.4100846289662279,0.95,0.40418593937914105,0.14927653778391914,0.7810991689519176,0.8418367346938775,0.2381437204414083,0.0,0.0,0.0,0.0,0,0
-0.40736079187848667,335.0,70.0,-0.40736079187848667,-0.40736079187848667,0.95,0.4020426890609596,0.14927653778391914,0.7783124686466335,0.8535353535353535,0.24488291849519278,0.0,0.0,0.0,0.0,0,0
-0.40284167034953466,340.0,70.0,-0.40284167034953466,-0.40284167034953466,0.95,0.40047266471806975,0.14927653778391914,0.7705724587455111,0.8730964467005076,0.2534893267651888,0.0,0.0,0.0,0.0,0,0
-0.3996612070257335,345.0,70.0,-0.3996612070257335,-0.3996612070257335,0.95,0.39837554573808076,0.14927653778391914,0.7617161608566785,0.8743718592964824,0.2632994516050159,0.0,0.0,0.0,0.0,0,0
-0.3954697974112531,350.0,70.0,-0.3954697974112531,-0.3954697974112531,0.95,0.39705531505228175,0.14927653778391914,0.7490729417472918,0.8793969849246231,0.27061663530831764,0.0,0.0,0.0,0.0,0,0
-0.387855575434898,355.0,70.0,-0.387855575434898,-0.387855575434898,0.95,0.39164631793755234,0.14927653778391914,0.7301716048777553,0.8866498740554156,0.2768832662449684,0.0,0.0,0.0,0.0,0,0
