score,azimuth_deg,elevation_deg,frame0_score,frame0_pred_to_observed_p90_m,frame0_pred_to_observed_median_m,frame0_observed_to_predicted_p90_m,frame0_pred_boundary_support_0p35m,frame0_iou_diagnostic
-0.8361038799960258,0.0,20.0,-0.8361038799960258,1.6971879953046412,0.05727769143263804,0.4145428249403162,0.6072644721906924,0.06756137842976698
-0.847985583890955,5.0,20.0,-0.847985583890955,1.731459565498619,0.15932835949461602,0.2886221907656181,0.565858798735511,9.018036072144289e-05
-0.890750483968991,10.0,20.0,-0.890750483968991,1.7942770419730567,0.26843999621984194,0.2431909199969562,0.5486806187443131,0.00416644927590242
-0.9666233009597998,15.0,20.0,-0.9666233009597998,1.9081448599035296,0.3493144521300925,0.264818116803056,0.5016778523489933,0.03713989439683429
-1.0683152638926854,20.0,20.0,-1.0683152638926854,2.061132952356524,0.4368429480269352,0.3178839716475042,0.4481964696853415,0.04280037423200455
-1.1527225658906897,25.0,20.0,-1.1527225658906897,2.180562395033758,0.5049505894887032,0.3611865274925394,0.3603667136812412,0.03644560814306065
-1.1596981731660054,30.0,20.0,-1.1596981731660054,2.1755277771480497,0.4879270853053246,0.4062090092256847,0.3404696132596685,0.027261951797708416
-1.1780561259404225,35.0,20.0,-1.1780561259404225,2.185108577246906,0.5085638768221524,0.4489678523020726,0.3537023723939612,0.0189861661045119
-1.1808277847983124,40.0,20.0,-1.1808277847983124,2.170511094954395,0.4970022208247672,0.48989170771344026,0.34100135317997293,0.008728420711126084
-1.2021832279161644,45.0,20.0,-1.2021832279161644,2.1808987105269457,0.53350681747244,0.5295734680835672,0.3594632768361582,0.005324200913242009
-1.2122398355572763,50.0,20.0,-1.2122398355572763,2.1797220023907515,0.548433030062818,0.5630765194443876,0.3752635277582572,0.004267416788371514
-1.2163675571696417,55.0,20.0,-1.2163675571696417,2.178378324777855,0.5426635678883784,0.5933761839129148,0.389937106918239,0.004075275177680214
-1.2210032048507846,60.0,20.0,-1.2210032048507846,2.1787142441810796,0.5333216754697216,0.6217812433766486,0.3925822253324003,0.004651135267558627
-1.2259268485878274,65.0,20.0,-1.2259268485878274,2.1777072799851322,0.5309504189556337,0.6467528535518675,0.39581881533101043,0.0046416059365253
-1.199267247369177,70.0,20.0,-1.199267247369177,2.0933007991901236,0.5349761380526548,0.6628461747959793,0.3750865051903114,0.004460551993309172
-1.1628725681256482,75.0,20.0,-1.1628725681256482,2.003473468052726,0.5145257945013777,0.676987039614091,0.3639502762430939,0.0042582183614375746
-1.1254768328128306,80.0,20.0,-1.1254768328128306,1.905499972727125,0.4971915989000466,0.6921036212917429,0.3404696132596685,0.004171546986214974
-1.0704023132558995,85.0,20.0,-1.0704023132558995,1.7548860947887264,0.49314225158764047,0.6959252446392069,0.2881899871630295,0.004138975806378892
-1.049270350992772,90.0,20.0,-1.049270350992772,1.7030765552723497,0.4778538822437337,0.7007817172294193,0.2661917098445596,0.004125424918766633
-1.0274709098746322,95.0,20.0,-1.0274709098746322,1.649020441927137,0.4776227129731236,0.7028718108538273,0.27260897852960314,0.0041045388737145335
-0.9750480376030113,100.0,20.0,-0.9750480376030113,1.528339379842561,0.4756525031790687,0.6977151580033969,0.2962962962962963,0.004073530936615858
-0.9490206872782918,105.0,20.0,-0.9490206872782918,1.4722601444423362,0.47172495210939824,0.6936372543522199,0.31223922114047287,0.004029847246808361
-0.8941741005806498,110.0,20.0,-0.8941741005806498,1.3645012244778896,0.4498799183616157,0.681545559279119,0.3448275862068966,0.004009653518077001
-0.7397285117555932,115.0,20.0,-0.7397285117555932,1.0324767980213938,0.4044866669218719,0.6651376899003374,0.40668296658516706,0.0038595272225125463
-0.7022737026786682,120.0,20.0,-0.7022737026786682,0.974512551586244,0.38482958768749054,0.6388128932043127,0.4344193817878028,0.003603909305516146
-0.6637022420989442,125.0,20.0,-0.6637022420989442,0.9138982868366362,0.3683381630740616,0.610608651513459,0.4659377628259041,0.003103939389490067
-0.6263907004056463,130.0,20.0,-0.6263907004056463,0.8668489479362352,0.3420707446111031,0.5805723706910297,0.5100965759438104,0.002776735681348903
-0.5883238159640868,135.0,20.0,-0.5883238159640868,0.8032947166302867,0.33136485152047956,0.5478476769162199,0.527972027972028,0.002337602084213156
-0.5421187387073771,140.0,20.0,-0.5421187387073771,0.7182654239613913,0.3293758429700554,0.5078710379354885,0.5449915110356537,0.0014861339201810981
-0.5192284001806685,145.0,20.0,-0.5192284001806685,0.7101784616298111,0.3120123884393788,0.4657290757374533,0.5927835051546392,0.010921949147847923
-0.48252811835536347,150.0,20.0,-0.48252811835536347,0.6733032191220507,0.2886221907656181,0.4221135158116348,0.6447709593777009,0.021381427230942954
-0.4336302144893261,155.0,20.0,-0.4336302144893261,0.6245295233432204,0.24863028475031057,0.3740367007867509,0.7184834123222749,0.0305333903060295
-0.3833810855108435,160.0,20.0,-0.3833810855108435,0.5558792859718066,0.22157760816709463,0.32558247267027324,0.757606490872211,0.03802528079166421
-0.33184824039410776,165.0,20.0,-0.33184824039410776,0.48830859227381895,0.19613475640818584,0.2738354252720704,0.8096774193548387,0.04269290924239545
-0.3090448894944514,170.0,20.0,-0.3090448894944514,0.45174409097002566,0.19159690245197364,0.25482172273005504,0.8325740318906606,0.04693747868943926
-0.2897152980095247,175.0,20.0,-0.2897152980095247,0.41726396529979826,0.1416386676905348,0.29478020309669056,0.8629500580720093,0.053990819158778736
-0.2784227484586421,180.0,20.0,-0.2784227484586421,0.38345081379719714,0.04810369846093643,0.40353658153341065,0.8786764705882353,0.0674367471135009
-0.3359767562443375,185.0,20.0,-0.3359767562443375,0.385797031584729,0.1364140594464961,0.5413166160941885,0.8777472527472527,0.10328963842511982
-0.4695374820173552,190.0,20.0,-0.4695374820173552,0.5088880137970657,0.26679230296290984,0.6798263595405046,0.7067238912732475,0.09504486170930099
-0.6602642440654914,195.0,20.0,-0.6602642440654914,0.708384438155325,0.4116829338467456,0.8343770204627452,0.346045197740113,0.0724513373477104
-0.7648017449398481,200.0,20.0,-0.7648017449398481,0.743390096002539,0.5588112527413002,1.002160384602841,0.22797202797202798,0.042729510824527125
-0.8059169543611799,205.0,20.0,-0.8059169543611799,0.7383732809635383,0.6253480799921727,1.0828625424067984,0.164850136239782,0.026987556912422602
-0.8256126889203746,210.0,20.0,-0.8256126889203746,0.7327246028917161,0.6434499813199194,1.0898160129094363,0.007936507936507936,0.0061179745954411
-0.823492098144564,215.0,20.0,-0.823492098144564,0.7250608161442046,0.6440550738380924,1.0898160129094363,0.0,0.003588282626187939
-0.822990034198204,220.0,20.0,-0.822990034198204,0.7238551298682173,0.6461138582480517,1.0876780707556168,0.0,0.002792242094936231
-0.8241612179103414,225.0,20.0,-0.8241612179103414,0.7231406775544051,0.6498037746448808,1.0898160129094363,0.0,0.0021385226044206653
-0.8386755667411586,230.0,20.0,-0.8386755667411586,0.7563384184050055,0.6547447846071894,1.0898160129094363,0.0,0.0013863902688606843
-0.8579996579648784,235.0,20.0,-0.8579996579648784,0.8046486464643051,0.6547447846071894,1.0898160129094363,0.0,0.0009488238896604073
-0.8234506160659517,240.0,20.0,-0.8234506160659517,0.7450686709526724,0.6490256059078485,1.0898160129094363,0.09287257019438445,0.0012651021569991777
-0.8198942144887884,245.0,20.0,-0.8198942144887884,0.7343405751273371,0.6488770602131573,1.0898160129094363,0.0851528384279476,0.001337855662332768
-0.8191568243900534,250.0,20.0,-0.8191568243900534,0.7265425823520095,0.6483431528875625,1.0898160129094363,0.06,0.0012464335446427703
-0.8256356430101541,255.0,20.0,-0.8256356430101541,0.7270160281325908,0.6495009141190349,1.0898160129094363,0.0,0.001174887532133676
-0.829154065203923,260.0,20.0,-0.829154065203923,0.7356227957883593,0.6498037746448808,1.0898160129094363,0.0,0.0012473799907980164
-0.8393610678600446,265.0,20.0,-0.8393610678600446,0.7601609087913123,0.6513708044646425,1.0898160129094363,0.0,0.0011588684477371023
-0.8534675805590101,270.0,20.0,-0.8534675805590101,0.7949887202573052,0.6520723569149154,1.0898160129094363,0.0,0.0012641701034132593
-0.8472824370509275,275.0,20.0,-0.8472824370509275,0.779525861487099,0.6520723569149154,1.0898160129094363,0.0,0.0010603362192322342
-0.8670955503558323,280.0,20.0,-0.8670955503558323,0.8290586447493608,0.6520723569149154,1.0898160129094363,0.0,0.0011239709590206263
-0.8946582019595833,285.0,20.0,-0.8946582019595833,0.8979652737587386,0.6520723569149154,1.0898160129094363,0.0,0.0011090206951183286
-0.9140034737038464,290.0,20.0,-0.9140034737038464,0.9463127379780888,0.652097501141007,1.0898160129094363,0.0,0.0013089505465107391
-0.9695542710961383,295.0,20.0,-0.9695542710961383,1.0850640321361982,0.6522986200572002,1.0898160129094363,0.0,0.001561968815751996
-1.0060072383838274,300.0,20.0,-1.0060072383838274,1.175945167906664,0.6527006719752106,1.0898160129094363,0.0,0.001638582932450076
-1.2382672747868497,305.0,20.0,-1.2382672747868497,1.7542201673187476,0.6565008185279657,1.0898160129094363,0.0,0.0018493219152977242
-1.1907239244037378,310.0,20.0,-1.1907239244037378,1.6358962531451955,0.6556456796732011,1.0898160129094363,0.0,0.0026622587079700873
-1.213502956569398,315.0,20.0,-1.213502956569398,1.6923093717751185,0.6565008185279657,1.0898160129094363,0.0,0.0035379859995757447
-1.240554701941046,320.0,20.0,-1.240554701941046,1.7593659890970519,0.6574172122994635,1.0898160129094363,0.0,0.0041342708161966136
-1.2416859948675087,325.0,20.0,-1.2416859948675087,1.7593659890970519,0.6619423840053149,1.0898160129094363,0.0,0.00506457846028679
-1.2481820311195218,330.0,20.0,-1.2481820311195218,1.7589368761406479,0.6886131097436141,1.0898160129094363,0.0,0.006450689937704023
-1.2418584811056776,335.0,20.0,-1.2418584811056776,1.754722074343682,0.6732263427094808,1.0866522627633386,0.0,0.007736651441171838
-1.201920963548445,340.0,20.0,-1.201920963548445,1.7516507395383616,0.6822135251875123,0.9723786952944378,0.12387387387387387,0.011562998405103669
-1.1051018383867204,345.0,20.0,-1.1051018383867204,1.7280508025870902,0.5299147771334767,0.8306458431131525,0.26258637709772953,0.018672431403825435
-0.9839459179420079,350.0,20.0,-0.9839459179420079,1.6985872290301884,0.3420947089847922,0.6946728005902573,0.5468085106382978,0.05736642458207049
-0.8815233798629574,355.0,20.0,-0.8815233798629574,1.6605496621524916,0.15860636729600877,0.5553838121148189,0.6119402985074627,0.12000270398161292
-0.8429115307029311,0.0,25.0,-0.8429115307029311,1.7027516061438952,0.06642797361862461,0.4160588226061108,0.5881081081081081,0.04826801517067004
-0.8526663777318291,5.0,25.0,-0.8526663777318291,1.7405658080672657,0.15235150410294027,0.2966836881700978,0.5581874356333677,0.00015267321253065392
-0.8879312535121211,10.0,25.0,-0.8879312535121211,1.8075421278205144,0.20706939220851714,0.2666566583917829,0.535171102661597,0.014524563600206231
-0.9481006212855057,15.0,25.0,-0.9481006212855057,1.8977002975609367,0.31190417472600007,0.24990174004242904,0.5143097643097643,0.04303723142922194
-1.0582076507587972,20.0,25.0,-1.0582076507587972,2.021825824993662,0.513791421883273,0.275260052304247,0.47785547785547783,0.04579356489225622
-1.1236569553165667,25.0,25.0,-1.1236569553165667,2.15738725464609,0.5124389445938017,0.3138882001964044,0.45879732739420936,0.04088526307540656
-1.1307353208271256,30.0,25.0,-1.1307353208271256,2.188485522237526,0.44680239002575783,0.3504920358208647,0.43982494529540483,0.03359167563688554
-1.1406255541808195,35.0,25.0,-1.1406255541808195,2.1889929456135104,0.4216556309635607,0.3864110891523685,0.36988304093567254,0.02673521180054932
-1.1487657421070643,40.0,25.0,-1.1487657421070643,2.1847714723175056,0.42977636579297424,0.4181088154843445,0.3711414213926777,0.022160461329382812
-1.1565274438820956,45.0,25.0,-1.1565274438820956,2.1903462699287717,0.43616920769509526,0.4439159477119582,0.3963235294117647,0.01815464610378126
-1.1675110278060041,50.0,25.0,-1.1675110278060041,2.181235026020133,0.46038819773201645,0.4724380048159392,0.38189533239038187,0.013086826501971634
-1.174516403865633,55.0,25.0,-1.174516403865633,2.1773717575887703,0.47305436302787307,0.4937564542105112,0.3813500347947112,0.007364881027762534
-1.1809915297089002,60.0,25.0,-1.1809915297089002,2.1763655883251904,0.48149423509388833,0.5149646970991621,0.3866943866943867,0.005303386543421825
-1.185055068238935,65.0,25.0,-1.185055068238935,2.1770835053079036,0.48857905611919317,0.5319179235301476,0.40902578796561606,0.004666133446988462
-1.1579961149349647,70.0,25.0,-1.1579961149349647,2.0956278619070314,0.492395482228815,0.5506213565266027,0.410092395167022,0.004293307702747994
-1.1234108904638649,75.0,25.0,-1.1234108904638649,2.007254600852868,0.48692090912614067,0.5629850719733644,0.4196744515215853,0.004035752377566438
-1.0910414564490014,80.0,25.0,-1.0910414564490014,1.9241151252507758,0.4805531803951979,0.5740743813953256,0.4226148409893993,0.0038952373008591208
-1.0427557489558186,85.0,25.0,-1.0427557489558186,1.8211831859705665,0.4489045383722457,0.5813162689890311,0.43272727272727274,0.0038324816707398356
-1.0274613599826463,90.0,25.0,-1.0274613599826463,1.757523409416757,0.4632157476852925,0.583320759515251,0.3718213058419244,0.003809571305477748
-1.0015856995470478,95.0,25.0,-1.0015856995470478,1.6990984959781423,0.4570469546065081,0.5805645182584893,0.3745656706045865,0.003792360668669033
-0.9710826331441612,100.0,25.0,-0.9710826331441612,1.6335340353959877,0.4466638639350755,0.5757266976622926,0.37928621413575925,0.0037683518736245517
-0.8049054869182064,105.0,25.0,-0.8049054869182064,1.2728410564567407,0.39288860534646,0.5684310041309556,0.44560838033843675,0.003734870379625807
-0.7985214289217175,110.0,25.0,-0.7985214289217175,1.2721742515415175,0.3838381727645058,0.5581833746022773,0.4585365853658537,0.0037123697023079376
-0.644516015058443,115.0,25.0,-0.644516015058443,0.9440757062863058,0.331381033842006,0.545128044549596,0.5224153705397987,0.003616063447693033
-0.6178199841648753,120.0,25.0,-0.6178199841648753,0.9035383674736355,0.3158723243875207,0.5275198445199634,0.5444340505144996,0.00339992656158627
-0.5852986928163487,125.0,25.0,-0.5852986928163487,0.8480399235712313,0.304737899342758,0.5035182278535266,0.5598130841121496,0.0033597995064268476
-0.5489225329863759,130.0,25.0,-0.5489225329863759,0.790485621626259,0.2880488310478784,0.4784964902036571,0.5890804597701149,0.008150367777383906
-0.5363955903354585,135.0,25.0,-0.5363955903354585,0.7457719890379848,0.31801889538063444,0.45312591262828167,0.5469940728196444,0.014728771626638446
-0.5130923140109668,140.0,25.0,-0.5130923140109668,0.7312827899620341,0.29722693614512263,0.4249468711516257,0.5996425379803396,0.019925512104283054
-0.481999710256155,145.0,25.0,-0.481999710256155,0.699853019094726,0.2787733696643113,0.3915167155751023,0.6551401869158878,0.02507597007947639
-0.44051258382149877,150.0,25.0,-0.44051258382149877,0.6561639501588515,0.25622947168356974,0.355469784794988,0.7487781036168133,0.03016506938175209
-0.4094221682335535,155.0,25.0,-0.4094221682335535,0.6143566922878216,0.24120896340032266,0.3186882847419025,0.7629482071713147,0.03393090100629008
-0.377574546378524,160.0,25.0,-0.377574546378524,0.5796520431580982,0.21913907076648798,0.28036461046371663,0.7916219119226638,0.036577030053517375
-0.3520223246541516,165.0,25.0,-0.3520223246541516,0.5392747859039605,0.20822798891513838,0.2569311545175748,0.7997737556561086,0.03957938263801096
-0.33403601516853315,170.0,25.0,-0.33403601516853315,0.5101316397887706,0.1745552372632785,0.27012164330640387,0.8118586088939567,0.04332100317061327
-0.3250462969277997,175.0,25.0,-0.3250462969277997,0.4922841528131878,0.13411131120519493,0.30732918461153824,0.8222748815165877,0.050118297018419654
-0.3252277624967354,180.0,25.0,-0.3252277624967354,0.4777936692074526,0.05612098153775902,0.4113201977172584,0.8275,0.0667170155464041
-0.3671414124406641,185.0,25.0,-0.3671414124406641,0.4771121719701922,0.09620739692187286,0.5375308751174342,0.8213802435723951,0.10868702682994831
-0.444408416780628,190.0,25.0,-0.444408416780628,0.4854675697756064,0.2539129177623797,0.6675205829246414,0.8013698630136986,0.11767841177414548
-0.5793762616302315,195.0,25.0,-0.5793762616302315,0.5681083834901807,0.3751077812135024,0.799819515679774,0.4159891598915989,0.11344718249789695
-0.7381232701910566,200.0,25.0,-0.7381232701910566,0.7339889028093438,0.5045006987504413,0.9460468885175036,0.1810918774966711,0.08723168842664306
-0.7977450057816438,205.0,25.0,-0.7977450057816438,0.729964871749672,0.5958719543731764,1.0688852648274567,0.10430247718383312,0.04087131270283961
-0.8230174983224389,210.0,25.0,-0.8230174983224389,0.7255445838965631,0.6413826461458183,1.0898160129094363,0.0,0.03177830151904959
-0.821234711734853,215.0,25.0,-0.821234711734853,0.7203054893843951,0.6426340510149432,1.0898160129094363,0.0,0.010988662189098943
-0.8192773606253959,220.0,25.0,-0.8192773606253959,0.7141263918841128,0.6446912025775668,1.0898160129094363,0.0,0.004000026534172698
-0.8199700680202747,225.0,25.0,-0.8199700680202747,0.7123475190143905,0.6503082287486374,1.0898160129094363,0.0,0.0030742778541953232
-0.8350604645602083,230.0,25.0,-0.8350604645602083,0.7467376035363725,0.6556456796732011,1.0898160129094363,0.0,0.0030538119754566612
-0.8595589441227084,235.0,25.0,-0.8595589441227084,0.8078675927038972,0.6558316152551621,1.0898160129094363,0.0,0.002326748151325883
-0.8822757956275759,240.0,25.0,-0.8822757956275759,0.8646597214660657,0.6558316152551621,1.0898160129094363,0.0,0.002047259447014976
-0.9031273742060487,245.0,25.0,-0.9031273742060487,0.9167886679122477,0.6558316152551621,1.0898160129094363,0.0,0.001627383229468748
-0.9263103104603386,250.0,25.0,-0.9263103104603386,0.9748622182866983,0.6556456796732011,1.0898160129094363,0.0,0.0013510203759154941
-0.9518348810663942,255.0,25.0,-0.9518348810663942,1.0386736448018374,0.6556456796732011,1.0898160129094363,0.0,0.0012398557258791703
-0.9762801279013539,260.0,25.0,-0.9762801279013539,1.0997867618892363,0.6556456796732011,1.0898160129094363,0.0,0.00129635065062127
-1.0027336699739513,265.0,25.0,-1.0027336699739513,1.1658507877889788,0.6557574065240026,1.0898160129094363,0.0,0.0014746120950960956
-1.0269452025095005,270.0,25.0,-1.0269452025095005,1.2264377239972146,0.6556644387330222,1.0898160129094363,0.0,0.001680947890615391
-1.0530892792507052,275.0,25.0,-1.0530892792507052,1.291693430523889,0.6558316152551621,1.0898160129094363,0.0,0.0019240489817215346
-1.0002981847791796,280.0,25.0,-1.0002981847791796,1.1611866313985615,0.6534781159695839,1.0898160129094363,0.0,0.0021858540559288268
-1.040745461983664,285.0,25.0,-1.040745461983664,1.2621788734322763,0.6536796375335772,1.0898160129094363,0.0,0.0025771769635163444
-1.0645043949759292,290.0,25.0,-1.0645043949759292,1.3215762059129392,0.6536796375335772,1.0898160129094363,0.0,0.003048404975982264
-1.0845695464390497,295.0,25.0,-1.0845695464390497,1.3717390845707407,0.6536796375335772,1.0898160129094363,0.0,0.0033983693789032808
-1.1443683212352624,300.0,25.0,-1.1443683212352624,1.5205703046402645,0.6547447846071894,1.0898160129094363,0.0,0.003765384284361821
-1.2389667986166362,305.0,25.0,-1.2389667986166362,1.7563003017074623,0.6559706988251682,1.0898160129094363,0.0,0.004016980558090655
-1.238669537601002,310.0,25.0,-1.238669537601002,1.7546530782469423,0.6574172122994635,1.0898160129094363,0.0,0.004111853066229491
-1.2395036538590831,315.0,25.0,-1.2395036538590831,1.754308097763243,0.6613056461057073,1.0898160129094363,0.0,0.004218153587371418
-1.2513696459436827,320.0,25.0,-1.2513696459436827,1.7522587580077118,0.7120485580529553,1.0898160129094363,0.0,0.004838709677419355
-1.2521860289416236,325.0,25.0,-1.2521860289416236,1.7564715453226851,0.708573630340761,1.0898160129094363,0.0,0.005930178697676687
-1.2488771061403723,330.0,25.0,-1.2488771061403723,1.754308097763243,0.7051764484997969,1.0834390196405024,0.0,0.0073159851301115245
-1.2344029606801752,335.0,25.0,-1.2344029606801752,1.751203746845985,0.6839896846510262,1.057473940893877,0.014444444444444444,0.009606992050199334
-1.19715175363901,340.0,25.0,-1.19715175363901,1.743800128981232,0.7294064064689195,0.9296882250609972,0.15141955835962145,0.014213470232166117
-1.0519880233494994,345.0,25.0,-1.0519880233494994,1.7047456768033613,0.390475855749198,0.8021708670511328,0.2807192807192807,0.02870529769058369
-0.9499942337797114,350.0,25.0,-0.9499942337797114,1.6952516035321328,0.24586334768923024,0.6734469110220788,0.5793397231096912,0.09171617308033339
-0.8817493318152827,355.0,25.0,-0.8817493318152827,1.695071493964334,0.11233557109588006,0.5448381147209943,0.6057268722466961,0.12217710535098454
-0.8537386543808649,0.0,30.0,-0.8537386543808649,1.7207472039630196,0.08787919256575893,0.3979124851749138,0.560081466395112,0.03308786214518512
-0.874361641988615,5.0,30.0,-0.874361641988615,1.7665635102902264,0.1802234251890869,0.30465675691926375,0.534838076545633,0.0024814343592936485
-0.907394590254022,10.0,30.0,-0.907394590254022,1.829093388573957,0.23581378877087206,0.27526005230424655,0.520112254443405,0.025478776201319553
-0.9536197167565976,15.0,30.0,-0.9536197167565976,1.926248155856329,0.28406739417016474,0.2526267234018535,0.510530749789385,0.04660488057838532
-1.0218617770668512,20.0,30.0,-1.0218617770668512,2.0145731932873097,0.4086405793614886,0.25209410840935703,0.49151172190784154,0.049718054576578394
-1.171139799929137,25.0,30.0,-1.171139799929137,2.187978686159057,0.6880497312126398,0.278052416226629,0.45577211394302847,0.0435825346112886
-1.1566184673775706,30.0,30.0,-1.1566184673775706,2.195432787589964,0.5933855140158308,0.30716281264374196,0.46691729323308273,0.037284468336642056
-1.1332230761925588,35.0,30.0,-1.1332230761925588,2.194753690803131,0.47922176623584023,0.3336688311504349,0.4790104947526237,0.03231004212893805
-1.11574911650285,40.0,30.0,-1.11574911650285,2.194074787974589,0.38144935235726163,0.3584713990831363,0.46860986547085204,0.028998627914116195
-1.128250747943879,45.0,30.0,-1.128250747943879,2.1920398291687206,0.38356106625699393,0.382474495144865,0.40074074074074073,0.026014998245645335
-1.136476752509278,50.0,30.0,-1.136476752509278,2.189500368989495,0.39721279156916767,0.4049075474986715,0.39853479853479856,0.022887831912128093
-1.1467651227642182,55.0,30.0,-1.1467651227642182,2.195093142217402,0.41580147875771795,0.4245754502167767,0.41366366366366364,0.019898770868443775
-1.153100375857265,60.0,30.0,-1.153100375857265,2.193565610853183,0.4300355520146822,0.44089363624167927,0.42058165548098436,0.0170585799590289
-1.1420680277204311,65.0,30.0,-1.1420680277204311,2.1478929148282204,0.44362299691752405,0.45701383745433033,0.4224834680382072,0.014173126370972747
-1.1069456739632817,70.0,30.0,-1.1069456739632817,2.0520771405197693,0.4421121129027405,0.4692987250703227,0.41737891737891736,0.011349330177005434
-1.0878753174554074,75.0,30.0,-1.0878753174554074,1.9952604905513107,0.44900437051604297,0.48134365232962634,0.42815884476534294,0.008733214638122613
-1.0621478058689204,80.0,30.0,-1.0621478058689204,1.9231746089411115,0.4498258209059151,0.4906442139479001,0.4223954642097803,0.006804103315429674
-1.0388965186050056,85.0,30.0,-1.0388965186050056,1.8680076080915693,0.44570670896565867,0.495167911932313,0.4352517985611511,0.005570132793457558
-0.9462567766455048,90.0,30.0,-0.9462567766455048,1.6664212493659005,0.4075508360277903,0.497545215423113,0.4658573596358118,0.005036452553271703
-0.9236130412656463,95.0,30.0,-0.9236130412656463,1.6152712151461475,0.39512572578871996,0.49466435815789933,0.4494296577946768,0.005158564380258378
-0.8858006963936068,100.0,30.0,-0.8858006963936068,1.5356719744450724,0.3802648319609785,0.48910476787643015,0.4581049334377447,0.005879270896687545
-0.7333870096170052,105.0,30.0,-0.7333870096170052,1.2101482070937681,0.3265066542164167,0.48288721052105216,0.5302073940486925,0.007397895674733684
-0.7020136666963966,110.0,30.0,-0.7020136666963966,1.1461084368932941,0.31664365338317646,0.47541936588551365,0.5444546287809349,0.009592939096051975
-0.5846976712096046,115.0,30.0,-0.5846976712096046,0.8928692852078783,0.2834926362725003,0.4658289487203383,0.5978043912175649,0.012071800243364158
-0.5610714393677787,120.0,30.0,-0.5610714393677787,0.8535697356887239,0.27419159376615737,0.4497267161576548,0.6133603238866396,0.014781347758935805
-0.5267325185538811,125.0,30.0,-0.5267325185538811,0.7909766019739308,0.262522314850828,0.43158563053939564,0.6318510858324715,0.0174616503272735
-0.4964431233948637,130.0,30.0,-0.4964431233948637,0.7411725470498021,0.2512070170607265,0.41159431241981814,0.6572622779519331,0.020459525954208736
-0.4936947182194972,135.0,30.0,-0.4936947182194972,0.7254024260464856,0.27526005230424677,0.39078333584592956,0.6297709923664122,0.02393408067452333
-0.4810912501681361,140.0,30.0,-0.4810912501681361,0.7319491425645764,0.26499156583029987,0.3640360567389219,0.689453125,0.0272797391481103
-0.44780971886168885,145.0,30.0,-0.44780971886168885,0.6867274416085191,0.24319091999695575,0.33978455960139886,0.7262512768130746,0.030055068970286467
-0.43095288748638316,150.0,30.0,-0.43095288748638316,0.6745332909232236,0.2327835672234594,0.31305131298959615,0.7531914893617021,0.03231219939793082
-0.40322510689717356,155.0,30.0,-0.40322510689717356,0.6343285865379139,0.22342614341360112,0.2859956299476922,0.7786177105831533,0.03425198018333383
-0.38673967592625563,160.0,30.0,-0.38673967592625563,0.6114033390846495,0.21919518225395077,0.26014724616075185,0.7765726681127982,0.037042562118316164
-0.37277462308332837,165.0,30.0,-0.37277462308332837,0.5967648025945621,0.19508722153601976,0.2553744378570671,0.7854671280276817,0.039991817530939965
-0.36120910849555354,170.0,30.0,-0.36120910849555354,0.5740619501675649,0.16311863706382113,0.28060490768879554,0.793465577596266,0.04485568107884308
-0.35784439763673487,175.0,30.0,-0.35784439763673487,0.5640024490774922,0.12560410153688917,0.3198695704860628,0.79125,0.05143869043584356
-0.35680033930618976,180.0,30.0,-0.35680033930618976,0.5553979839687736,0.05612098153775902,0.3980399316121916,0.7889908256880734,0.06573521029615331
-0.3907031701668803,185.0,30.0,-0.3907031701668803,0.5578337661330303,0.07361564534277754,0.5101908609707811,0.7838196286472149,0.11139117001382226
-0.4601548332616099,190.0,30.0,-0.4601548332616099,0.5781143742111483,0.1900877031263462,0.6298399185684719,0.7607282184655396,0.12075044945775097
-0.5363132575740686,195.0,30.0,-0.5363132575740686,0.6050762897160441,0.31325698002657737,0.753617576467616,0.7243589743589743,0.1189163818418139
-0.660168966346892,200.0,30.0,-0.660168966346892,0.6288887287440966,0.43827814153297595,0.8791463084402219,0.20742637644046094,0.10698190430203951
-0.7784692596360168,205.0,30.0,-0.7784692596360168,0.735784011734775,0.5651166454890659,1.00977128040181,0.09566326530612244,0.06734984224313981
-0.819997049849312,210.0,30.0,-0.819997049849312,0.7214773923363831,0.6358083587495986,1.0898160129094363,0.0,0.03724551723406849
-0.8198518559899876,215.0,30.0,-0.8198518559899876,0.7157018559486689,0.6444684415326437,1.0898160129094363,0.0,0.03138260796832743
-0.8223369027332829,220.0,30.0,-0.8223369027332829,0.7202521699999257,0.6471281260238143,1.0898160129094363,0.0,0.015965099279502817
-0.8302188215706042,225.0,30.0,-0.8302188215706042,0.7369621341302426,0.6519198587645925,1.0898160129094363,0.0,0.008657214651235303
-0.8440036352777918,230.0,30.0,-0.8440036352777918,0.7686581295453565,0.6563455209291604,1.0898160129094363,0.0,0.00445761450854959
-0.8617823755980915,235.0,30.0,-0.8617823755980915,0.812543292274205,0.6572442218442016,1.0898160129094363,0.0,0.0035824219005828805
-0.8861812721300683,240.0,30.0,-0.8861812721300683,0.8734529994704434,0.6573842764581276,1.0898160129094363,0.0,0.0028953914462246234
-0.9115243745018459,245.0,30.0,-0.9115243745018459,0.9367901704990523,0.6574172122994635,1.0898160129094363,0.0,0.002360512101876165
-0.9391741496823377,250.0,30.0,-0.9391741496823377,1.0059146084502817,0.6574172122994635,1.0898160129094363,0.0,0.0021124718682259376
-0.9660681142295954,255.0,30.0,-0.9660681142295954,1.0731598122688435,0.6574007443787955,1.0898160129094363,0.0,0.0018617688896326668
-0.9911186105460154,260.0,30.0,-0.9911186105460154,1.1359657504057228,0.6571132286254686,1.0898160129094363,0.0,0.0018746840420153907
-1.0143965547689708,265.0,30.0,-1.0143965547689708,1.1939706211668644,0.6574172122994635,1.0898160129094363,0.0,0.002019676007374984
-1.0402387515485485,270.0,30.0,-1.0402387515485485,1.2585761131158086,0.6574172122994635,1.0898160129094363,0.0,0.0022325816507062822
-1.0660798176734725,275.0,30.0,-1.0660798176734725,1.3231787784281184,0.6574172122994635,1.0898160129094363,0.0,0.0023605165201237527
-1.0959708616138135,280.0,30.0,-1.0959708616138135,1.399568830086477,0.6547573054074547,1.0898160129094363,0.0,0.0025101651315243547
-1.0266705484972753,285.0,30.0,-1.0266705484972753,1.227008271915474,0.6536529460149062,1.0898160129094363,0.0,0.0027117627820778373
-1.093630371306188,290.0,30.0,-1.093630371306188,1.3939847570407657,0.6543298610500897,1.0898160129094363,0.0,0.0031645569620253164
-1.2380266710493457,295.0,30.0,-1.2380266710493457,1.7542391016665033,0.6555081086215406,1.0898160129094363,0.0,0.003202245399164354
-1.237257416978918,300.0,30.0,-1.237257416978918,1.7504438691796524,0.6585034643187911,1.0898160129094363,0.0,0.0037411545740142775
-1.2377365148670958,305.0,30.0,-1.2377365148670958,1.7501770349833605,0.6608467905855695,1.0898160129094363,0.0,0.004483120743338267
-1.2385182199402125,310.0,30.0,-1.2385182199402125,1.752801592533765,0.6597743187973896,1.0898160129094363,0.0,0.005163324747851624
-1.2395758163975377,315.0,30.0,-1.2395758163975377,1.7535525620294152,0.6628031534336497,1.0898160129094363,0.0,0.005713681713282402
-1.2523437441612797,320.0,30.0,-1.2523437441612797,1.7524623209549817,0.7156192502077119,1.0898160129094363,0.0,0.00642149620286639
-1.2462509912153263,325.0,30.0,-1.2462509912153263,1.749778697686255,0.6955420356538609,1.0898160129094363,0.0,0.0077783317093068054
-1.2547768232309315,330.0,30.0,-1.2547768232309315,1.7489854713360895,0.7414995895176719,1.07923094926831,0.0,0.009404282478663858
-1.19905392820878,335.0,30.0,-1.19905392820878,1.744279335495574,0.6587139083439212,0.9674188246032758,0.05190989226248776,0.012250909200204382
-1.1145372267462097,340.0,30.0,-1.1145372267462097,1.7122756223449815,0.5367406116318401,0.8516859987880205,0.17479674796747968,0.01966143147597018
-1.0130705669745794,345.0,30.0,-1.0130705669745794,1.6992928243967818,0.381470621603189,0.7336097939269443,0.45416666666666666,0.05252530891767158
-0.9269329075222876,350.0,30.0,-0.9269329075222876,1.6966829528999468,0.21654237438799745,0.614658369223076,0.5954045954045954,0.10837116397312511
-0.8692444119635844,355.0,30.0,-0.8692444119635844,1.697297400469899,0.09620739692187241,0.5027100319689097,0.5940390544707091,0.11542937240485573
-0.9129123464103557,0.0,35.0,-0.9129123464103557,1.7677680395359712,0.2452746556266103,0.384829587687491,0.5172093023255814,0.02313170750848555
-0.9535493879608465,5.0,35.0,-0.9535493879608465,1.832425827314885,0.3697172655502454,0.3111523079781126,0.49638336347197104,0.012073804660123229
-0.9963403190409873,10.0,35.0,-0.9963403190409873,1.8990364561066677,0.45709759816156037,0.28316199158836347,0.4833916083916084,0.03533613622621876
-1.0487042230279828,15.0,35.0,-1.0487042230279828,1.9940382295570613,0.5304060726800445,0.263458394854993,0.47377185678601164,0.04860938443505133
-1.1387968616998412,20.0,35.0,-1.1387968616998412,2.136425828563947,0.669968910142706,0.24986404022263606,0.4573170731707317,0.050030749377451125
-1.1752855675453011,25.0,35.0,-1.1752855675453011,2.1979827436229673,0.7087906046976655,0.2565530584583273,0.45243445692883894,0.046161076395537064
-1.1649251674913845,30.0,35.0,-1.1649251674913845,2.2013892517312525,0.647193101926883,0.27473759545733095,0.4611320754716981,0.039935476437377576
-1.1538846311086306,35.0,35.0,-1.1538846311086306,2.199344421254336,0.586677721551782,0.2969028428773323,0.46748278500382556,0.03587990871888422
-1.1371174589540083,40.0,35.0,-1.1371174589540083,2.1998553399557808,0.5026553833396962,0.318070448424389,0.48006134969325154,0.0338718099234933
-1.1218694769947997,45.0,35.0,-1.1218694769947997,2.1991741150205204,0.4247281681576439,0.3404014310180803,0.4908256880733945,0.03173073982322537
-1.1113999818327531,50.0,35.0,-1.1113999818327531,2.1988335025528905,0.3664787533497622,0.35762879127067126,0.4916030534351145,0.02950134403480127
-1.12038672180877,55.0,35.0,-1.12038672180877,2.1961124662516713,0.36633754023906784,0.37428007972636895,0.4321266968325792,0.02701438991629025
-1.1237678352283538,60.0,35.0,-1.1237678352283538,2.187455450927694,0.37681230461066795,0.38971608260869933,0.42846441947565544,0.02450081218161928
-1.105397887267118,65.0,35.0,-1.105397887267118,2.1264220302476886,0.39007574618619717,0.4025943064002143,0.4333843797856049,0.02246863384165949
-1.0430375438175057,70.0,35.0,-1.0430375438175057,1.967856454691034,0.39301378250184094,0.4116981407342255,0.4528301886792453,0.02075485454589642
-1.0469616533824724,75.0,35.0,-1.0469616533824724,1.9655566913498703,0.40353658153341065,0.41781013043438764,0.4459770114942529,0.019472648183607683
-1.03003387263587,80.0,35.0,-1.03003387263587,1.9152191185267284,0.40888143691795875,0.42596264455938654,0.44764795144157815,0.01843754166111185
-0.9956118125623523,85.0,35.0,-0.9956118125623523,1.82868111419427,0.4089215350135864,0.4302913431159349,0.4566385264773599,0.017700218963572423
-0.9694125449619008,90.0,35.0,-0.9694125449619008,1.7665421835327553,0.40682966786025965,0.43029896428088044,0.4648648648648649,0.017466752347632005
-0.8409024461235106,95.0,35.0,-0.8409024461235106,1.5018736719801258,0.33665679655899944,0.431845335751404,0.5197255574614065,0.017440175376654037
-0.7990528723659857,100.0,35.0,-0.7990528723659857,1.4080291197293657,0.3257612101355021,0.4289311213897739,0.5283185840707965,0.01787435933136656
-0.6692159484073628,105.0,35.0,-0.6692159484073628,1.130884141269271,0.2805737636105096,0.4239562718382064,0.5927021696252466,0.018707371501545837
-0.6561473651139142,110.0,35.0,-0.6561473651139142,1.1062862391001576,0.27810674040113637,0.41650410257363363,0.6001984126984127,0.01974657170303711
-0.6288945448798109,115.0,35.0,-0.6288945448798109,1.055692923508386,0.2673598845973667,0.4060381168049344,0.6173212487411883,0.02109497054659552
-0.5153200591685975,120.0,35.0,-0.5153200591685975,0.8094115181999002,0.2427558658273391,0.3928802584300303,0.6735357917570499,0.022772966793256154
-0.49583719802757303,125.0,35.0,-0.49583719802757303,0.7829900768429927,0.23517363692013316,0.37701919505765225,0.7040704070407041,0.02473271258241583
-0.4615745795480435,130.0,35.0,-0.4615745795480435,0.7019661150344549,0.25064792618934184,0.36038961821464455,0.7197125256673511,0.02681833702113473
-0.44216862102823173,135.0,35.0,-0.44216862102823173,0.6672061597501713,0.2456223719098917,0.342070744611103,0.7163712200208551,0.028804484275562446
-0.4330078482548789,140.0,35.0,-0.4330078482548789,0.6656613547919076,0.235208491467229,0.32150832362882437,0.7243589743589743,0.03077373647216334
-0.44213077670373674,145.0,35.0,-0.44213077670373674,0.6980056449388916,0.2325012092278591,0.3046829511549467,0.7136752136752137,0.03248372231647485
-0.42793470247181215,150.0,35.0,-0.42793470247181215,0.6826338485123142,0.2300248841219712,0.28303425090419515,0.7338362068965517,0.0341812118632042
-0.41329892647135236,155.0,35.0,-0.41329892647135236,0.6734456619031846,0.21723433476492615,0.26314629865256906,0.761744966442953,0.03663236496598115
-0.3956305533711205,160.0,35.0,-0.3956305533711205,0.6483904943944813,0.20305051428212445,0.2521592677217494,0.7752808988764045,0.039237402361194565
-0.38814143864066825,165.0,35.0,-0.38814143864066825,0.6364418246842871,0.17638022769010053,0.26724276922742396,0.7734104046242775,0.042628917956988116
-0.37332833527443404,170.0,35.0,-0.37332833527443404,0.6060596934109308,0.15232837845963232,0.28594976307334397,0.7866507747318237,0.04775708470176405
-0.37809392206179354,175.0,35.0,-0.37809392206179354,0.6109424827946106,0.12025924615234107,0.32566374600536574,0.7776381909547738,0.053764678793460745
-0.3785898617165311,180.0,35.0,-0.3785898617165311,0.612510338621265,0.05879340923003307,0.38551068601024313,0.7749029754204398,0.06628489197287495
-0.3974549809739325,185.0,35.0,-0.3974549809739325,0.6008060815567106,0.05879340923003329,0.4754068872677432,0.7641752577319587,0.11263131635113785
-0.44725947319042847,190.0,35.0,-0.44725947319042847,0.6019881405926482,0.14816450077642607,0.5751798042229804,0.7437185929648241,0.11599584400864257
-0.5108066525443733,195.0,35.0,-0.5108066525443733,0.6201917080956283,0.24853577538150473,0.6869049863638675,0.7113022113022113,0.11393807329677219
-0.6014148864505386,200.0,35.0,-0.6014148864505386,0.6496483565290088,0.3517700263442592,0.7966208237102762,0.45542168674698796,0.10265360191765843
-0.7119370312373777,205.0,35.0,-0.7119370312373777,0.692146878378404,0.47912653441832415,0.9033422737484947,0.10538922155688622,0.0682971953346596
-0.7905564108447685,210.0,35.0,-0.7905564108447685,0.7396644202805418,0.5694200742311021,1.0093424966991051,0.0,0.039251791495956666
-0.8360064714915227,215.0,35.0,-0.8360064714915227,0.7567249323354595,0.6434499813199195,1.0898160129094363,0.0,0.0295545336900201
-0.8394591482589459,220.0,35.0,-0.8394591482589459,0.7616379068148166,0.6493999292226409,1.0898160129094363,0.0,0.024804025423728813
-0.8488003703641563,225.0,35.0,-0.8488003703641563,0.7837147789445875,0.6514418222358492,1.0898160129094363,0.0,0.020803918108012708
-0.8596163734220771,230.0,35.0,-0.8596163734220771,0.8070201677996303,0.6574172122994635,1.0898160129094363,0.0,0.011214921267257566
-0.8716168298464572,235.0,35.0,-0.8716168298464572,0.8370213088605807,0.6574172122994635,1.0898160129094363,0.0,0.00791498673897789
-0.8885669802743791,240.0,35.0,-0.8885669802743791,0.8793966849303853,0.6574172122994635,1.0898160129094363,0.0,0.005576116456945473
-0.9072371634298694,245.0,35.0,-0.9072371634298694,0.9260721428191109,0.6574172122994635,1.0898160129094363,0.0,0.004634529751802143
-0.9316876160926763,250.0,35.0,-0.9316876160926763,0.9871982744761283,0.6574172122994635,1.0898160129094363,0.0,0.0042035342458846955
-0.9611873268000853,255.0,35.0,-0.9611873268000853,1.0609475512446511,0.6574172122994635,1.0898160129094363,0.0,0.003929248262792167
-0.9850363342314529,260.0,35.0,-0.9850363342314529,1.12057006982307,0.6574172122994635,1.0898160129094363,0.0,0.0036159277825891815
-1.008567497898248,265.0,35.0,-1.008567497898248,1.1793979789900573,0.6574172122994635,1.0898160129094363,0.0,0.003400759650207579
-1.0318695665336313,270.0,35.0,-1.0318695665336313,1.2376531505785158,0.6574172122994635,1.0898160129094363,0.0,0.003364868512740673
-1.0571100974466723,275.0,35.0,-1.0571100974466723,1.3018616857525318,0.6556456796732011,1.0898160129094363,0.0,0.0034634780283669423
-1.083792695413931,280.0,35.0,-1.083792695413931,1.3684519709319531,0.6558316152551621,1.0898160129094363,0.0,0.003729365206563683
-1.0854007485432176,285.0,35.0,-1.0854007485432176,1.3732531141939217,0.6545819985531591,1.0898160129094363,0.0,0.003996550090499386
-1.0672066856508151,290.0,35.0,-1.0672066856508151,1.3280655138186985,0.6541059075839062,1.0898160129094363,0.0,0.004245720325721743
-1.109035539550118,295.0,35.0,-1.109035539550118,1.4326376485669554,0.6541059075839062,1.0898160129094363,0.0,0.00469454074027539
-1.2372004136165482,300.0,35.0,-1.2372004136165482,1.7491173563652704,0.6603978713723234,1.0898160129094363,0.0,0.005051872896204463
-1.2594657731545154,305.0,35.0,-1.2594657731545154,1.744279335495574,0.7572001429157065,1.0898160129094363,0.0,0.005402308258983384
-1.2872731792355177,310.0,35.0,-1.2872731792355177,1.7423434176006316,0.8715272358716232,1.0898160129094363,0.0,0.006003318908014187
-1.2945625414511024,315.0,35.0,-1.2945625414511024,1.7447853181522133,0.8967776438514317,1.0898160129094363,0.0,0.006640721855089962
-1.2813201718297653,320.0,35.0,-1.2813201718297653,1.7438393072302063,0.8453217828412944,1.0898160129094363,0.0,0.0076042772718984955
-1.2715681144961442,325.0,35.0,-1.2715681144961442,1.7387615215102508,0.8658196612469998,1.038434362321175,0.0,0.008952634507741492
-1.2116514984575866,330.0,35.0,-1.2116514984575866,1.7344618479681062,0.727624009508459,0.9487256566808993,0.012206572769953052,0.011235365761271788
-1.1229830101565126,335.0,35.0,-1.1229830101565126,1.7123133713910812,0.5600963764954588,0.8551921996294574,0.157644824311491,0.016743652947228148
-1.039632835026574,340.0,35.0,-1.039632835026574,1.702349748269181,0.43241289140566447,0.7562970369136108,0.3848454636091725,0.03530693003458366
-0.9717363178571802,345.0,35.0,-0.9717363178571802,1.700719092801782,0.32196697538501046,0.6577812359329522,0.5348837209302325,0.07987372865872226
-0.9176713607228181,350.0,35.0,-0.9176713607228181,1.7007852278617204,0.20357394008901172,0.5618872023517644,0.5400801603206413,0.10729060460101489
-0.8742876331239263,355.0,35.0,-0.8742876331239263,1.7231467773791718,0.08725329348397413,0.47152403516735575,0.5466540999057493,0.1012071104720602
-1.0773994252820218,0.0,40.0,-1.0773994252820218,1.920564336014359,0.6405160868486512,0.37948473230294244,0.4582651391162029,0.0197254047269736
-1.157908615042122,5.0,40.0,-1.157908615042122,2.0337065312749063,0.831348334537278,0.31949943546497706,0.43285939968404424,0.020916888227960284
-1.1864355563932985,10.0,40.0,-1.1864355563932985,2.1027062220585826,0.8669800169337442,0.28594976307334397,0.4287937743190661,0.040667766032231996
-1.2120164398402677,15.0,40.0,-1.2120164398402677,2.1623561078279434,0.8850677914663836,0.27461304617334464,0.42846212700841624,0.05052922958240212
-1.197335952390561,20.0,40.0,-1.197335952390561,2.1945839650959957,0.7979358076993859,0.2565530584583273,0.4411985018726592,0.0500051923904282
-1.1782648367387984,25.0,40.0,-1.1782648367387984,2.196452305582525,0.7243138549485413,0.2538779964280872,0.4486404833836858,0.046328797738776045
-1.164125188040091,30.0,40.0,-1.164125188040091,2.1996850337219658,0.6589452502007574,0.26135446716154964,0.4582375478927203,0.041797783013646644
-1.153723109647558,35.0,40.0,-1.153723109647558,2.20104825403991,0.6071448519103498,0.2723464018043059,0.4656900539707016,0.038696677663946286
-1.137841733942052,40.0,40.0,-1.137841733942052,2.20104825403991,0.5334875704764208,0.28617902852723615,0.47494217424826524,0.03722343845398765
-1.140158787953615,45.0,40.0,-1.140158787953615,2.202583320145361,0.5227413810297484,0.304133129359587,0.47593167701863354,0.035523136046256176
-1.124357170087409,50.0,40.0,-1.124357170087409,2.202071247113936,0.44852538345465265,0.320167148143205,0.48644461657629745,0.03383858327511315
-1.1087759017763164,55.0,40.0,-1.1087759017763164,2.1789484833427784,0.41086369792601163,0.3340312852471499,0.490272373540856,0.03179514802703803
-1.0265067952581655,60.0,40.0,-1.0265067952581655,2.0240724075738132,0.32849111770336764,0.3473196416424376,0.5207485760781123,0.030163077734101925
-1.0178382730358588,65.0,40.0,-1.0178382730358588,1.9901492284399291,0.3384742955960359,0.35582279241621884,0.5179569034317638,0.028717355418541982
-1.006811198041908,70.0,40.0,-1.006811198041908,1.9494530413306645,0.3474155999956512,0.3630609639062327,0.5058915946582875,0.027514855569305552
-0.9982325545064561,75.0,40.0,-0.9982325545064561,1.9089573367468557,0.35561735578610637,0.3691505096141347,0.4654234654234654,0.026481126710797276
-0.9821267809132965,80.0,40.0,-0.9821267809132965,1.8618501491921335,0.35924813450070375,0.3747002948466128,0.461003861003861,0.02563730297435448
-0.9644879386637116,85.0,40.0,-0.9644879386637116,1.8119528254370416,0.3634501661492968,0.3790091800432272,0.45908028059236167,0.02509543179825636
-0.9437974995129188,90.0,40.0,-0.9437974995129188,1.760924100280821,0.3634952759194048,0.37926289065491986,0.46261682242990654,0.02484741389590538
-0.9221782217260328,95.0,40.0,-0.9221782217260328,1.7095329894755158,0.3608973300232978,0.37951929545913854,0.4673913043478261,0.024830711968603047
-0.7622011958334675,100.0,40.0,-0.7622011958334675,1.3713571066556831,0.3010833059555331,0.3771341364414069,0.5589600742804085,0.025095593921870326
-0.7416001210798653,105.0,40.0,-0.7416001210798653,1.3250240540695915,0.2992996525855768,0.37435206484870637,0.5682242990654206,0.025637021140242935
-0.6035884346913312,110.0,40.0,-0.6035884346913312,1.051571651552692,0.24484770735070394,0.36763310016025996,0.7016042780748664,0.026350234038771257
-0.4943915210329222,115.0,40.0,-0.4943915210329222,0.8069356492742863,0.22379816943500494,0.3599311498304286,0.7431506849315068,0.02719427681998797
-0.4785381662598632,120.0,40.0,-0.4785381662598632,0.7785139834143349,0.2198156928102603,0.34779293978008113,0.7476958525345622,0.028249383967708794
-0.46212828561163183,125.0,40.0,-0.46212828561163183,0.7275115707949193,0.23862580613171763,0.33619140368809985,0.7258064516129032,0.0294248324324619
-0.4466748100043144,130.0,40.0,-0.4466748100043144,0.7030865584020543,0.23202295204821904,0.3222816541748746,0.731359649122807,0.0305788343736271
-0.4377047984285589,135.0,40.0,-0.4377047984285589,0.6918398146810286,0.22715635384331057,0.30710587671277106,0.7259668508287292,0.03179067083298145
-0.4369241899390164,140.0,40.0,-0.4369241899390164,0.7016893397377425,0.22294445807911528,0.2940136438108479,0.7299107142857143,0.033027295571385756
-0.42302018257151897,145.0,40.0,-0.42302018257151897,0.6830582158873074,0.21931154294939664,0.2751569407933918,0.7382022471910112,0.03464910328868319
-0.4170563100334682,150.0,40.0,-0.4170563100334682,0.6797004579079743,0.21913907076648775,0.2615654367146261,0.75,0.03660627175555604
-0.41297621780145916,155.0,40.0,-0.41297621780145916,0.6864749430700801,0.20342715934977595,0.25388063076605316,0.7594070695553021,0.03882841684915626
-0.4073144096840095,160.0,40.0,-0.4073144096840095,0.6793548474266492,0.18439751076692312,0.2619479920169512,0.7601390498261877,0.041459704298777884
-0.39723176913448677,165.0,40.0,-0.39723176913448677,0.6592620277547091,0.16301808922872896,0.2779324799965215,0.7671068427370948,0.04530602947711174
-0.39084212208890107,170.0,40.0,-0.39084212208890107,0.64709517900364,0.14431109538280928,0.2909866599650292,0.7682038834951457,0.050160288188247734
-0.3896377279601093,175.0,40.0,-0.3896377279601093,0.6414447105911202,0.11224196307551848,0.3284250847751013,0.7710691823899372,0.055470784412261866
-0.3919442612402559,180.0,40.0,-0.3919442612402559,0.6437727506154222,0.06146583692230756,0.38215715999521693,0.7647058823529411,0.06552912321882665
-0.4060518353401534,185.0,40.0,-0.4060518353401534,0.638730974362295,0.04791215422493991,0.4601780454588006,0.7646310432569975,0.10279850228817085
-0.4454817997778236,190.0,40.0,-0.4454817997778236,0.6417171205582748,0.11758681846006658,0.5434460388165184,0.7646326276463262,0.11035245920938008
-0.49612990957785497,195.0,40.0,-0.49612990957785497,0.6485000211114126,0.2004320769205683,0.6345653864933698,0.7201946472019465,0.10156316113978989
-0.5505367806126342,200.0,40.0,-0.5505367806126342,0.6623315044245212,0.2844766181569688,0.7258735889007949,0.669833729216152,0.08511671693519857
-0.6415569328375584,205.0,40.0,-0.6415569328375584,0.6824467664427838,0.3714674492261194,0.8139826187699389,0.27784290738569756,0.0655868651355874
-0.7228467163904693,210.0,40.0,-0.7228467163904693,0.7107805312073198,0.4673963676032983,0.9058336154308253,0.047729918509895226,0.04501280180601822
-0.7884378241961348,215.0,40.0,-0.7884378241961348,0.7414740081972818,0.5673272205938888,1.0000656630749998,0.0,0.03216098133023381
-0.8354474280228024,220.0,40.0,-0.8354474280228024,0.77336071482669,0.6267564207307483,1.077656147637757,0.0,0.02532182341359988
-0.8566482614268159,225.0,40.0,-0.8566482614268159,0.8038381991359542,0.6506359141803009,1.0898160129094363,0.0,0.02156244901288954
-0.8716996184387907,230.0,40.0,-0.8716996184387907,0.8388985476490857,0.6547447846071894,1.0898160129094363,0.0,0.01703806943639695
-0.8839135088222833,235.0,40.0,-0.8839135088222833,0.8677630063001457,0.6574172122994635,1.0898160129094363,0.0,0.014175659827202203
-0.8963363474367375,240.0,40.0,-0.8963363474367375,0.8988201028362812,0.6574172122994635,1.0898160129094363,0.0,0.011695582284795744
-0.9099960114676192,245.0,40.0,-0.9099960114676192,0.9329692629134858,0.6574172122994635,1.0898160129094363,0.0,0.00712661449134706
-0.930353592496748,250.0,40.0,-0.930353592496748,0.9837969660328173,0.657523211425048,1.0898160129094363,0.0,0.005953505412537853
-0.9503019574427692,255.0,40.0,-0.9503019574427692,1.0334848006743957,0.6578161357826072,1.0898160129094363,0.0,0.005554595217516566
-0.9735062171626779,260.0,40.0,-0.9735062171626779,1.091184003468382,0.6583144501918643,1.0898160129094363,0.0,0.005306396996682783
-0.99927145967103,265.0,40.0,-0.99927145967103,1.1555971097392626,0.6583144501918643,1.0898160129094363,0.0,0.00509070132838166
-1.0235502181202527,270.0,40.0,-1.0235502181202527,1.2161758720329894,0.6585034643187911,1.0898160129094363,0.0,0.004927728538296219
-1.0476605814403177,275.0,40.0,-1.0476605814403177,1.2763676002930353,0.6586381523829776,1.0898160129094363,0.0,0.004961510366915773
-1.0745511221934076,280.0,40.0,-1.0745511221934076,1.3444651587624952,0.6572442218442013,1.0898160129094363,0.0,0.005151054964982839
-1.1088798103523523,285.0,40.0,-1.1088798103523523,1.4316544310655004,0.655056138795172,1.0898160129094363,0.0,0.005203408451166121
-1.1435171557669235,290.0,40.0,-1.1435171557669235,1.5183797905591039,0.6548449452636906,1.0898160129094363,0.0,0.005133547008547008
-1.1773232858055154,295.0,40.0,-1.1773232858055154,1.6029420650655655,0.6547698262077198,1.0898160129094363,0.0,0.005274267128274157
-1.2049748718494733,300.0,40.0,-1.2049748718494733,1.6713204847895549,0.6559706988251683,1.0898160129094363,0.0,0.005648274875901375
-1.2290654340349623,305.0,40.0,-1.2290654340349623,1.7287799074113055,0.6603978713723234,1.0898160129094363,0.0,0.0061311255314388
-1.28033123461811,310.0,40.0,-1.28033123461811,1.7309162484499487,0.8620429280430849,1.0898160129094363,0.0,0.006596267190569744
-1.3066972143616418,315.0,40.0,-1.3066972143616418,1.7357471810197793,0.9835739054665402,1.0660194623483794,0.0,0.007503573130061935
-1.267353710969233,320.0,40.0,-1.267353710969233,1.734973386646734,0.898757027030276,0.9947003982118807,0.0,0.008924457005929157
-1.227082848174978,325.0,40.0,-1.227082848174978,1.734688324936042,0.8176099643136144,0.9215429038297289,0.015806988352745424,0.011066320184790333
-1.1730603120796799,330.0,40.0,-1.1730603120796799,1.7330015560660719,0.7165896803205818,0.8440305128915789,0.1029535864978903,0.015899905463451155
-1.099368512110675,335.0,40.0,-1.099368512110675,1.7288352521495607,0.5700141171440898,0.7642097757370724,0.25721561969439727,0.028042824806946295
-1.085893783143805,340.0,40.0,-1.085893783143805,1.7639517408615801,0.6063693174779572,0.6837272508242612,0.4221105527638191,0.05536627629563281
-1.093273323316875,345.0,40.0,-1.093273323316875,1.8072641074130906,0.6586431418759375,0.6034084923936874,0.45145228215767635,0.08519582495451498
-1.0958812974991385,350.0,40.0,-1.0958812974991385,1.8464335437936514,0.6837129154583828,0.5257017851510938,0.4504579517069109,0.09310996423927179
-1.114301054890881,355.0,40.0,-1.114301054890881,1.8995060936060328,0.744746705682397,0.4506591408633295,0.44352844187963725,0.08395771423003849
-1.1346262173160557,0.0,45.0,-1.1346262173160557,1.9748627717002112,0.779696710204546,0.37425331908913395,0.4380639868744873,0.021214207965879556
-1.1237181670382548,5.0,45.0,-1.1237181670382548,2.0109701745057706,0.7282517171874056,0.3274905719174108,0.44605475040257647,0.027838045555638683
-1.1396651648045293,10.0,45.0,-1.1396651648045293,2.0585514934853713,0.7488649493307701,0.2937133203107524,0.444,0.04052819685999963
-1.135256237749129,15.0,45.0,-1.135256237749129,2.0837341491724706,0.7065417128179639,0.28060490768879554,0.45024077046548955,0.04957621564943859
-1.1633167479261608,20.0,45.0,-1.1633167479261608,2.1394895162123326,0.7407947488712845,0.2674880690263276,0.44549763033175355,0.049950341765496294
-1.1852499427506507,25.0,45.0,-1.1852499427506507,2.1976425172749137,0.7496210284344844,0.2538806307660533,0.4468247895944912,0.047091485753946984
-1.1749778503943236,30.0,45.0,-1.1749778503943236,2.2034367751977366,0.7011388797655561,0.254087188786227,0.45203376822716806,0.04334455053375626
-1.1596599222215656,35.0,45.0,-1.1596599222215656,2.200877755194239,0.6414802190354203,0.2588059089976868,0.4576271186440678,0.04162802524905017
-1.1477737196651516,40.0,45.0,-1.1477737196651516,2.200877755194239,0.5917746063658491,0.2640483755402145,0.46533127889060094,0.03982144172134108
-1.090040477996484,45.0,45.0,-1.090040477996484,2.142591556242737,0.44900395520588987,0.2773979944580664,0.4859663191659984,0.038223349748133
-0.9517995814469216,50.0,45.0,-0.9517995814469216,1.9207431502308594,0.26457034153515036,0.28788119992613287,0.5461056401074306,0.03677719730741228
-0.9487495741526788,55.0,45.0,-0.9487495741526788,1.896929426866914,0.2757956262715045,0.30092819680924104,0.542031523642732,0.03529229385958113
-0.9442906494133215,60.0,45.0,-0.9442906494133215,1.8706293019615539,0.2886789935968973,0.3106753392253294,0.5379965457685665,0.03401685427220738
-0.9358307113418887,65.0,45.0,-0.9358307113418887,1.8387384201845733,0.29713651495141935,0.31774384698114294,0.5338474721508141,0.03290013052318785
-0.9281142568056557,70.0,45.0,-0.9281142568056557,1.8091051653399055,0.30480629000850046,0.32558247267027324,0.53125,0.031974706445260806
-0.9157210783915525,75.0,45.0,-0.9157210783915525,1.7711896715050104,0.3104689804461265,0.33088644065186573,0.5309364548494984,0.031242819723358302
-0.9005969378152573,80.0,45.0,-0.9005969378152573,1.7285200839077308,0.3153464676883604,0.334210479328612,0.5320033250207814,0.03067908696579677
-0.8845649742209541,85.0,45.0,-0.8845649742209541,1.6841589725136596,0.31801889538063444,0.337642797421872,0.5301403798513625,0.030264190574059747
-0.8654686345540576,90.0,45.0,-0.8654686345540576,1.636161046767053,0.31822505744552854,0.33921351265427013,0.5335542667771334,0.030027785816029242
-0.8386933190364502,95.0,45.0,-0.8386933190364502,1.570961214357204,0.31705291583136364,0.3388735692627771,0.5367278797996661,0.029987852596577456
-0.7129899874080902,100.0,45.0,-0.7129899874080902,1.3110816594011687,0.27114093674286516,0.33669864469233374,0.6340257171117705,0.030078106455999842
-0.5848195127790722,105.0,45.0,-0.5848195127790722,1.0408278728416869,0.227156353843311,0.331746933502198,0.7123745819397993,0.030318432914602334
-0.5713598425872732,110.0,45.0,-0.5713598425872732,1.0119679545993685,0.22455695367090456,0.32764124287049506,0.7147688838782412,0.030713799793393635
-0.5668163784786059,115.0,45.0,-0.5668163784786059,1.0037566001022231,0.22467869184264017,0.32196697538501,0.7134767836919592,0.0312726965627903
-0.4688097585092997,120.0,45.0,-0.4688097585092997,0.766068758998453,0.2278050485993281,0.31473174018573974,0.732519422863485,0.031911725921577636
-0.45965907262958383,125.0,45.0,-0.45965907262958383,0.750093716219487,0.2248305208987283,0.3069293662693247,0.7331838565022422,0.032548785937732756
-0.45810140680698885,130.0,45.0,-0.45810140680698885,0.7539796720463774,0.2241146583524422,0.29402281640040623,0.7302483069977427,0.03333584910041974
-0.4328433398387094,135.0,45.0,-0.4328433398387094,0.7060233857737606,0.21646664307421393,0.2806049076887954,0.7383390216154722,0.03432501041718999
-0.4177389675560288,140.0,45.0,-0.4177389675560288,0.6791747038446884,0.21379421538193943,0.26715262237609344,0.7416762342135477,0.03576969226853479
-0.4241652924613852,145.0,45.0,-0.4241652924613852,0.6978607449693771,0.21646664307421348,0.2600335197914221,0.7410404624277457,0.037342191859664926
-0.4130008503714061,150.0,45.0,-0.4130008503714061,0.6847932393906357,0.2031045046128428,0.2539322899601765,0.7517564402810304,0.03915236413678498
-0.4225961256467761,155.0,45.0,-0.4225961256467761,0.7132451291239967,0.18706993845919717,0.2592254861506018,0.7427578215527231,0.04119352459545716
-0.4176844192119859,160.0,45.0,-0.4176844192119859,0.705525145477873,0.1687520384645605,0.27279204872832685,0.7491166077738516,0.04409546688569632
-0.4090410137513737,165.0,45.0,-0.4090410137513737,0.6889031800954654,0.15232837845963232,0.2832773353810696,0.7542168674698795,0.04780040171714387
-0.40581421190661754,170.0,45.0,-0.40581421190661754,0.6803472510171816,0.13665461196170547,0.30100229906190445,0.7573891625615764,0.0521841530712235
-0.40446694724012355,175.0,45.0,-0.40446694724012355,0.6767449768764447,0.10689710769096994,0.3314206135290578,0.7581047381546134,0.05680547563240654
-0.4079913836947142,180.0,45.0,-0.4079913836947142,0.681483973912036,0.06173201317252275,0.38163131524581095,0.7544303797468355,0.06351607761783085
-0.41434676121676167,185.0,45.0,-0.41434676121676167,0.6701736013836288,0.040086415384113394,0.4475354300831975,0.7562814070351759,0.09908473281174732
-0.4479590339162879,190.0,45.0,-0.4479590339162879,0.6740457134763955,0.09688669975581657,0.518075310337262,0.7539975399753998,0.10369937808403165
-0.48528917573673985,195.0,45.0,-0.48528917573673985,0.6791895702692792,0.16363265571004793,0.5900943425542485,0.7481840193704601,0.09483539897368184
-0.5277424757817234,200.0,45.0,-0.5277424757817234,0.6913995461094468,0.23517363692013316,0.6654344953762861,0.7396937573616019,0.0736631295770438
-0.5758813743316001,205.0,45.0,-0.5758813743316001,0.7062334741005729,0.3019843292269897,0.7399456725489957,0.6709451575262544,0.06365083513507092
-0.6537902426144312,210.0,45.0,-0.6537902426144312,0.7218793182070096,0.37151158552100727,0.809604675118217,0.3024054982817869,0.052032329858264025
-0.731806627529392,215.0,45.0,-0.731806627529392,0.7509019218386679,0.44629542460979854,0.8979357046041456,0.04611923509561305,0.037279377223005165
-0.7883733176578609,220.0,45.0,-0.7883733176578609,0.7798216085742661,0.5222548442327564,0.9835238526798615,0.0,0.028663848321803742
-0.839228944089301,225.0,45.0,-0.839228944089301,0.8070070708422601,0.5987148329019727,1.0669896301076154,0.0,0.023508691323991117
-0.8691172178919789,230.0,45.0,-0.8691172178919789,0.8407299784406386,0.6414848931534576,1.0898160129094363,0.0,0.019067935179082625
-0.8791137026109338,235.0,45.0,-0.8791137026109338,0.8585386615405862,0.6529769390693609,1.0898160129094363,0.0,0.015912132306526952
-0.8930157498876216,240.0,45.0,-0.8930157498876216,0.8909942940714245,0.6566561161267712,1.0898160129094363,0.0,0.013164131182631298
-0.9122229243103118,245.0,45.0,-0.9122229243103118,0.9385365450202173,0.6574172122994635,1.0898160129094363,0.0,0.011309471553322351
-0.9297957939252451,250.0,45.0,-0.9297957939252451,0.9824687190575507,0.6574172122994635,1.0898160129094363,0.0,0.009393747613642901
-0.9486947112459688,255.0,45.0,-0.9486947112459688,1.0297160123593596,0.6574172122994635,1.0898160129094363,0.0,0.00792179602959583
-0.9640873281016745,260.0,45.0,-0.9640873281016745,1.0681352085228382,0.6575169658607208,1.0898160129094363,0.0,0.006632093612107279
-0.9854437782472415,265.0,45.0,-0.9854437782472415,1.1214089583199867,0.6577047667675511,1.0898160129094363,0.0,0.006438130620171402
-1.0076515200484049,270.0,45.0,-1.0076515200484049,1.1768737818078085,0.6577920163916895,1.0898160129094363,0.0,0.006225827752098859
-1.0337106540058945,275.0,45.0,-1.0337106540058945,1.2427315543671065,0.6566561161267712,1.0898160129094363,0.0,0.006163704246049673
-1.0582184362136986,280.0,45.0,-1.0582184362136986,1.3041951318851233,0.6563455209291604,1.0898160129094363,0.0,0.006020782238949474
-1.0829117012683336,285.0,45.0,-1.0829117012683336,1.3667341583554533,0.655056138795172,1.0898160129094363,0.0,0.0062139256970977965
-1.1067731974227304,290.0,45.0,-1.1067731974227304,1.4264416576479095,0.6549701245448296,1.0898160129094363,0.0,0.006305535970557497
-1.1313595567200427,295.0,45.0,-1.1313595567200427,1.4874853339359584,0.6556456796732011,1.0898160129094363,0.0,0.006313708713803125
-1.1534178782361049,300.0,45.0,-1.1534178782361049,1.5426076889013374,0.6556831977928432,1.0898160129094363,0.0,0.006509266360538604
-1.1680569771536535,305.0,45.0,-1.1680569771536535,1.5954969838054756,0.6556831977928432,1.06374953673301,0.0,0.0070214177453017034
-1.1791732296741433,310.0,45.0,-1.1791732296741433,1.6522298546926206,0.6574172122994635,1.015707938888916,0.0,0.007906386824956386
-1.1799672972968709,315.0,45.0,-1.1799672972968709,1.6975237638293117,0.6478939251689554,0.9559372418916288,0.0,0.009281183826510945
-1.1561837535253818,320.0,45.0,-1.1561837535253818,1.7139396697198623,0.6157896611654556,0.8949388246157329,0.07074235807860262,0.011645912290200325
-1.1483104291241872,325.0,45.0,-1.1483104291241872,1.7372266891816248,0.6273797895997886,0.8314120061612472,0.11278195488721804,0.01668555071858787
-1.1208386018384322,330.0,45.0,-1.1208386018384322,1.7591510556449497,0.6046767903112329,0.7669867476827075,0.2573770491803279,0.025874700220112356
-1.0946384220503713,335.0,45.0,-1.0946384220503713,1.7786756537734456,0.5984706694750105,0.699935086362767,0.414332784184514,0.04310969950110222
-1.0791338106817583,340.0,45.0,-1.0791338106817583,1.7983463255899932,0.5938074223835926,0.6289148465316214,0.45885286783042395,0.06526085148578191
-1.0726992421593804,345.0,45.0,-1.0726992421593804,1.8252024081486855,0.5943146725709765,0.5611334012924217,0.46243739565943237,0.07871955247827168
-1.086320808914699,350.0,45.0,-1.086320808914699,1.8713204428266472,0.6371828859078604,0.4971836873567999,0.45799011532125206,0.07717678668308604
-1.1113435725392382,355.0,45.0,-1.1113435725392382,1.920438799400981,0.7161266786431891,0.43560571384070146,0.4476504534212696,0.06710598752701248
-1.0920593113957338,0.0,50.0,-1.0920593113957338,1.955128236756822,0.6481706708662843,0.3741398769183939,0.45569620253164556,0.02834267521938256
-1.1052545023259197,5.0,50.0,-1.1052545023259197,1.9926319512557429,0.6792852646779443,0.3338742674528181,0.4508816120906801,0.03228351924448737
-1.1123728576548488,10.0,50.0,-1.1123728576548488,2.0285527869080213,0.6821651979634795,0.3021580100726909,0.45129059117402165,0.03952320839562767
-1.1125786989289812,15.0,50.0,-1.1125786989289812,2.0653994758280163,0.6445629795564969,0.2842963283039898,0.4579591836734694,0.04477129207912917
-1.1092588533623269,20.0,50.0,-1.1092588533623269,2.0815601122116627,0.615994773329033,0.2754624933684994,0.46229508196721314,0.048673209389744135
-1.0728664251149838,25.0,50.0,-1.0728664251149838,2.0603730783316596,0.517943201227397,0.2672427692274243,0.4757929883138564,0.04753558624117
-1.0075258674529768,30.0,50.0,-1.0075258674529768,2.0108264770846587,0.356802877797226,0.2554623215425114,0.49871023215821153,0.04471260874208308
-0.9349831328134303,35.0,50.0,-0.9349831328134303,1.927010029393485,0.21342409788207578,0.2565530584583269,0.5331516802906449,0.043451500770320596
-0.8924419275470716,40.0,50.0,-0.8924419275470716,1.8244396291157603,0.21913907076648798,0.2569311545175748,0.5635148042024832,0.04319148544386543
-0.8896645223171121,45.0,50.0,-0.8896645223171121,1.8110208680642248,0.227156353843311,0.2596930402075803,0.5645617342130066,0.04193346730757684
-0.8863325496759665,50.0,50.0,-0.8863325496759665,1.789926820990327,0.2378460646124081,0.2671526223760936,0.5588785046728972,0.04017571558846347
-0.8849378061060013,55.0,50.0,-0.8849378061060013,1.7748807065527268,0.2464628102024929,0.2760688154175897,0.5564738292011019,0.03851273872757707
-0.8791110783245588,60.0,50.0,-0.8791110783245588,1.7497868444742293,0.25649678988943303,0.28178219702234863,0.5537340619307832,0.03709096040124684
-0.8710793074955758,65.0,50.0,-0.8710793074955758,1.7207514658656549,0.26321972193822235,0.2887210154417978,0.552064631956912,0.03604867591345807
-0.8619364387356478,70.0,50.0,-0.8619364387356478,1.6877532278865555,0.26997593572385736,0.29690284287733193,0.5488454706927176,0.03525715149104387
-0.8511903024789046,75.0,50.0,-0.8511903024789046,1.6547996616771876,0.27549821371767114,0.3004049974968568,0.5470536499560247,0.0345778776923778
-0.8374744394362386,80.0,50.0,-0.8374744394362386,1.6158006739562212,0.27887477638786295,0.3041468110025974,0.5460122699386503,0.03410069912436849
-0.821478332421212,85.0,50.0,-0.821478332421212,1.5744834461950126,0.28083853650474755,0.30465675691926375,0.5468886941279579,0.033731699407657315
-0.8058266192038624,90.0,50.0,-0.8058266192038624,1.535179917739365,0.2819316262264667,0.3050869822059983,0.55,0.03353341952127235
-0.7873566790548673,95.0,50.0,-0.7873566790548673,1.4886412493942889,0.28066333312495595,0.30620183239990306,0.5481611208406305,0.03340356874475076
-0.6622497072129027,100.0,50.0,-0.6622497072129027,1.2305844261381065,0.2423252932548437,0.3042629740316598,0.6663113006396588,0.03342024106596356
-0.5672848605962777,105.0,50.0,-0.5672848605962777,1.023395690910431,0.2177155748132114,0.30154836580184596,0.7188940092165899,0.03359273670557717
-0.5404311163805593,110.0,50.0,-0.5404311163805593,0.9538244672126092,0.2256877259799715,0.29739011947461824,0.7186813186813187,0.03386250273657304
-0.47341114513716465,115.0,50.0,-0.47341114513716465,0.799481921129303,0.21702935011223912,0.2940116623503583,0.7414187643020596,0.03421765894208198
-0.46298410125649825,120.0,50.0,-0.46298410125649825,0.7791700007699011,0.2158710644022294,0.28719680760001426,0.7445086705202312,0.034727303258926964
-0.4526766990733616,125.0,50.0,-0.4526766990733616,0.757870116501328,0.21769047179222384,0.2778837223947097,0.74364896073903,0.03549600946803023
-0.44267500752056876,130.0,50.0,-0.44267500752056876,0.7406577373078277,0.2152022751352947,0.2684663298528262,0.7450523864959255,0.03642348387017238
-0.43914788851567255,135.0,50.0,-0.43914788851567255,0.7331367653509651,0.21646664307421348,0.2626977337587193,0.7389791183294664,0.037524320444284935
-0.4311787873248088,140.0,50.0,-0.4311787873248088,0.7220507710981973,0.20876375415864917,0.25710721601529934,0.7410926365795725,0.03871466786991975
-0.4170654219576423,145.0,50.0,-0.4170654219576423,0.6944483683452528,0.19936365725275013,0.255848274075656,0.7451690821256038,0.04010125675155601
-0.41569178118634953,150.0,50.0,-0.41569178118634953,0.7005693667134103,0.18448640686730874,0.2571276003860275,0.7493946731234867,0.04179566563467492
-0.4235597407791125,155.0,50.0,-0.4235597407791125,0.715003181093339,0.17170002237420962,0.26991519691969845,0.7284533648170012,0.0441018781373472
-0.4203965146753461,160.0,50.0,-0.4203965146753461,0.7139288168544238,0.15860636729600838,0.2779324799965214,0.7430972388955582,0.0469834303835746
-0.419073769686584,165.0,50.0,-0.419073769686584,0.7121744708218373,0.14698352307508333,0.2884990690229796,0.7466666666666667,0.049921050444610655
-0.41870820827928584,170.0,50.0,-0.41870820827928584,0.7114042044497368,0.12827652922916366,0.3073291846115378,0.7475490196078431,0.05419719067141609
-0.4132240882110904,175.0,50.0,-0.4132240882110904,0.6968687240770514,0.10155225230642095,0.33672588922655444,0.7509293680297398,0.05549930661855383
-0.41406160147063453,180.0,50.0,-0.41406160147063453,0.6955144946683913,0.06252374329525277,0.3795192954591388,0.7465495608531995,0.05797709786898589
-0.41781426553478707,185.0,50.0,-0.41781426553478707,0.693498187835126,0.025681806922430234,0.4349880556706153,0.7475247524752475,0.08783525910848318
-0.4500185085751278,190.0,50.0,-0.4500185085751278,0.707768563320066,0.0723824246928723,0.49175525775139806,0.7412333736396615,0.09074403867058306
-0.4784825744530486,195.0,50.0,-0.4784825744530486,0.7052763154320656,0.12880651266031667,0.5523338543736163,0.7391304347826086,0.08394460943929581
-0.5126453330949962,200.0,50.0,-0.5126453330949962,0.7149578333875263,0.18706993845919717,0.6123769714806747,0.731995277449823,0.06629177744303144
-0.5487188879107956,205.0,50.0,-0.5487188879107956,0.7274056956177029,0.24586334768923024,0.6737941814528665,0.7215777262180975,0.06161691662246226
-0.5903542416524628,210.0,50.0,-0.5903542416524628,0.7426331953918877,0.3033386616357919,0.7343960847955517,0.6613272311212814,0.057004697264039166
-0.6503786415212335,215.0,50.0,-0.6503786415212335,0.7613346982114277,0.3583403580878789,0.7885325318442125,0.4087346024636058,0.048014307443673354
-0.7221264308847797,220.0,50.0,-0.7221264308847797,0.7817110833901627,0.41957114768705583,0.8552420463969318,0.0926130099228225,0.0365293112209544
-0.7661944983438097,225.0,50.0,-0.7661944983438097,0.7948943614387204,0.483663328235809,0.9215913791451694,0.03076923076923077,0.02774513933535815
-0.8138913197547247,230.0,50.0,-0.8138913197547247,0.8303740290600865,0.5421774730831608,0.9847893594395998,0.0,0.02306951356558035
-0.8553415846384659,235.0,50.0,-0.8553415846384659,0.8649055991818755,0.5957906021738735,1.0417267776889891,0.0,0.018953395665724432
-0.8953943921243028,240.0,50.0,-0.8953943921243028,0.90782303224736,0.6413826461458183,1.0876780707556168,0.0,0.016035103328345533
-0.914227338386027,245.0,50.0,-0.914227338386027,0.9505309668277215,0.6462437937103169,1.0898160129094363,0.0,0.013751162264719926
-0.9324828553168812,250.0,50.0,-0.9324828553168812,0.9939734973484574,0.6497578126005564,1.0898160129094363,0.0,0.012069060731875072
-0.9490368622973236,255.0,50.0,-0.9490368622973236,1.0332192356923229,0.653180659172142,1.0898160129094363,0.0,0.01055931778279408
-0.9627725904659753,260.0,50.0,-0.9627725904659753,1.067263376837224,0.6536529460149062,1.0898160129094363,0.0,0.00906086878036795
-0.9760984394126188,265.0,50.0,-0.9760984394126188,1.0998956000836557,0.6547447846071894,1.0898160129094363,0.0,0.007242643564901189
-0.9932496401492404,270.0,50.0,-0.9932496401492404,1.1426327644641847,0.6549701245448296,1.0898160129094363,0.0,0.006886702792000677
-1.0105311185088588,275.0,50.0,-1.0105311185088588,1.185500220315286,0.6555081086215406,1.0898160129094363,0.0,0.0068339726244635406
-1.030558815796614,280.0,50.0,-1.030558815796614,1.2360465410436436,0.6547447846071894,1.0898160129094363,0.0,0.00684779225399084
-1.0504280808246709,285.0,50.0,-1.0504280808246709,1.2863854205347935,0.6536796375335772,1.0898160129094363,0.0,0.006944102195105123
-1.0722417069794288,290.0,50.0,-1.0722417069794288,1.341589982846818,0.6547447846071894,1.0876780707556168,0.0,0.007229744673531074
-1.0847913824613742,295.0,50.0,-1.0847913824613742,1.3911970503165974,0.6548449452636906,1.0584053040752497,0.0,0.007673601729262362
-1.0944836366703103,300.0,50.0,-1.0944836366703103,1.4489232601659092,0.6453012962046918,1.0143560342110942,0.0,0.008352819943720027
-1.0908181548983205,305.0,50.0,-1.0908181548983205,1.498471106341396,0.5988702603045696,0.9668485891424783,0.0,0.009355912814332115
-1.0686951079871747,310.0,50.0,-1.0686951079871747,1.5275309690736716,0.5400160645472333,0.9183606052205242,0.06911447084233262,0.011130544546247118
-1.0508381986228272,315.0,50.0,-1.0508381986228272,1.563448558107076,0.4788418776564225,0.8676810661417687,0.11171960569550932,0.014202398276309407
-1.034291260272726,320.0,50.0,-1.034291260272726,1.6074011057757012,0.4183498685587956,0.8146329777590714,0.16914893617021276,0.019274633674480814
-1.0211518709494352,325.0,50.0,-1.0211518709494352,1.6837473693001617,0.3875020153797655,0.7603677420538449,0.39314516129032256,0.026996022766666877
-1.0053864622226396,330.0,50.0,-1.0053864622226396,1.7145385497572718,0.3659333599471713,0.7049158650938341,0.48141263940520446,0.04069093516117577
-1.006212759840043,335.0,50.0,-1.006212759840043,1.7568124457113603,0.36611617295418064,0.6465992957214775,0.4969108561341571,0.05627798674547734
-1.0427772655995,340.0,50.0,-1.0427772655995,1.8090318487405608,0.48289303844449905,0.5852616646080593,0.47874149659863946,0.06885696079621313
-1.0607318347964372,345.0,50.0,-1.0607318347964372,1.8503774527972552,0.5431778368459323,0.5274202847318793,0.47068676716917923,0.07036991196992434
-1.0694591165380263,350.0,50.0,-1.0694591165380263,1.8840810712953866,0.5759352974389208,0.4741275317570784,0.46689019279128247,0.06589912114266633
-1.0747896459220234,355.0,50.0,-1.0747896459220234,1.9169324849217417,0.5957016999793799,0.42209118827053493,0.4643157010915197,0.059469677617125634
-0.8798562352798689,0.0,55.0,-0.8798562352798689,1.7831018254736941,0.10926327294686125,0.37659268680864305,0.5484848484848485,0.03140641993525368
-0.8810606806029976,5.0,55.0,-0.8810606806029976,1.796390942400482,0.12729697051848146,0.34181572143967226,0.5477386934673367,0.034434654475840785
-0.8750954446928763,10.0,55.0,-0.8750954446928763,1.7968680954130403,0.1339583542520341,0.31258250811238275,0.552870090634441,0.03983733372712506
-0.8429681663342995,15.0,55.0,-0.8429681663342995,1.730888199800288,0.14476484938574433,0.2938364288913132,0.5903743315508021,0.045909761194979894
-0.8420907118139489,20.0,55.0,-0.8420907118139489,1.7290783648055756,0.15767323384418042,0.2806049076887954,0.5911016949152542,0.0489248401722629
-0.8564133526084245,25.0,55.0,-0.8564133526084245,1.7566339811807954,0.17103537230555155,0.2752600523042469,0.5781409601634321,0.0479551329394387
-0.8439076756455968,30.0,55.0,-0.8439076756455968,1.7258481018320078,0.17941856862256578,0.26822262241038947,0.5834186284544524,0.04667833227938565
-0.8309530453939801,35.0,55.0,-0.8309530453939801,1.6940466641929746,0.18924843571202013,0.25947836525827495,0.5884732052578362,0.04574096351033969
-0.8405322429593158,40.0,55.0,-0.8405322429593158,1.7110084011862177,0.20051386435971297,0.2539322899601766,0.574826560951437,0.045278197780043834
-0.8268646744120293,45.0,55.0,-0.8268646744120293,1.6768794355138505,0.205923400058154,0.25172978179547,0.5830039525691699,0.04466060271337489
-0.8564308434547685,50.0,55.0,-0.8564308434547685,1.7329615784963253,0.21913907076648798,0.2540871887862275,0.5506035283194057,0.04343794036565972
-0.8290151364913532,55.0,55.0,-0.8290151364913532,1.6652916303432312,0.22185083664536442,0.25738225624112754,0.5690978886756238,0.04199649355805481
-0.823863979860035,60.0,55.0,-0.823863979860035,1.64549571775671,0.22982878153558461,0.2600461683710793,0.5680304471931494,0.040699962695123326
-0.8176685442250381,65.0,55.0,-0.8176685442250381,1.6221615627072878,0.2351736369201336,0.26457034153515024,0.5613207547169812,0.03958289424823613
-0.808862513613228,70.0,55.0,-0.808862513613228,1.5939905369345782,0.24051849230468214,0.2694297713410244,0.5622076707202993,0.03866708685404398
-0.7991880665278825,75.0,55.0,-0.7991880665278825,1.5638847550615158,0.24586334768923024,0.2727920487283269,0.5602968460111317,0.037872961917009715
-0.7874827983954198,80.0,55.0,-0.7874827983954198,1.5306743428301275,0.24853577538150473,0.2769689256497274,0.561631139944393,0.037313123122452045
-0.7730978695657931,85.0,55.0,-0.7730978695657931,1.4919793939269244,0.2508994937187093,0.2796250465974876,0.5632502308402585,0.03686056033869473
-0.7585712893600792,90.0,55.0,-0.7585712893600792,1.4554341572897695,0.2512082030737788,0.28011759682055354,0.5643382352941176,0.03661901021209741
-0.7385199572027985,95.0,55.0,-0.7385199572027985,1.41007022398374,0.24958908051605452,0.28007042215034056,0.5792300805729633,0.03651204496871782
-0.6572183337886366,100.0,55.0,-0.6572183337886366,1.234728086613748,0.24079101832835975,0.2774099063915796,0.6622313203684749,0.03656480934197729
-0.5378867437545527,105.0,55.0,-0.5378867437545527,0.9685008120872689,0.218647379138729,0.2747852431913837,0.7287173666288309,0.036738783305676447
-0.5225496376224784,110.0,55.0,-0.5225496376224784,0.9363895387833676,0.2168940192627255,0.2695766820178368,0.7362385321100917,0.037073130860952964
-0.4631697313013066,115.0,55.0,-0.4631697313013066,0.7993596546403152,0.21102292285745333,0.26468291063587157,0.7550058892815077,0.03752287594115896
-0.4608732431988752,120.0,55.0,-0.4608732431988752,0.790680297777241,0.21389935376503322,0.2641484243942539,0.7491082045184304,0.03808470088640462
-0.4550540466927447,125.0,55.0,-0.4550540466927447,0.7765055526252365,0.21646664307421348,0.26181684997257726,0.7511904761904762,0.038775496972133255
-0.44966869252645575,130.0,55.0,-0.44966869252645575,0.7701511843615001,0.2084493599973909,0.25858957573609265,0.7515151515151515,0.0396413495852981
-0.44080585462855454,135.0,55.0,-0.44080585462855454,0.7535360903388986,0.20175839223676545,0.254358006372896,0.7463768115942029,0.040566281776920725
-0.4343763857028152,140.0,55.0,-0.4343763857028152,0.7431463537191295,0.1924147938437457,0.2543450915743653,0.7457212713936431,0.04168244373610184
-0.4330905473068942,145.0,55.0,-0.4330905473068942,0.7445429758391426,0.18172508307464863,0.2581458509227695,0.7469437652811736,0.043148426746903105
-0.4296673114456973,150.0,55.0,-0.4296673114456973,0.7381332762389243,0.171035372305552,0.2677331160437838,0.7527812113720643,0.045039460105573415
-0.4223559984843063,155.0,55.0,-0.4223559984843063,0.7164883588463685,0.1603456615364549,0.2754505814349865,0.7318840579710145,0.047379170034715305
-0.4155191129718425,160.0,55.0,-0.4155191129718425,0.7038254559336393,0.14904336022748885,0.28349772801971673,0.7414634146341463,0.04962370649106303
-0.4120880973501138,165.0,55.0,-0.4120880973501138,0.6962479786959488,0.13896623999826074,0.29403636995854104,0.7466174661746617,0.050471516551193224
-0.40814744148125554,170.0,55.0,-0.40814744148125554,0.687038478030617,0.1191850788559991,0.31601111723871556,0.7546699875466999,0.05185522760775852
-0.41233116851843254,175.0,55.0,-0.41233116851843254,0.6949173222299961,0.09620739692187286,0.3416231605875995,0.75093399750934,0.05304044081472006
-0.41675087986927134,180.0,55.0,-0.41675087986927134,0.7024441746496686,0.06413826461458161,0.3774470377345917,0.7462311557788944,0.05444130538648497
-0.4272293165260516,185.0,55.0,-0.4272293165260516,0.7231550977109886,0.024051849230468214,0.4225541026414194,0.7368421052631579,0.07526198968605409
-0.44959652708567066,190.0,55.0,-0.44959652708567066,0.7275722877833066,0.05869152958235385,0.469298725070323,0.7342995169082126,0.07796200345423143
-0.4762436424247462,195.0,55.0,-0.4762436424247462,0.7356976438869919,0.10155225230642118,0.5184301921853096,0.7303102625298329,0.07312489625572076
-0.4994410672234127,200.0,55.0,-0.4994410672234127,0.7340429962066192,0.14705381152750752,0.5677108577483488,0.7286729857819905,0.0660906316605309
-0.5261105083276867,205.0,55.0,-0.5261105083276867,0.7388341533690713,0.19545837713884281,0.6173307969153501,0.7262044653349001,0.06069417238001959
-0.557535402553062,210.0,55.0,-0.557535402553062,0.7559016685778506,0.24097873082568624,0.6654344953762865,0.7142857142857143,0.057756586708611876
-0.5937966008584006,215.0,55.0,-0.5937966008584006,0.7789754996363641,0.28617902852723615,0.7110010058679307,0.6708860759493671,0.05361362590148842
-0.628692143879569,220.0,55.0,-0.628692143879569,0.7946043941116554,0.33058465258418096,0.7532688697565765,0.6011299435028249,0.04817225229608905
-0.6951831893414925,225.0,55.0,-0.6951831893414925,0.8262900102661367,0.37428167963181924,0.7917696116439022,0.2684563758389262,0.041470130492038786
-0.744582222101823,230.0,55.0,-0.744582222101823,0.8505820814318659,0.4201959369625047,0.8362693237065214,0.097669256381798,0.03164424008309312
-0.7825998574073374,235.0,55.0,-0.7825998574073374,0.8803119919683177,0.4649878394712448,0.8845743129978193,0.06915477497255763,0.02496152994418293
-0.8226974992765159,240.0,55.0,-0.8226974992765159,0.9156896738129556,0.5038211213765238,0.9249188327433144,0.007633587786259542,0.020945485189024966
-0.8564104135352473,245.0,55.0,-0.8564104135352473,0.9567482640241395,0.5334488612554864,0.9613955704468795,0.0,0.01818309577475447
-0.8828247797590487,250.0,55.0,-0.8828247797590487,0.9907640849939836,0.5576376617326175,0.9884389213132034,0.0,0.015896774467497862
-0.9050665305381126,255.0,55.0,-0.9050665305381126,1.0255302105620085,0.5718995261466882,1.007518259106549,0.0,0.01404475294929358
-0.9273815446441624,260.0,55.0,-0.9273815446441624,1.0607236806711724,0.5911283650144028,1.0212399244883712,0.0,0.012470413130885073
-0.9474179648940873,265.0,55.0,-0.9474179648940873,1.0935347517388914,0.6130629440121549,1.0269533127819677,0.0,0.011505224049099904
-0.9605504375039576,270.0,55.0,-0.9605504375039576,1.1244082408392513,0.6177556072497482,1.0253929574232805,0.0,0.010044722810680258
-0.9719054419690492,275.0,55.0,-0.9719054419690492,1.1591983027459218,0.6172322769266343,1.0156722065560877,0.0,0.00928492736542748
-0.9791118982255633,280.0,55.0,-0.9791118982255633,1.1934068646020803,0.6081662057579131,0.9988304037810117,0.0,0.00939402845019154
-0.9789249688291196,285.0,55.0,-0.9789249688291196,1.2219230397375673,0.5839254507619218,0.9766975609744488,0.0,0.009846359246085968
-0.9836994613407745,290.0,55.0,-0.9836994613407745,1.2680505510335038,0.5558649599930421,0.9500520037164496,0.0,0.010406490251879539
-0.9806477660727831,295.0,55.0,-0.9806477660727831,1.3107080541297078,0.5237958276857517,0.9193293941654588,0.044167610419026046,0.01140107508236518
-0.9894820718382309,300.0,55.0,-0.9894820718382309,1.3738892484170637,0.4958016724108353,0.8910967999309267,0.06798245614035088,0.012962643310151286
-0.9730008720255411,305.0,55.0,-0.9730008720255411,1.3994306549989797,0.44836625443533884,0.8540058863192173,0.12364425162689804,0.015788048332171317
-0.9667865243862921,310.0,55.0,-0.9667865243862921,1.4387747892276124,0.40620900922568515,0.8231056685054118,0.16052060737527116,0.01939843329546134
-0.951300999095074,315.0,55.0,-0.951300999095074,1.476015259082355,0.3714674492261194,0.7883661692209016,0.2906350914962325,0.024653828974142637
-0.9180937514812126,320.0,55.0,-0.9180937514812126,1.5082924531839927,0.3287086061497315,0.7451170893993455,0.5367965367965368,0.03267189365340561
-0.90294711870882,325.0,55.0,-0.90294711870882,1.540803609819436,0.28620046620839756,0.6997816255405139,0.5986984815618221,0.04427974793363418
-0.892855764320342,330.0,55.0,-0.892855764320342,1.5742829546792727,0.24322462581689747,0.654465009834467,0.6127982646420824,0.05570626458898492
-0.880262613184499,335.0,55.0,-0.880262613184499,1.60501967741364,0.1961121119692238,0.6024004191387077,0.6137339055793991,0.06491323406876064
-0.8664029823292916,340.0,55.0,-0.8664029823292916,1.631015194263347,0.15063875555791217,0.5510385181103126,0.6142241379310345,0.06738629525808298
-0.8525195686246749,345.0,55.0,-0.8525195686246749,1.6537470000642691,0.1068971076909695,0.5024164061475576,0.6130760986066452,0.06536156148755898
-0.865972585095251,350.0,55.0,-0.865972585095251,1.7277798131865465,0.0704206882379353,0.45701383745433033,0.5699797160243407,0.065163864832739
-0.8711272913269851,355.0,55.0,-0.8711272913269851,1.7606608600772569,0.07453438697907282,0.415364318282102,0.5561172901921132,0.05667653368818402
-0.7905410892483014,0.0,60.0,-0.7905410892483014,1.6029243866993692,0.06464552849709787,0.3783755240628312,0.6138392857142857,0.0325606165027254
-0.7958504250133549,5.0,60.0,-0.7958504250133549,1.6144990561885528,0.0951832903238452,0.34892235885227957,0.6097560975609756,0.0342797118847539
-0.797134784838172,10.0,60.0,-0.797134784838172,1.620790817405193,0.11558774653906562,0.323012124352622,0.6083150984682714,0.03820779235615671
-0.7981370610230113,15.0,60.0,-0.7981370610230113,1.62100285705798,0.13629381230598625,0.3046520367718545,0.6050054406964092,0.04483080058097943
-0.7998766378412027,20.0,60.0,-0.7998766378412027,1.625981499304746,0.14886309837769016,0.28881526677407043,0.5993555316863588,0.048216086704995165
-0.8017021098530098,25.0,60.0,-0.8017021098530098,1.6283161082553157,0.1595389474743989,0.28060490768879554,0.5966029723991507,0.04983332446332413
-0.799837605939222,30.0,60.0,-0.799837605939222,1.6211559555591943,0.16775006065023282,0.27573614376073774,0.5949632738719832,0.04835874997711587
-0.7975051115847606,35.0,60.0,-0.7975051115847606,1.6121339617006625,0.17521152144892965,0.27282995328384074,0.59358841778697,0.04858553404905572
-0.7952580831790299,40.0,60.0,-0.7952580831790299,1.6050026120044334,0.18238391602851378,0.2673041152809197,0.5916496945010183,0.04838891040617699
-0.7942848605551636,45.0,60.0,-0.7942848605551636,1.6016127318769655,0.19008770312634676,0.2606886719141,0.5905432595573441,0.04757793074776741
-0.7874405294078346,50.0,60.0,-0.7874405294078346,1.582867713383648,0.19809100996761306,0.2544462240102026,0.5884086444007859,0.04670192749765293
-0.7738562377992153,55.0,60.0,-0.7738562377992153,1.5498139496038437,0.2031045046128428,0.251430008405987,0.597029702970297,0.04544908516213315
-0.7680551761546082,60.0,60.0,-0.7680551761546082,1.5317755729859173,0.20609540323839215,0.25339833352202284,0.5952848722986247,0.04422870656109177
-0.7695972192464963,65.0,60.0,-0.7695972192464963,1.5294685625339346,0.2121328016891713,0.2538806307660533,0.5869356388088377,0.04319604884465264
-0.7535301673252733,70.0,60.0,-0.7535301673252733,1.487603442317411,0.21646664307421393,0.2543967310794084,0.5922705314009662,0.04230469946586576
-0.7519783987394443,75.0,60.0,-0.7519783987394443,1.4791540530589484,0.21913907076648798,0.2565325761589757,0.5860113421550095,0.041585889027997903
-0.7500454004792093,80.0,60.0,-0.7500454004792093,1.4707857574064045,0.22181149845876247,0.25677024728752956,0.5791433891992551,0.04100909638884322
-0.7293316008413078,85.0,60.0,-0.7293316008413078,1.4203436174652238,0.2218854055369441,0.25803139679981724,0.5878504672897197,0.04061334157096642
-0.7148833731199392,90.0,60.0,-0.7148833731199392,1.3841207181873147,0.2221069792140995,0.2590095591050351,0.5904404873477038,0.040311462423946204
-0.6703974352940681,95.0,60.0,-0.6703974352940681,1.286775600281158,0.21943815006395506,0.2587421027436834,0.6385786802030456,0.04018644198705786
-0.5718746750515693,100.0,60.0,-0.5718746750515693,1.0640597228843283,0.21646664307421348,0.25839825166921204,0.7246543778801844,0.04020466364703909
-0.5308474356890696,105.0,60.0,-0.5308474356890696,0.9679273705996144,0.21379421538193943,0.25680856911601085,0.7397420867526378,0.04032805391857113
-0.5099778193872667,110.0,60.0,-0.5099778193872667,0.9184550871056408,0.21112178768966494,0.25677024728752956,0.7437722419928826,0.04059707938564526
-0.4666913853148035,115.0,60.0,-0.4666913853148035,0.8173485860143721,0.20577693230511684,0.2562759383225754,0.7576126674786845,0.04097433371269386
-0.4643801265883749,120.0,60.0,-0.4643801265883749,0.8138606776164587,0.20075902676040117,0.2547056075279766,0.7503030303030302,0.04142900750791435
-0.45829143619505,125.0,60.0,-0.45829143619505,0.803353286781827,0.19584216880590014,0.25516819366658616,0.7580246913580246,0.042003062723323575
-0.451998789015227,130.0,60.0,-0.451998789015227,0.7908505330996848,0.18982875929250526,0.2543967310794088,0.7539779681762546,0.042790835682343216
-0.44505387071985536,135.0,60.0,-0.44505387071985536,0.7757781947962332,0.18439751076692268,0.2565530584583273,0.754950495049505,0.043789242606413134
-0.4466549058897235,140.0,60.0,-0.4466549058897235,0.7809898238464212,0.17638022769010053,0.26214821502795205,0.753731343283582,0.04509403107113655
-0.4335589607659611,145.0,60.0,-0.4335589607659611,0.7504859684025867,0.16633230861110718,0.27088538350483904,0.7593984962406015,0.04670005042204405
-0.43713458178017617,150.0,60.0,-0.43713458178017617,0.7602055248094359,0.15767323384418042,0.27793247999652104,0.7584905660377359,0.048637212396118
-0.431766203166539,155.0,60.0,-0.431766203166539,0.746292670094312,0.1497654697914529,0.2853534177899712,0.7553058676654182,0.05083929640624542
-0.4234814987292654,160.0,60.0,-0.4234814987292654,0.7245587838173011,0.14163866769053524,0.2902772237361287,0.7432098765432099,0.052174371085056605
-0.42497539977768983,165.0,60.0,-0.42497539977768983,0.7285586954110806,0.1288065126603175,0.30465675691926375,0.7481389578163772,0.05336882950303824
-0.4252516451309106,170.0,60.0,-0.4252516451309106,0.7286102100122573,0.11224196307551804,0.3233637507651834,0.7509386733416771,0.05429322896736787
-0.43158976743135447,175.0,60.0,-0.43158976743135447,0.7426677895816365,0.09272165186363711,0.3447431723033776,0.7484355444305382,0.053010716711784325
-0.43171487218212223,180.0,60.0,-0.43171487218212223,0.7430613378892318,0.06382147118732398,0.3741398769183939,0.75,0.05107681585630488
-0.4346664320002707,185.0,60.0,-0.4346664320002707,0.7488285803606181,0.029396704615016755,0.4110193790717786,0.7496902106567535,0.06475998627544301
-0.4492582089526282,190.0,60.0,-0.4492582089526282,0.7499352748437758,0.04426610473400844,0.4489678523020726,0.7402439024390244,0.06902728024249104
-0.46917337457666297,195.0,60.0,-0.46917337457666297,0.7555130804722054,0.07750040307595318,0.4863818399939124,0.7400241837968561,0.065072030122224
-0.49100686463570026,200.0,60.0,-0.49100686463570026,0.7607847442750604,0.11491439076779253,0.5264682553780258,0.7365269461077845,0.06270277468403467
-0.5206813517657105,205.0,60.0,-0.5206813517657105,0.7864624094894603,0.15232837845963187,0.5657401293199542,0.734207389749702,0.06021583666014673
-0.5463162152607617,210.0,60.0,-0.5463162152607617,0.801942633759911,0.18749571477504684,0.6052269699879907,0.7264150943396226,0.058645469157499075
-0.5689147420264011,215.0,60.0,-0.5689147420264011,0.8108667068359816,0.22448392615103607,0.641975445519922,0.7204678362573099,0.057134964086594006
-0.5961345117570825,220.0,60.0,-0.5961345117570825,0.8303783847302912,0.2609740720834691,0.6763378697212222,0.7034482758620689,0.05521765356388861
-0.6252239663169885,225.0,60.0,-0.6252239663169885,0.8512811039871243,0.29396704615016667,0.7081933384526743,0.6582857142857143,0.05180634799617546
-0.6552418548875296,230.0,60.0,-0.6552418548875296,0.8735007041278402,0.32603617845745747,0.7399456725489957,0.6065388951521984,0.047266468974995514
-0.6972875643411189,235.0,60.0,-0.6972875643411189,0.9001096888320683,0.3554328830724742,0.7668158142542331,0.43318485523385303,0.042489713821078565
-0.7391150007512882,240.0,60.0,-0.7391150007512882,0.9296859604103151,0.37948473230294244,0.7935751869803681,0.2602436323366556,0.03501445357054489
-0.7710565275026858,245.0,60.0,-0.7710565275026858,0.9587826893932732,0.40353658153341065,0.8161062519967679,0.1736725663716814,0.028704804947668888
-0.8001731683381161,250.0,60.0,-0.8001731683381161,0.9897365830611997,0.4215428484703879,0.8347783404423069,0.09801762114537445,0.02460358927093301
-0.8220775473564824,255.0,60.0,-0.8220775473564824,1.019832322600673,0.4356597500490177,0.8541064961415996,0.08296943231441048,0.02193229369192643
-0.8395883952142449,260.0,60.0,-0.8395883952142449,1.0507552175112778,0.4427752431338964,0.8634372348243448,0.07266811279826464,0.019881539639323313
-0.8587217152664206,265.0,60.0,-0.8587217152664206,1.084703491064284,0.4529453243132013,0.8707373408433285,0.06080347448425624,0.018425998074895724
-0.8717776899587022,270.0,60.0,-0.8717776899587022,1.1138810286287546,0.4545142029659443,0.8706455317525117,0.05064655172413793,0.017665477900979443
-0.8675704538931099,275.0,60.0,-0.8675704538931099,1.1127452989750541,0.45008028026110436,0.8654270344793386,0.06404494382022471,0.017246829077659582
-0.87614365824836,280.0,60.0,-0.87614365824836,1.1494304175813088,0.44362299691752405,0.8535013860249178,0.07909604519774012,0.016806479271429565
-0.8770453268713776,285.0,60.0,-0.8770453268713776,1.1765968305149068,0.4249160030716044,0.8367834349507857,0.09018264840182648,0.017249067142287203
-0.8887410759217058,290.0,60.0,-0.8887410759217058,1.229411424628407,0.4105959390540696,0.8228966774060734,0.11396648044692738,0.018605896528129
-0.8795323697998668,295.0,60.0,-0.8795323697998668,1.2538886777238223,0.3902622086082167,0.8030613154366745,0.20353982300884957,0.021016227720138336
-0.8796452387232997,300.0,60.0,-0.8796452387232997,1.3040779743285538,0.3716439629560137,0.7829149772486008,0.3062568605927552,0.025226414628729363
-0.8591031995700927,305.0,60.0,-0.8591031995700927,1.3364343827087304,0.3466409782167006,0.7602487375542634,0.5219298245614035,0.030096009487402698
-0.8541558122810778,310.0,60.0,-0.8541558122810778,1.3698076676860047,0.31911872868535196,0.7371848011609599,0.5784313725490197,0.035549635645331285
-0.8500041307490649,315.0,60.0,-0.8500041307490649,1.4033140010458622,0.2891330145076827,0.705057660795568,0.5986913849509269,0.042700649821415505
-0.8421006068745486,320.0,60.0,-0.8421006068745486,1.4316149485098535,0.2566169599736048,0.6743163040071847,0.6327868852459017,0.052079340743579915
-0.8366182252380517,325.0,60.0,-0.8366182252380517,1.4606868695624484,0.22188540553694455,0.6401897169047607,0.6317530319735392,0.05931436190743535
-0.8294095269356596,330.0,60.0,-0.8294095269356596,1.4881065499136474,0.18728888243925773,0.6022171733891428,0.6320960698689956,0.06538146375123992
-0.8225406773768282,335.0,60.0,-0.8225406773768282,1.5168847463104027,0.15329405063503135,0.5622548115005276,0.631004366812227,0.06698481687110584
-0.8110612469722897,340.0,60.0,-0.8110612469722897,1.5355079691026727,0.11863143282154598,0.5212025512282266,0.631004366812227,0.06705005600068924
-0.8001917056606683,345.0,60.0,-0.8001917056606683,1.5541368911569537,0.08284525846050173,0.4836102306387374,0.6307692307692307,0.0665786295875204
-0.7916821519383556,350.0,60.0,-0.7916821519383556,1.5744239797555877,0.05077612615321048,0.446544443661601,0.6241758241758242,0.06860900955726754
-0.7848943226342451,355.0,60.0,-0.7848943226342451,1.5875755946494658,0.034741559999565075,0.4126083489430595,0.6197339246119734,0.05371333885666943
-0.7549166807378936,0.0,65.0,-0.7549166807378936,1.5146421344153491,0.06413826461458205,0.38215715999521693,0.6251402918069585,0.03116142071923295
-0.7587036264763434,5.0,65.0,-0.7587036264763434,1.5239911309326297,0.08984780050706676,0.355469784794988,0.6222222222222222,0.03175255521406618
-0.7592939727696271,10.0,65.0,-0.7592939727696271,1.5284137806044067,0.10750888800367052,0.33138103384200646,0.6179401993355482,0.035072648030742976
-0.7612848153534258,15.0,65.0,-0.7612848153534258,1.5327416246396726,0.12412625632876231,0.3144413836350328,0.6145374449339207,0.040666278059456905
-0.7619080875675848,20.0,65.0,-0.7619080875675848,1.5332617152268608,0.13908417667379336,0.2997497975975987,0.6110509209100758,0.046994673972139966
-0.7616770613748902,25.0,65.0,-0.7616770613748902,1.5334079941418235,0.14875763349800786,0.2891330145076822,0.6115879828326181,0.04815986778458562
-0.7597199916073861,30.0,65.0,-0.7597199916073861,1.5285069949958006,0.15534048404634937,0.2806633331249564,0.6068376068376068,0.04883181170307022
-0.7580984650722102,35.0,65.0,-0.7580984650722102,1.521606513062124,0.16186927906810983,0.27840400192640113,0.6061246040126715,0.04976016414199762
-0.758372203916299,40.0,65.0,-0.758372203916299,1.5198167643323575,0.1683629446132775,0.27526005230424655,0.604602510460251,0.05041381824000569
-0.7557724348448052,45.0,65.0,-0.7557724348448052,1.510050603187631,0.1745037942951374,0.2725876246119725,0.6002066115702479,0.050803320534546004
-0.7497974462239232,50.0,65.0,-0.7497974462239232,1.4950729243035294,0.17964718103421654,0.2677534582409258,0.6008188331627431,0.050288890088847724
-0.7452139424956111,55.0,65.0,-0.7452139424956111,1.482443567617936,0.18461962269762094,0.26457034153515036,0.600609756097561,0.048982688962346775
-0.7336783601293032,60.0,65.0,-0.7336783601293032,1.4541447378658316,0.1889763067622741,0.2616413404906714,0.6063394683026585,0.04769821524723601
-0.7271898998312908,65.0,65.0,-0.7271898998312908,1.4372279888664425,0.19262766530996844,0.25884357459311413,0.6056910569105691,0.04667392500317392
-0.7263604578539671,70.0,65.0,-0.7263604578539671,1.4326621457359598,0.19775964922829425,0.2552633864602373,0.599601593625498,0.045822469107810904
-0.7107360985211786,75.0,65.0,-0.7107360985211786,1.3947616052097063,0.2004320769205683,0.25388063076605283,0.6074672048435923,0.0451427166820606
-0.7078475562460814,80.0,65.0,-0.7078475562460814,1.3849754820208224,0.20310450461284235,0.2516919125407392,0.5984174085064293,0.04462174287798086
-0.6913043576561059,85.0,65.0,-0.6913043576561059,1.3464268235034964,0.20310450461284235,0.25143000840598684,0.609,0.04422475257284088
-0.6865731723344568,90.0,65.0,-0.6865731723344568,1.3326624518307888,0.2031045046128428,0.25163972424631487,0.6017786561264822,0.04394264816857259
-0.676031864167501,95.0,65.0,-0.676031864167501,1.3066416276533315,0.2031045046128428,0.25141695625147753,0.6025515210991168,0.043818375797906005
-0.533069932374375,100.0,65.0,-0.533069932374375,0.9900763761524916,0.19377339951163336,0.2510024856298028,0.7415458937198067,0.04379720304990424
-0.5044450444704615,105.0,65.0,-0.5044450444704615,0.9216381055501731,0.19241479384374527,0.25209410840935703,0.7533742331288343,0.04387123385809962
-0.4951747594429826,110.0,65.0,-0.4951747594429826,0.901139179440989,0.18974236615147122,0.2517297817954701,0.7564894932014833,0.04408161187822205
-0.49607697354312846,115.0,65.0,-0.49607697354312846,0.9042285411789998,0.18519603951756658,0.2539452047587074,0.7539975399753998,0.04443630369081418
-0.4675800756944149,120.0,65.0,-0.4675800756944149,0.8356573688429823,0.18172508307464863,0.25757358030800814,0.7650753768844221,0.04493699486624836
-0.4659417651297134,125.0,65.0,-0.4659417651297134,0.828675181306134,0.17900287158983075,0.2614925944913823,0.7565217391304347,0.045659643167611876
-0.4618611376947755,130.0,65.0,-0.4618611376947755,0.820001762663499,0.17370779999782604,0.26587445749583805,0.7603513174404015,0.04654008438818565
-0.45649231570130105,135.0,65.0,-0.45649231570130105,0.8071917680585234,0.1683629446132775,0.2708853835048384,0.7619647355163728,0.04767930333908382
-0.45616766851681206,140.0,65.0,-0.45616766851681206,0.806512056717382,0.1612633320055056,0.2774128300749932,0.7610619469026548,0.048879302335914435
-0.44800430747761877,145.0,65.0,-0.44800430747761877,0.7869011844234866,0.15501445514802942,0.2832773353810696,0.7632911392405063,0.05038410905030912
-0.44791858423379666,150.0,65.0,-0.44791858423379666,0.788928310740005,0.14965595076735783,0.2860070966662791,0.765685019206146,0.051932096423767976
-0.4449209158791825,155.0,65.0,-0.4449209158791825,0.7837239863013411,0.14163866769053524,0.291347764240864,0.7681528662420383,0.05426367002959918
-0.4424660207939718,160.0,65.0,-0.4424660207939718,0.7717958770119326,0.13282181190532596,0.3021688680514689,0.75,0.055955518715481836
-0.44727334188511947,165.0,65.0,-0.44727334188511947,0.7818997858613917,0.12025924615234063,0.3174180524666229,0.7490589711417817,0.05673380764980711
-0.44683748505381715,170.0,65.0,-0.44683748505381715,0.7806343150047658,0.10671204894103806,0.3323786547729027,0.7518891687657431,0.05582425325247238
-0.4486556103624539,175.0,65.0,-0.4486556103624539,0.7858924423004082,0.08819011384505027,0.3500145209342132,0.7525252525252525,0.05300066166165645
-0.4494417024400556,180.0,65.0,-0.4494417024400556,0.7882544818743218,0.06382147118732467,0.37425331908913434,0.7537878787878788,0.04617854849068722
-0.45362348556813603,185.0,65.0,-0.45362348556813603,0.796481950552863,0.037413987691839345,0.40320634613393475,0.7512437810945274,0.0524863103287738
-0.46337000612061535,190.0,65.0,-0.46337000612061535,0.8077791272752888,0.02907501236688436,0.4323283221619213,0.750924784217016,0.062369775178717377
-0.4759975130368514,195.0,65.0,-0.4759975130368514,0.805703159693006,0.05375444400183504,0.4619736845726426,0.752157829839704,0.06295952896988738
-0.49269909750952146,200.0,65.0,-0.49269909750952146,0.8111588545777031,0.08098674064611962,0.4918333819455408,0.7496947496947497,0.06184170747929137
-0.5123705541843327,205.0,65.0,-0.5123705541843327,0.8198687066196323,0.11224196307551848,0.5211233999934776,0.7391826923076923,0.059316800869436345
-0.5343980650666517,210.0,65.0,-0.5343980650666517,0.8376087105354291,0.14188525083169468,0.5509547593252134,0.7385542168674699,0.05804395025162837
-0.5542658738884604,215.0,65.0,-0.5542658738884604,0.84968072840318,0.17103537230555155,0.5805723706910302,0.7350835322195705,0.058464201175901655
-0.5727181362659026,220.0,65.0,-0.5727181362659026,0.8591094719246337,0.1978425414431146,0.6102697951602986,0.7295373665480427,0.058839764820662915
-0.5939003673558052,225.0,65.0,-0.5939003673558052,0.8761573150045131,0.22448392615103607,0.6363136805718479,0.7176196032672112,0.058208984010852304
-0.6162353539628027,230.0,65.0,-0.6162353539628027,0.8990549820383303,0.2485357753815043,0.6624345493015098,0.7112922002328289,0.05685642356205205
-0.6387236487985997,235.0,65.0,-0.6387236487985997,0.9232176283602319,0.26991519691969845,0.6863122055565574,0.6962025316455697,0.053283980923887336
-0.658365941014726,240.0,65.0,-0.658365941014726,0.9418027108122946,0.2912946184578922,0.7062084114940426,0.677309007981756,0.05047861059630486
-0.6809104187762226,245.0,65.0,-0.6809104187762226,0.9736833886759736,0.3073291846115378,0.7220554322481583,0.6590909090909091,0.04772246634670178
-0.696904973736271,250.0,65.0,-0.696904973736271,0.9915998767536546,0.32069132307290893,0.7376078263053851,0.6430976430976431,0.04413383573104528
-0.7127610291802768,255.0,65.0,-0.7127610291802768,1.019977350570258,0.331381033842006,0.749737395874863,0.6550951847704367,0.041668493133528293
-0.7245353641946879,260.0,65.0,-0.7245353641946879,1.0431602242707079,0.3328094959845613,0.7572811885532365,0.6525139664804469,0.03965010934083099
-0.7376820206392232,265.0,65.0,-0.7376820206392232,1.0661368763964167,0.3371801077117258,0.7596799202140212,0.6298773690078038,0.0379028030851409
-0.7514231286309748,270.0,65.0,-0.7514231286309748,1.095220709133892,0.3394466230044223,0.7612787413323907,0.6184649610678532,0.036766450613814894
-0.7346356494474219,275.0,65.0,-0.7346356494474219,1.0730118152800134,0.332905123739955,0.758876373069919,0.6751445086705202,0.03631442426976429
-0.7332189108550483,280.0,65.0,-0.7332189108550483,1.081254966717553,0.3270386056961095,0.7522929256487886,0.6911595866819747,0.036776114131463096
-0.7286465393510345,285.0,65.0,-0.7286465393510345,1.083920156970053,0.3180188953806349,0.7422486609293559,0.6998841251448435,0.03791505349684359
-0.7706840323960605,290.0,65.0,-0.7706840323960605,1.1925280360193962,0.30970773726163947,0.729878329818922,0.6622369878183831,0.03951967310015163
-0.7778509987217476,295.0,65.0,-0.7778509987217476,1.226050289345062,0.2974389220481439,0.7163110125270116,0.6600660066006601,0.042790594787315714
-0.7814298075663085,300.0,65.0,-0.7814298075663085,1.2543685866469487,0.28420191098752834,0.6980934721154561,0.6589147286821705,0.045357640241044966
-0.7841485410917175,305.0,65.0,-0.7841485410917175,1.2856124942708858,0.26457034153515036,0.6777369887311943,0.6567328918322296,0.05027801654668529
-0.7882388943847436,310.0,65.0,-0.7882388943847436,1.3200815390485336,0.24475660433606955,0.6574371641468845,0.6534216335540839,0.05524544802377618
-0.7872498983203613,315.0,65.0,-0.7872498983203613,1.3463231908744366,0.22181149845876202,0.6352932116458069,0.6555555555555556,0.05932738256243801
-0.783997479941531,320.0,65.0,-0.783997479941531,1.370497015900759,0.19542311371415425,0.6082366968898253,0.6511627906976745,0.06311100460257829
-0.7789657500514601,325.0,65.0,-0.7789657500514601,1.3894035304658465,0.17103537230555155,0.5822056134916116,0.6510590858416946,0.06503440823522721
-0.7756967632482119,330.0,65.0,-0.7756967632482119,1.415468923227448,0.14459475845996336,0.5527340527671971,0.6482300884955752,0.06497486472457853
-0.7706512814954509,335.0,65.0,-0.7706512814954509,1.4361738490216016,0.11814325728814065,0.524449496837758,0.6446644664466447,0.06650577511040652
-0.7622006089220831,340.0,65.0,-0.7622006089220831,1.4514346413627823,0.0910795387208411,0.4937056164824037,0.6456953642384106,0.06757740837732995
-0.7558288804182538,345.0,65.0,-0.7558288804182538,1.4685361556382877,0.06515279237961415,0.4649832855877551,0.6411960132890365,0.06787851214602807
-0.7509037184369185,350.0,65.0,-0.7509037184369185,1.4869637312295494,0.04169040735515453,0.43716651418328717,0.6359600443951166,0.0665195949455902
-0.7498011819117526,355.0,65.0,-0.7498011819117526,1.5003560580017732,0.040086415384113394,0.40944147660291685,0.6272321428571429,0.04672493307962718
-0.7198895223288412,0.0,70.0,-0.7198895223288412,1.43039368521499,0.06413826461458161,0.38215715999521693,0.6384180790960452,0.026660540586290075
-0.7234142861089843,5.0,70.0,-0.7234142861089843,1.43867396996362,0.08338081471030852,0.36135887163858516,0.6324022346368715,0.027866514210271948
-0.7261745241808493,10.0,70.0,-0.7261745241808493,1.4475402584667343,0.09889661617490614,0.3424156384302877,0.6316964285714286,0.031187007513285687
-0.7256523541917621,15.0,70.0,-0.7256523541917621,1.447756532633218,0.11254599566445074,0.3245379246416611,0.6272123893805309,0.03503041413215565
-0.7269935465215063,20.0,70.0,-0.7269935465215063,1.4496392483758964,0.12560410153688917,0.31223534848395584,0.6232201533406353,0.04022053993517332
-0.7277932699901094,25.0,70.0,-0.7277932699901094,1.4509888119026464,0.13677416656660887,0.3016185572689842,0.6220043572984749,0.044531604504274264
-0.7257007735170075,30.0,70.0,-0.7257007735170075,1.4466188450051445,0.14431109538280928,0.29259749885090214,0.6217391304347826,0.045889785854389055
-0.7252243986778396,35.0,70.0,-0.7252243986778396,1.4434846511120423,0.15232837845963143,0.2862429654109709,0.6181229773462783,0.047938021105218734
-0.7223539923846629,40.0,70.0,-0.7223539923846629,1.4372509852724604,0.15534048404634943,0.2814566676770548,0.6174568965517241,0.0503234606022145
-0.719380543520353,45.0,70.0,-0.719380543520353,1.426618081698277,0.16004430719085097,0.28065164803772413,0.614406779661017,0.05173247381144239
-0.7165664438741853,50.0,70.0,-0.7165664438741853,1.4196508156080374,0.16320778000104474,0.27793247999652104,0.6157894736842106,0.051725219573400254
-0.7141042012539123,55.0,70.0,-0.7141042012539123,1.4112654308795705,0.1679481472262221,0.2753077000382993,0.6121593291404612,0.05165932298223528
-0.7072827721583597,60.0,70.0,-0.7072827721583597,1.3940168757778524,0.17141840025735156,0.27263573937812735,0.61337513061651,0.05135377903246503
-0.7029710705355163,65.0,70.0,-0.7029710705355163,1.3825926719524608,0.1738021637433133,0.2709079365390633,0.6124352331606218,0.050648626204247
-0.6909427759081676,70.0,70.0,-0.6909427759081676,1.3538382820894672,0.17638022769010053,0.26930838640424887,0.6201469045120671,0.0500092785418256
-0.6854259115765289,75.0,70.0,-0.6854259115765289,1.338865724769964,0.17905265538237458,0.2674512782772457,0.6174636174636174,0.049363232201618056
-0.6817760675897049,80.0,70.0,-0.6817760675897049,1.3297052266355924,0.1798749134132776,0.26512751025870696,0.6135662898252826,0.048803831599435396
-0.6733842928375607,85.0,70.0,-0.6733842928375607,1.3074826150816472,0.18172508307464863,0.2649218713580735,0.6127049180327869,0.04839745251378825
-0.6642795504463243,90.0,70.0,-0.6642795504463243,1.2853008333105735,0.18172508307464863,0.26506563156757657,0.6153846153846154,0.048114052823965046
-0.5365697404060356,95.0,70.0,-0.5365697404060356,1.0026365314809091,0.17370779999782604,0.26600413276489593,0.7441285537700866,0.047984880176187066
-0.5138680797372389,100.0,70.0,-0.5138680797372389,0.9479752413663963,0.1737077999978256,0.26600413276489593,0.7525,0.047990382942376744
-0.49993354990916516,105.0,70.0,-0.49993354990916516,0.9151952671135004,0.17183307429791467,0.2674880690263277,0.759748427672956,0.04813714485171332
-0.5037348874576164,110.0,70.0,-0.5037348874576164,0.9226458560204044,0.17103537230555155,0.26991519691969845,0.7556109725685786,0.04839648982848026
-0.4949465715452477,115.0,70.0,-0.4949465715452477,0.9033376569825207,0.16814623380221166,0.2720932520883578,0.7644836272040302,0.048790690752293725
-0.4878169041436689,120.0,70.0,-0.4878169041436689,0.8852469477386874,0.1655134615676454,0.2740248646024318,0.7616645649432535,0.04923816965375787
-0.4826025916976229,125.0,70.0,-0.4826025916976229,0.8727559620252133,0.16061380209908344,0.27793247999652104,0.7613636363636364,0.04974844897520839
-0.47763052649440896,130.0,70.0,-0.47763052649440896,0.8613917378252004,0.15767323384418042,0.2808324845155428,0.7655259822560203,0.050283062879045784
-0.4728191756982115,135.0,70.0,-0.4728191756982115,0.8492264749984153,0.15493136656902792,0.2840632811818809,0.7662007623888183,0.051115416931017336
-0.4634667858274147,140.0,70.0,-0.4634667858274147,0.8288941132124426,0.14965595076735783,0.28594976307334397,0.7699228791773779,0.05173290547708602
-0.46194317470629376,145.0,70.0,-0.46194317470629376,0.8274035762406542,0.14431109538280928,0.28809917194575085,0.7712082262210797,0.05228787545112562
-0.45950694950625065,150.0,70.0,-0.45950694950625065,0.81989521379446,0.13896623999826074,0.29507992380631376,0.7696267696267697,0.053712034695283496
-0.4590632763789879,155.0,70.0,-0.4590632763789879,0.815844907030365,0.1303055847592287,0.3043931378625691,0.759493670886076,0.055848110676382144
-0.4600106638083031,160.0,70.0,-0.4600106638083031,0.8169650695009247,0.12025924615234107,0.3149063003982832,0.7556675062972292,0.0573513154985629
-0.4623491780148747,165.0,70.0,-0.4623491780148747,0.8214556176051995,0.11016647607684925,0.32603617845745747,0.7528373266078184,0.05648477369169065
-0.46119332611650965,170.0,70.0,-0.46119332611650965,0.8179711211070244,0.09889661617490655,0.34001597628089913,0.7572327044025158,0.053433924618885804
-0.46342547192674377,175.0,70.0,-0.46342547192674377,0.8245003230918895,0.08304293582936535,0.35335476868532706,0.7547408343868521,0.049388768691314866
-0.46493422816791036,180.0,70.0,-0.46493422816791036,0.8278542608080394,0.06305042048058629,0.3741398769183939,0.7550505050505051,0.04154878432137708
-0.4670494203139566,185.0,70.0,-0.4670494203139566,0.8322140693804645,0.04275884307638789,0.3955192984565876,0.7540574282147315,0.04381800473076388
-0.47158345124396606,190.0,70.0,-0.47158345124396606,0.8410071378877847,0.024051849230468214,0.41903666214860164,0.7559153175591532,0.054058402381143913
-0.47911664298779333,195.0,70.0,-0.47911664298779333,0.8412992948915909,0.03165935312160004,0.44095056922525,0.7555555555555555,0.05657711126419727
-0.4932958956485064,200.0,70.0,-0.4932958956485064,0.8501096695734783,0.05077612615321048,0.4638310011134096,0.7539975399753998,0.057950257857585584
-0.5079982571300736,205.0,70.0,-0.5079982571300736,0.8576303580745714,0.07482797538367869,0.48617897410483213,0.7530562347188264,0.058403036220936656
-0.5237442345023329,210.0,70.0,-0.5237442345023329,0.8665855883607191,0.09887982461414735,0.5075045492852643,0.7448609431680774,0.057288021197880214
-0.5360863264147314,215.0,70.0,-0.5360863264147314,0.868679350850371,0.12293167384461512,0.529347493698269,0.7445520581113801,0.05737075069697143
-0.5581439495651924,220.0,70.0,-0.5581439495651924,0.8943504615322104,0.14574648019409805,0.5509347649340282,0.7376654632972323,0.058931077549023395
-0.573422133866246,225.0,70.0,-0.573422133866246,0.9052580771565383,0.16588257399279252,0.5723775802333827,0.7324613555291319,0.059800015623779394
-0.5892045161455507,230.0,70.0,-0.5892045161455507,0.9210512066375621,0.18290334594358781,0.5920477346377325,0.7295373665480427,0.060291974636016335
-0.6029419231270738,235.0,70.0,-0.6029419231270738,0.9334687995557811,0.19784254144311472,0.6087689756446298,0.7209847596717468,0.060228740084855195
-0.6182829127918305,240.0,70.0,-0.6182829127918305,0.9563628462040765,0.20862566997549348,0.625234518174397,0.7272727272727273,0.05972630939970176
-0.6345533061474515,245.0,70.0,-0.6345533061474515,0.9769442601254752,0.2218854055369441,0.6400006285830958,0.7169590643274854,0.05859939908211444
-0.6433389920887916,250.0,70.0,-0.6433389920887916,0.9849837134861532,0.23250120922785866,0.6520723569149149,0.717978848413631,0.05815429364712104
-0.6577071705856579,255.0,70.0,-0.6577071705856579,1.0078888111198776,0.24058665275174762,0.659594673475314,0.7049368541905855,0.05704560475875744
-0.6699669757932806,260.0,70.0,-0.6699669757932806,1.0308012165631482,0.24586334768923024,0.6649048413290963,0.7004555808656037,0.05613703125413502
-0.645193332631088,265.0,70.0,-0.645193332631088,0.9728912880401456,0.2485357753815043,0.668064324467294,0.7311320754716981,0.05541758554692415
-0.6544368559401096,270.0,70.0,-0.6544368559401096,0.9946632688746758,0.2485357753815043,0.6681033593559232,0.7258823529411764,0.054868419306464244
-0.6650217920754543,275.0,70.0,-0.6650217920754543,1.0222120355116104,0.24612995572267563,0.6677497259833082,0.7233294255568582,0.054790688380457586
-0.6704786943049362,280.0,70.0,-0.6704786943049362,1.0411228474936054,0.24319091999695575,0.6625499427424546,0.7240566037735849,0.055329650486216075
-0.6705372334280317,285.0,70.0,-0.6705372334280317,1.0515360701655025,0.23517363692013316,0.6548249131323904,0.7257683215130024,0.056087404048626575
-0.675357591317398,290.0,70.0,-0.675357591317398,1.0740275448946985,0.22702957137288649,0.6447928265782517,0.7220902612826603,0.057085374032149895
-0.7286895960947041,295.0,70.0,-0.7286895960947041,1.2095493229125602,0.21723433476492676,0.6333860725511087,0.6778523489932886,0.05830420057901349
-0.7318640799930888,300.0,70.0,-0.7318640799930888,1.2325420153200797,0.20577693230511684,0.6200032246076246,0.6759776536312849,0.060323164728642145
-0.7353591931449265,305.0,70.0,-0.7353591931449265,1.2564546926670883,0.19508722153601976,0.6052269699879909,0.6730123180291153,0.0623407814636652
-0.7346326310140064,310.0,70.0,-0.7346326310140064,1.2749501557948297,0.17786135664718053,0.5881571495053044,0.6685205784204672,0.06409163335476477
-0.7342595597585629,315.0,70.0,-0.7342595597585629,1.296539291351173,0.1603456615364547,0.5678547113359206,0.6640625,0.06432814075983413
-0.7313558834210315,320.0,70.0,-0.7313558834210315,1.3122101287571635,0.1417543809796458,0.5502003624233555,0.6651685393258427,0.06383172527834416
-0.7333157842249518,325.0,70.0,-0.7333157842249518,1.337957695824856,0.1256041015368896,0.5317915869080132,0.6621621621621622,0.06255408838390888
-0.7293409212088072,330.0,70.0,-0.7293409212088072,1.3521152985044838,0.1068971076909695,0.511216177749376,0.6603351955307263,0.062202945944822424
-0.7268042215814157,335.0,70.0,-0.7268042215814157,1.3708893025410878,0.08723973457373538,0.48905426768618643,0.65625,0.06301725202783381
-0.7217229299534244,340.0,70.0,-0.7217229299534244,1.3838189871865754,0.0668106923068561,0.4681630417443385,0.6554809843400448,0.06511615258581423
-0.7161001444092887,345.0,70.0,-0.7161001444092887,1.3939615561489769,0.04810369846093643,0.4463399830527822,0.6509539842873177,0.06582278481012659
-0.7137750328049131,350.0,70.0,-0.7137750328049131,1.412218212547484,0.031659353121600224,0.4232174807187064,0.648314606741573,0.05665497471805918
-0.7149259819737731,355.0,70.0,-0.7149259819737731,1.4188694378530808,0.04426610473400752,0.4020034793529121,0.6418918918918919,0.03801114659653078
