score,azimuth_deg,elevation_deg,frame0_score,frame0_distance_only_score,frame0_distance_percentile,frame0_pred_to_observed_tail_m,frame0_pred_to_observed_median_m,frame0_observed_to_predicted_tail_m,frame0_pred_boundary_support_0p35m,frame0_iou_diagnostic,frame0_structure_penalty_m,frame0_tangent_p80_rad,frame0_curvature_log_p80,frame0_bump_support,frame0_predicted_bump_count,frame0_observed_bump_count
-1.3275894718282875,0.0,20.0,-1.3275894718282875,-1.3275894718282875,0.95,2.143580670269907,0.45118515287898475,1.222214746339663,0.4819277108433735,0.09437034470812403,0.0,0.0,0.0,0.0,0,0
-1.454034469789376,5.0,20.0,-1.454034469789376,-1.454034469789376,0.95,2.179496532641008,0.6658523972203932,1.4373573953999843,0.435665914221219,0.07412247946228528,0.0,0.0,0.0,0.0,0,0
-1.5511086309246385,10.0,20.0,-1.5511086309246385,-1.5511086309246385,0.95,2.229793416348382,0.7031086109988157,1.656520187881819,0.3071593533487298,0.05037252109126767,0.0,0.0,0.0,0.0,0,0
-1.6914884310516207,15.0,20.0,-1.6914884310516207,-1.6914884310516207,0.95,2.301934489469074,0.8656194261597615,1.9062366699084283,0.22249388753056235,0.03090900233826968,0.0,0.0,0.0,0.0,0,0
-1.7859052870114738,20.0,20.0,-1.7859052870114738,-1.7859052870114738,0.95,2.3290745826701915,0.904456663503763,2.166446321860469,0.13450292397660818,0.02181601167057159,0.0,0.0,0.0,0.0,0,0
-2.109670748668775,25.0,20.0,-2.109670748668775,-2.109670748668775,0.95,2.5218640069590608,1.587803603245112,2.4158969802954893,0.0,0.01794350741719163,0.0,0.0,0.0,0.0,0,0
-2.3121038578185624,30.0,20.0,-2.3121038578185624,-2.3121038578185624,0.95,2.5681588920068394,2.0902352121705734,2.649125991892733,0.0,0.01526832955404384,0.0,0.0,0.0,0.0,0,0
-2.580493717908673,35.0,20.0,-2.580493717908673,-2.580493717908673,0.95,2.6321479044700076,2.382834441346947,3.3277037831357337,0.0,0.013186150105595684,0.0,0.0,0.0,0.0,0,0
-2.902834549297036,40.0,20.0,-2.902834549297036,-2.902834549297036,0.95,2.712747967303929,2.474563293315417,4.396378156186439,0.0,0.011341264365881976,0.0,0.0,0.0,0.0,0,0
-2.9253098357619725,45.0,20.0,-2.9253098357619725,-2.9253098357619725,0.95,2.765377867970197,2.3884350699594186,4.488199684336155,0.0,0.010326717360484598,0.0,0.0,0.0,0.0,0,0
-2.9054800636052973,50.0,20.0,-2.9054800636052973,-2.9054800636052973,0.95,2.8273239309743157,2.3578459785902903,4.340355986271994,0.0,0.009204123198432812,0.0,0.0,0.0,0.0,0,0
-2.8885743170060447,55.0,20.0,-2.8885743170060447,-2.8885743170060447,0.95,2.8935512539432646,2.3361218701607247,4.18849339155423,0.0,0.008650021927503138,0.0,0.0,0.0,0.0,0,0
-2.869336971113556,60.0,20.0,-2.869336971113556,-2.869336971113556,0.95,2.955173072728295,2.304367873491856,4.044703094597094,0.0,0.008568167331267881,0.0,0.0,0.0,0.0,0,0
-2.823912402669703,65.0,20.0,-2.823912402669703,-2.823912402669703,0.95,3.0198877952072345,2.2131128170118624,3.850716321335374,0.0,0.008126278865828705,0.0,0.0,0.0,0.0,0,0
-2.6408401370482477,70.0,20.0,-2.6408401370482477,-2.6408401370482477,0.95,3.0576836195286026,1.8516487010058285,3.4463722338389715,0.0673854447439353,0.00799652325076054,0.0,0.0,0.0,0.0,0,0
-2.6037643220570557,75.0,20.0,-2.6037643220570557,-2.6037643220570557,0.95,3.0540687137671187,1.7809013971936203,3.3812417495321463,0.08398950131233596,0.007817458028039001,0.0,0.0,0.0,0.0,0,0
-2.5738403354925388,80.0,20.0,-2.5738403354925388,-2.5738403354925388,0.95,3.0566530570960437,1.729207159256424,3.3106514102231097,0.08785529715762273,0.008001270960008088,0.0,0.0,0.0,0.0,0,0
-2.5459887087974074,85.0,20.0,-2.5459887087974074,-2.5459887087974074,0.95,3.055081434480768,1.6983067306081687,3.2339735056147636,0.09113924050632911,0.00856390944647193,0.0,0.0,0.0,0.0,0,0
-2.5809363607628546,90.0,20.0,-2.5809363607628546,-2.5809363607628546,0.95,3.184447607578326,1.7057672541710542,3.158959577730653,0.09024390243902439,0.009602838335117067,0.0,0.0,0.0,0.0,0,0
-2.516538438318909,95.0,20.0,-2.516538438318909,-2.516538438318909,0.95,3.118056278290004,1.6352471751772397,3.079362970180826,0.09336609336609336,0.010469105002895709,0.0,0.0,0.0,0.0,0,0
-2.529567786109154,100.0,20.0,-2.529567786109154,-2.529567786109154,0.95,3.2269062513244817,1.668619052767855,2.9211344636503096,0.08633093525179857,0.013141615619059115,0.0,0.0,0.0,0.0,0,0
-2.4374551354706657,105.0,20.0,-2.4374551354706657,-2.4374551354706657,0.95,3.1316502043952745,1.6383138295053348,2.751705713882059,0.12709832134292565,0.017210508443182167,0.0,0.0,0.0,0.0,0,0
-2.3313618030165957,110.0,20.0,-2.3313618030165957,-2.3313618030165957,0.95,3.0359429274417065,1.559454974906945,2.5789597437288982,0.1761904761904762,0.022318512736367545,0.0,0.0,0.0,0.0,0,0
-2.231806456035699,115.0,20.0,-2.231806456035699,-2.231806456035699,0.95,2.9415227664459715,1.5005246633129095,2.3981990068168013,0.19483568075117372,0.026888117666501406,0.0,0.0,0.0,0.0,0,0
-2.1289206401283893,120.0,20.0,-2.1289206401283893,-2.1289206401283893,0.95,2.805285303019111,1.4855878593470329,2.2135806623791114,0.17985611510791366,0.027673344663610926,0.0,0.0,0.0,0.0,0,0
-2.038848692051168,125.0,20.0,-2.038848692051168,-2.038848692051168,0.95,2.7055173072320513,1.4593036289240582,2.0307705567140713,0.15876777251184834,0.02853462618745192,0.0,0.0,0.0,0.0,0,0
-1.9791019928751714,130.0,20.0,-1.9791019928751714,-1.9791019928751714,0.95,2.6615021261750025,1.473997214745253,1.8443321808615063,0.15081206496519722,0.03240463724756919,0.0,0.0,0.0,0.0,0,0
-1.8158332283633996,135.0,20.0,-1.8158332283633996,-1.8158332283633996,0.95,2.4257690964816163,1.3894450217018275,1.6550686848989156,0.15602836879432624,0.04009123262352779,0.0,0.0,0.0,0.0,0,0
-1.770992973876687,140.0,20.0,-1.770992973876687,-1.770992973876687,0.95,2.4621170912247035,1.3351073952666033,1.4653529857662064,0.13968957871396895,0.05129480008286721,0.0,0.0,0.0,0.0,0,0
-1.6688073742799618,145.0,20.0,-1.6688073742799618,-1.6688073742799618,0.95,2.4176177320405077,1.1828184810851239,1.279754098132167,0.13882863340563992,0.07804739295013456,0.0,0.0,0.0,0.0,0,0
-1.525124355511916,150.0,20.0,-1.525124355511916,-1.525124355511916,0.95,2.3081644656998757,0.9878440404756683,1.089883123481484,0.17573221757322174,0.11810030189699455,0.0,0.0,0.0,0.0,0,0
-1.3948373488661263,155.0,20.0,-1.3948373488661263,-1.3948373488661263,0.95,2.2300299812833257,0.800543913512591,0.8915655927066741,0.20202020202020202,0.1621167092865206,0.0,0.0,0.0,0.0,0,0
-1.3351727157878681,160.0,20.0,-1.3351727157878681,-1.3351727157878681,0.95,2.318050435221435,0.6174880717390335,0.6966521921455223,0.2058252427184466,0.185991065021643,0.0,0.0,0.0,0.0,0,0
-1.4262948519983691,165.0,20.0,-1.4262948519983691,-1.4262948519983691,0.95,2.6837683049334498,0.5409076299887157,0.5617318518133694,0.22872340425531915,0.1840791483347391,0.0,0.0,0.0,0.0,0,0
-1.3922788604469982,170.0,20.0,-1.3922788604469982,-1.3922788604469982,0.95,2.667932711175417,0.5155193774943063,0.5489882334552715,0.4102112676056338,0.17949810499876656,0.0,0.0,0.0,0.0,0,0
-1.396989933540806,175.0,20.0,-1.396989933540806,-1.396989933540806,0.95,2.6674999636224683,0.49660649354419706,0.5974147322701769,0.4351535836177474,0.1679123711340206,0.0,0.0,0.0,0.0,0,0
-1.3854903628043176,180.0,20.0,-1.3854903628043176,-1.3854903628043176,0.95,2.6723919127651157,0.4906804956962727,0.5489882334552715,0.4338358458961474,0.13331345656927052,0.0,0.0,0.0,0.0,0,0
-1.387048886932236,185.0,20.0,-1.387048886932236,-1.387048886932236,0.95,2.706891730912782,0.4572179202670915,0.5345080238629142,0.4363929146537842,0.0967099426005396,0.0,0.0,0.0,0.0,0,0
-1.043465561420442,190.0,20.0,-1.043465561420442,-1.043465561420442,0.95,1.9241034127925427,0.3625710988765414,0.5313270849385564,0.4965034965034965,0.07659009868148271,0.0,0.0,0.0,0.0,0,0
-0.9987134180522326,195.0,20.0,-0.9987134180522326,-0.9987134180522326,0.95,1.7991107009049616,0.37113674025749427,0.5277182077160407,0.4564459930313589,0.06013099967786965,0.0,0.0,0.0,0.0,0,0
-0.9873712662713113,200.0,20.0,-0.9873712662713113,-0.9873712662713113,0.95,1.7307895928262553,0.4086507181886343,0.5175359106553046,0.3649122807017544,0.04566353935400702,0.0,0.0,0.0,0.0,0,0
-0.717688003262973,205.0,20.0,-0.717688003262973,-0.717688003262973,0.95,1.0347414779567847,0.4450357984222002,0.5063503223397807,0.3405511811023622,0.03311177921885322,0.0,0.0,0.0,0.0,0,0
-0.5992931725788866,210.0,20.0,-0.5992931725788866,-0.5992931725788866,0.95,0.7291502572597857,0.4653918049463198,0.4971160338350357,0.329938900203666,0.022902717857462906,0.0,0.0,0.0,0.0,0,0
-0.5460721493206088,215.0,20.0,-0.5460721493206088,-0.5460721493206088,0.95,0.5728994320038331,0.45639873620819016,0.5455100291273711,0.33564814814814814,0.014342453662842012,0.0,0.0,0.0,0.0,0,0
-0.5713324266048475,220.0,20.0,-0.5713324266048475,-0.5713324266048475,0.95,0.6099312814176722,0.4399986126996778,0.5916129891527944,0.3054298642533937,0.007947207833676292,0.0,0.0,0.0,0.0,0,0
-0.5997629721246416,225.0,20.0,-0.5997629721246416,-0.5997629721246416,0.95,0.6504369361555238,0.4379150013237201,0.6277548624967398,0.2682926829268293,0.004316000276224018,0.0,0.0,0.0,0.0,0,0
-0.6127290931773055,230.0,20.0,-0.6127290931773055,-0.6127290931773055,0.95,0.6846704591110777,0.4336246241036834,0.6517013669689908,0.3247058823529412,0.004315701470953747,0.0,0.0,0.0,0.0,0,0
-0.6247677032589696,235.0,20.0,-0.6247677032589696,-0.6247677032589696,0.95,0.7303151563851502,0.4113746982131907,0.6652383762343543,0.36511627906976746,0.005234433420015849,0.0,0.0,0.0,0.0,0,0
-0.6358203643977913,240.0,20.0,-0.6358203643977913,-0.6358203643977913,0.95,0.7531375050221856,0.411453816995147,0.6779813414807094,0.3779342723004695,0.007258843246722976,0.0,0.0,0.0,0.0,0,0
-0.6534270159527114,245.0,20.0,-0.6534270159527114,-0.6534270159527114,0.95,0.7873710279777395,0.4336246241036825,0.6802897949427791,0.4,0.011131127123921359,0.0,0.0,0.0,0.0,0,0
-0.8453369080237084,250.0,20.0,-0.8453369080237084,-0.8453369080237084,0.95,1.1734919927029368,0.5591475416073806,0.6799288872928658,0.3382899628252788,0.015507524062433472,0.0,0.0,0.0,0.0,0,0
-0.8897556490160125,255.0,20.0,-0.8897556490160125,-0.8897556490160125,0.95,1.2828606769744408,0.5655823095872026,0.6776661772954371,0.3420074349442379,0.01999228447591168,0.0,0.0,0.0,0.0,0,0
-0.9076649007035665,260.0,20.0,-0.9076649007035665,-0.9076649007035665,0.95,1.3233473372556326,0.5705587159258982,0.6807013516589179,0.3448905109489051,0.025026864016083745,0.0,0.0,0.0,0.0,0,0
-1.0811803882687987,265.0,20.0,-1.0811803882687987,-1.0811803882687987,0.95,1.7247765140910718,0.6162034131999707,0.6776661772954371,0.3219761499148211,0.030129667498020117,0.0,0.0,0.0,0.0,0,0
-1.0910854290876968,270.0,20.0,-1.0910854290876968,-1.0910854290876968,0.95,1.7070054135299995,0.6179843737083548,0.7505872774856612,0.3385964912280702,0.03493217054263566,0.0,0.0,0.0,0.0,0,0
-1.0800296004156484,275.0,20.0,-1.0800296004156484,-1.0800296004156484,0.95,1.67727795258113,0.6244984010920249,0.7464823186942823,0.3362676056338028,0.039441883642705865,0.0,0.0,0.0,0.0,0,0
-1.0658653662576825,280.0,20.0,-1.0658653662576825,-1.0658653662576825,0.95,1.637526574993482,0.6288759359100177,0.7466922098416209,0.33037300177619894,0.04371675958993859,0.0,0.0,0.0,0.0,0,0
-1.0675965176939937,285.0,20.0,-1.0675965176939937,-1.0675965176939937,0.95,1.6367839638172803,0.6276145875184893,0.7526444138771095,0.32181818181818184,0.0478801996672213,0.0,0.0,0.0,0.0,0,0
-1.0572417967100811,290.0,20.0,-1.0572417967100811,-1.0572417967100811,0.95,1.6161535865394228,0.6276145875184893,0.7385271186856464,0.30755064456721914,0.05258777344671171,0.0,0.0,0.0,0.0,0,0
-1.0595044060919554,295.0,20.0,-1.0595044060919554,-1.0595044060919554,0.95,1.643069184401231,0.6390257618370061,0.6817928792005569,0.27927927927927926,0.05760790582764133,0.0,0.0,0.0,0.0,0,0
-1.064750514345725,300.0,20.0,-1.064750514345725,-1.064750514345725,0.95,1.6733885331547353,0.6179843737083547,0.6752239376037125,0.27906976744186046,0.06324377377008956,0.0,0.0,0.0,0.0,0,0
-1.0821106393909694,305.0,20.0,-1.0821106393909694,-1.0821106393909694,0.95,1.7241502569870122,0.6077690466912199,0.6727769013463301,0.2768595041322314,0.06964801017330485,0.0,0.0,0.0,0.0,0,0
-1.0465807942846064,310.0,20.0,-1.0465807942846064,-1.0465807942846064,0.95,1.6609271249046094,0.5823479578581743,0.6620090608121861,0.28879310344827586,0.07725134993903501,0.0,0.0,0.0,0.0,0,0
-1.0710333744100795,315.0,20.0,-1.0710333744100795,-1.0710333744100795,0.95,1.7228584691004487,0.5591475416073806,0.6886857539915819,0.30068337129840544,0.08569451457854084,0.0,0.0,0.0,0.0,0,0
-1.104378185490321,320.0,20.0,-1.104378185490321,-1.104378185490321,0.95,1.792290678591322,0.5249140186518275,0.7533740045358187,0.3211009174311927,0.09534766374003431,0.0,0.0,0.0,0.0,0,0
-1.1568429959380797,325.0,20.0,-1.1568429959380797,-1.1568429959380797,0.95,1.8999315546497582,0.5007145750047655,0.8185641563309817,0.3294930875576037,0.10854834793740481,0.0,0.0,0.0,0.0,0,0
-1.147277035634923,330.0,20.0,-1.147277035634923,-1.147277035634923,0.95,1.868287645704167,0.45462689215440205,0.8811246317164533,0.3397590361445783,0.1258681404675731,0.0,0.0,0.0,0.0,0,0
-1.1863017918069039,335.0,20.0,-1.1863017918069039,-1.1863017918069039,0.95,1.9563447323925791,0.41080227546664627,0.9372699470112269,0.332541567695962,0.1439786294499264,0.0,0.0,0.0,0.0,0,0
-1.2062158341573195,340.0,20.0,-1.2062158341573195,-1.2062158341573195,0.95,2.017063036400163,0.36515757819257555,0.9916466063575792,0.3981042654028436,0.14574862739278824,0.0,0.0,0.0,0.0,0,0
-1.2105285010062492,345.0,20.0,-1.2105285010062492,-1.2105285010062492,0.95,2.060736344884632,0.30810170659998537,1.0511198598953149,0.5357142857142857,0.13231568279706105,0.0,0.0,0.0,0.0,0,0
-1.2263164716597488,350.0,20.0,-1.2263164716597488,-1.2263164716597488,0.95,2.096683945731751,0.25659610681254497,1.1040474091016905,0.5251798561151079,0.1069054221093776,0.0,0.0,0.0,0.0,0,0
-1.2805796750728866,355.0,20.0,-1.2805796750728866,-1.2805796750728866,0.95,2.126802822307783,0.3647771823075835,1.153175520810029,0.4962962962962963,0.0820186014467792,0.0,0.0,0.0,0.0,0,0
-1.1273124099278349,0.0,25.0,-1.1273124099278349,-1.1273124099278349,0.95,1.698367392914699,0.37974599025526395,1.2101550364788312,0.4950980392156863,0.11474158025882164,0.0,0.0,0.0,0.0,0,0
-1.1443398475742321,5.0,25.0,-1.1443398475742321,-1.1443398475742321,0.95,1.6792180426251144,0.33207862888136175,1.3595369183410106,0.5025125628140703,0.09272187151875232,0.0,0.0,0.0,0.0,0,0
-1.228234006674407,10.0,25.0,-1.228234006674407,-1.228234006674407,0.95,1.7080123532868134,0.4352666989215661,1.5343232467276873,0.47368421052631576,0.06784020308637852,0.0,0.0,0.0,0.0,0,0
-1.3561268963933182,15.0,25.0,-1.3561268963933182,-1.3561268963933182,0.95,1.7379774608072174,0.611347485130756,1.7466818774366835,0.2857142857142857,0.047668983700862894,0.0,0.0,0.0,0.0,0,0
-1.5001717533670615,20.0,25.0,-1.5001717533670615,-1.5001717533670615,0.95,1.7784308041447447,0.8134708870035441,1.9644134069972896,0.056716417910447764,0.03115884742251179,0.0,0.0,0.0,0.0,0,0
-1.6134971820059971,25.0,25.0,-1.6134971820059971,-1.6134971820059971,0.95,1.817947651216518,1.0989416732801582,2.0463308127974,0.0,0.02472271824149292,0.0,0.0,0.0,0.0,0,0
-1.7288685534076536,30.0,25.0,-1.7288685534076536,-1.7288685534076536,0.95,1.8677148113778914,1.4708556195115783,2.0562748959144086,0.0,0.02013895408881795,0.0,0.0,0.0,0.0,0,0
-1.8037871136793253,35.0,25.0,-1.8037871136793253,-1.8037871136793253,0.95,1.8869538395411123,1.6667433756185983,2.129278935832923,0.0,0.017199125692711897,0.0,0.0,0.0,0.0,0,0
-1.9406761561770214,40.0,25.0,-1.9406761561770214,-1.9406761561770214,0.95,1.917017939093674,1.7430851410313435,2.552390781126863,0.0,0.014759452330109283,0.0,0.0,0.0,0.0,0,0
-2.0376802443371878,45.0,25.0,-2.0376802443371878,-2.0376802443371878,0.95,2.0039773758184793,1.8127328068656838,2.7316243691734994,0.0,0.013612943322841275,0.0,0.0,0.0,0.0,0,0
-2.244675704759041,50.0,25.0,-2.244675704759041,-2.244675704759041,0.95,2.099571780565662,1.8251132918712725,3.3942746782598316,0.0,0.012596655103583263,0.0,0.0,0.0,0.0,0,0
-2.328294036440701,55.0,25.0,-2.328294036440701,-2.328294036440701,0.95,2.202145441210511,1.7670094715857387,3.6227339682402464,0.0,0.01143470725642378,0.0,0.0,0.0,0.0,0,0
-2.3399209404229153,60.0,25.0,-2.3399209404229153,-2.3399209404229153,0.95,2.30491397654984,1.7358372723176771,3.53598412689424,0.0,0.010681202924439697,0.0,0.0,0.0,0.0,0,0
-2.326913648969121,65.0,25.0,-2.326913648969121,-2.326913648969121,0.95,2.34298803603951,1.7221920299464375,3.436681708266829,0.0,0.010384949978251413,0.0,0.0,0.0,0.0,0,0
-2.226725808878014,70.0,25.0,-2.226725808878014,-2.226725808878014,0.95,2.3409762050173986,1.4755780133236611,3.3311364284889136,0.11343283582089553,0.009953371592539454,0.0,0.0,0.0,0.0,0,0
-2.2006381804774797,75.0,25.0,-2.2006381804774797,-2.2006381804774797,0.95,2.3747166807508817,1.4414098772687072,3.209270574044452,0.11918604651162791,0.00976593883344343,0.0,0.0,0.0,0.0,0,0
-2.138826643688409,80.0,25.0,-2.138826643688409,-2.138826643688409,0.95,2.351358836457286,1.3595496051492626,3.0877615056242993,0.13544668587896252,0.01023232557724245,0.0,0.0,0.0,0.0,0,0
-2.11277311939096,85.0,25.0,-2.11277311939096,-2.11277311939096,0.95,2.375932580543329,1.3447082779075028,2.958673583392052,0.13445378151260504,0.011737215781432551,0.0,0.0,0.0,0.0,0,0
-2.0726959860442324,90.0,25.0,-2.0726959860442324,-2.0726959860442324,0.95,2.393298219944942,1.2956902942686859,2.8204125982748884,0.13649025069637882,0.013651196519216823,0.0,0.0,0.0,0.0,0,0
-2.045697539552387,95.0,25.0,-2.045697539552387,-2.045697539552387,0.95,2.4196366878439695,1.2862605885059368,2.678662781721565,0.13387978142076504,0.015541097773297902,0.0,0.0,0.0,0.0,0,0
-2.0221551262471937,100.0,25.0,-2.0221551262471937,-2.0221551262471937,0.95,2.454979847979259,1.2766110337242758,2.536074234822887,0.13008130081300814,0.018497518172184937,0.0,0.0,0.0,0.0,0,0
-1.970109828643148,105.0,25.0,-1.970109828643148,-1.970109828643148,0.95,2.407546390101955,1.3000901401307365,2.3811850031887793,0.13227513227513227,0.02449677174325864,0.0,0.0,0.0,0.0,0,0
-1.8771516218036635,110.0,25.0,-1.8771516218036635,-1.8771516218036635,0.95,2.308018970853635,1.2677520756726073,2.2303459579123786,0.20580474934036938,0.03256914831188138,0.0,0.0,0.0,0.0,0,0
-1.8083118524747286,115.0,25.0,-1.8083118524747286,-1.8083118524747286,0.95,2.2679708958054463,1.2217743403691053,2.0749476155157063,0.23056994818652848,0.04074840699703722,0.0,0.0,0.0,0.0,0,0
-1.7097657820447876,120.0,25.0,-1.7097657820447876,-1.7097657820447876,0.95,2.1676071465412114,1.163070322852874,1.9083289850735345,0.2512690355329949,0.04396942717957333,0.0,0.0,0.0,0.0,0,0
-1.606932249753181,125.0,25.0,-1.606932249753181,-1.606932249753181,0.95,2.048388008376376,1.1040531485294642,1.747265138091159,0.25252525252525254,0.045671823396488787,0.0,0.0,0.0,0.0,0,0
-1.5369804103645976,130.0,25.0,-1.5369804103645976,-1.5369804103645976,0.95,1.9931610095151995,1.0842558160773172,1.575082143806043,0.25118483412322273,0.053891541302585354,0.0,0.0,0.0,0.0,0,0
-1.4528303296252245,135.0,25.0,-1.4528303296252245,-1.4528303296252245,0.95,1.8858545180310036,1.0684066613472862,1.4055474283040064,0.2,0.06743100982391972,0.0,0.0,0.0,0.0,0,0
-1.3494515291756932,140.0,25.0,-1.3494515291756932,-1.3494515291756932,0.95,1.771963253987664,1.0032006240078144,1.2327976196480297,0.18333333333333332,0.09243531989267163,0.0,0.0,0.0,0.0,0,0
-1.269525123550794,145.0,25.0,-1.269525123550794,-1.269525123550794,0.95,1.7289295184921227,0.9198596200472287,1.0583172809321872,0.16590909090909092,0.1377632872742328,0.0,0.0,0.0,0.0,0,0
-1.2826598862436698,150.0,25.0,-1.2826598862436698,-1.2826598862436698,0.95,1.9526460011383882,0.798782202296259,0.8820039061462551,0.1859504132231405,0.1824182258536715,0.0,0.0,0.0,0.0,0,0
-1.2156754240589915,155.0,25.0,-1.2156754240589915,-1.2156754240589915,0.95,1.9913219768830768,0.6504369361555247,0.7067883196224078,0.20159680638722555,0.21337038335986186,0.0,0.0,0.0,0.0,0,0
-1.1183487183512304,160.0,25.0,-1.1183487183512304,-1.1183487183512304,0.95,1.9549073740477612,0.49434471106614875,0.536237733941094,0.2125984251968504,0.22355348536657602,0.0,0.0,0.0,0.0,0,0
-1.0879764564599508,165.0,25.0,-1.0879764564599508,-1.0879764564599508,0.95,1.9744804444989321,0.4511851528789812,0.48227853920038904,0.35181644359464626,0.21811617287883614,0.0,0.0,0.0,0.0,0,0
-1.0582503783574935,170.0,25.0,-1.0582503783574935,-1.0582503783574935,0.95,1.9605990994735802,0.41475004153407313,0.45513906658432607,0.4346153846153846,0.21053178230162028,0.0,0.0,0.0,0.0,0,0
-1.0346648862148642,175.0,25.0,-1.0346648862148642,-1.0346648862148642,0.95,1.960702440997589,0.35127796496663843,0.4487482403344111,0.4962264150943396,0.19585173423311666,0.0,0.0,0.0,0.0,0,0
-1.0334127495021408,180.0,25.0,-1.0334127495021408,-1.0334127495021408,0.95,1.9674844361643675,0.3325378715794816,0.45506481083969624,0.5048169556840078,0.15381972282670942,0.0,0.0,0.0,0.0,0,0
-0.8277291816637866,185.0,25.0,-0.8277291816637866,-0.8277291816637866,0.95,1.5093381392258365,0.2650293856520427,0.44223664082241065,0.5282258064516129,0.11558053380483287,0.0,0.0,0.0,0.0,0,0
-0.7912444629818887,190.0,25.0,-0.7912444629818887,-0.7912444629818887,0.95,1.4102614577151047,0.2854335942948135,0.4376420543208313,0.5362903225806451,0.09471865841113332,0.0,0.0,0.0,0.0,0,0
-0.7466861048864722,195.0,25.0,-0.7466861048864722,-0.7466861048864722,0.95,1.2921050627857993,0.31516517045402687,0.42490080380699685,0.5517241379310345,0.07763604827636049,0.0,0.0,0.0,0.0,0,0
-0.7916226058162034,200.0,25.0,-0.7916226058162034,-0.7916226058162034,0.95,1.358164584495821,0.34553411626247776,0.4511851528789812,0.5082304526748971,0.06316021499906743,0.0,0.0,0.0,0.0,0,0
-0.6110058801678024,205.0,25.0,-0.6110058801678024,-0.6110058801678024,0.95,0.8755469398902831,0.3848343951026614,0.42605595722796596,0.41935483870967744,0.05048512549113944,0.0,0.0,0.0,0.0,0,0
-0.474275040886324,210.0,25.0,-0.474275040886324,-0.474275040886324,0.95,0.5441514078709785,0.37113674025749427,0.42965531113007144,0.4358353510895884,0.040201850294365016,0.0,0.0,0.0,0.0,0,0
-0.4558322318624382,215.0,25.0,-0.4558322318624382,-0.4558322318624382,0.95,0.4807824611770673,0.36709016116414805,0.46124425414487147,0.43564356435643564,0.031499067944634446,0.0,0.0,0.0,0.0,0,0
-0.47284325724739984,220.0,25.0,-0.47284325724739984,-0.47284325724739984,0.95,0.513502844333309,0.358294091992132,0.5020916700147904,0.4765432098765432,0.024466046973674875,0.0,0.0,0.0,0.0,0,0
-0.4955978357455052,225.0,25.0,-0.4955978357455052,-0.4955978357455052,0.95,0.547736367288862,0.36515757819257555,0.529090871244913,0.47058823529411764,0.019223327805417356,0.0,0.0,0.0,0.0,0,0
-0.5169282676646985,230.0,25.0,-0.5169282676646985,-0.5169282676646985,0.95,0.5718345340863035,0.37656875251109234,0.561731851813369,0.46380697050938335,0.016168817087715493,0.0,0.0,0.0,0.0,0,0
-0.5332964224148682,235.0,25.0,-0.5332964224148682,-0.5332964224148682,0.95,0.6047922388814522,0.3599151862749324,0.5935294303605686,0.46981627296587924,0.015338039677968145,0.0,0.0,0.0,0.0,0,0
-0.5416627366822456,240.0,25.0,-0.5416627366822456,-0.5416627366822456,0.95,0.6276356287652254,0.3472887285628521,0.6162034131999707,0.5026455026455027,0.017212437718152993,0.0,0.0,0.0,0.0,0,0
-0.5567164353575952,245.0,25.0,-0.5567164353575952,-0.5567164353575952,0.95,0.6504369361555238,0.35374640387405787,0.628875935910016,0.4911392405063291,0.02100683322656417,0.0,0.0,0.0,0.0,0,0
-0.6094133749402391,250.0,25.0,-0.6094133749402391,-0.6094133749402391,0.95,0.7413258971023999,0.3921938167559365,0.6403127255994167,0.45243619489559167,0.025476679969363487,0.0,0.0,0.0,0.0,0,0
-0.7262744068365409,255.0,25.0,-0.7262744068365409,-0.7262744068365409,0.95,1.0011452161575776,0.4224219384712276,0.6515216800031182,0.42669584245076586,0.030391249931980193,0.0,0.0,0.0,0.0,0,0
-0.7244885122908227,260.0,25.0,-0.7244885122908227,-0.7244885122908227,0.95,0.9921578115527899,0.4273951570116135,0.6523037906303373,0.4229934924078091,0.035358214527704414,0.0,0.0,0.0,0.0,0,0
-0.7610859001988092,265.0,25.0,-0.7610859001988092,-0.7610859001988092,0.95,1.0665548412786627,0.4418536792873069,0.6630907830570062,0.4177215189873418,0.04107574622117274,0.0,0.0,0.0,0.0,0,0
-0.850566113812975,270.0,25.0,-0.850566113812975,-0.850566113812975,0.95,1.2632738935258179,0.476990560663822,0.663090783057006,0.39763779527559057,0.04619612380676887,0.0,0.0,0.0,0.0,0,0
-0.8518202730293967,275.0,25.0,-0.8518202730293967,-0.8518202730293967,0.95,1.2868149135938909,0.4490724555408078,0.6630907830570062,0.4094650205761317,0.050645511134881374,0.0,0.0,0.0,0.0,0,0
-0.8402687997969012,280.0,25.0,-0.8402687997969012,-0.8402687997969012,0.95,1.245846062414118,0.4722627876771647,0.6538260585866263,0.39591836734693875,0.05554111296316119,0.0,0.0,0.0,0.0,0,0
-0.8564629551654452,285.0,25.0,-0.8564629551654452,-0.8564629551654452,0.95,1.251597058269948,0.528922874844602,0.6427863509979604,0.37103174603174605,0.060856486978548244,0.0,0.0,0.0,0.0,0,0
-0.8472196780787506,290.0,25.0,-0.8472196780787506,-0.8472196780787506,0.95,1.2282370625180639,0.5249140186518257,0.6433942731268751,0.36152219873150104,0.06645054058946467,0.0,0.0,0.0,0.0,0,0
-0.8326598383459203,295.0,25.0,-0.8326598383459203,-0.8326598383459203,0.95,1.197008732467652,0.5275910136971685,0.6276145875184893,0.34945054945054943,0.07249518304431599,0.0,0.0,0.0,0.0,0,0
-0.8289159462250151,300.0,25.0,-0.8289159462250151,-0.8289159462250151,0.95,1.2075059187123118,0.5162390162465379,0.6054106367091616,0.34498834498834496,0.07937685459940653,0.0,0.0,0.0,0.0,0,0
-0.8475733748122785,305.0,25.0,-0.8475733748122785,-0.8475733748122785,0.95,1.253320990781232,0.513502844333309,0.604810402999167,0.3333333333333333,0.08743724370520829,0.0,0.0,0.0,0.0,0,0
-0.8907585001761277,310.0,25.0,-0.8907585001761277,-0.8907585001761277,0.95,1.3434273167359572,0.5020916700147913,0.6428734920177032,0.328537170263789,0.09757842035353019,0.0,0.0,0.0,0.0,0,0
-0.915878067616354,315.0,25.0,-0.915878067616354,-0.915878067616354,0.95,1.392514398390562,0.4906804956962727,0.6820926879615287,0.3432098765432099,0.10896563830254093,0.0,0.0,0.0,0.0,0,0
-0.9514119277418456,320.0,25.0,-0.9514119277418456,-0.9514119277418456,0.95,1.4497828698932018,0.46512923449859545,0.7604698450357035,0.349009900990099,0.12409071459135644,0.0,0.0,0.0,0.0,0,0
-0.9416011049739486,325.0,25.0,-0.9416011049739486,-0.9416011049739486,0.95,1.4155042190985423,0.42179778775890364,0.8287582149125563,0.3723958333333333,0.14048557792073044,0.0,0.0,0.0,0.0,0,0
-0.9815794261100279,330.0,25.0,-0.9815794261100279,-0.9815794261100279,0.95,1.4978596406678832,0.3879799268296118,0.891635770263406,0.37468354430379747,0.159288256227758,0.0,0.0,0.0,0.0,0,0
-1.0035053619290646,335.0,25.0,-1.0035053619290646,-1.0035053619290646,0.95,1.5424726929209305,0.3547406178365063,0.9476227217204015,0.390745501285347,0.17621241362136586,0.0,0.0,0.0,0.0,0,0
-1.01925167472874,340.0,25.0,-1.01925167472874,-1.01925167472874,0.95,1.6123435215342083,0.3197883331129213,0.9963945625493505,0.5473145780051151,0.17700036966092011,0.0,0.0,0.0,0.0,0,0
-1.0326088830922444,345.0,25.0,-1.0326088830922444,-1.0326088830922444,0.95,1.6434545176095932,0.27418949457446434,1.043861666762021,0.5428571428571428,0.16418875242404654,0.0,0.0,0.0,0.0,0,0
-1.0501404757066686,350.0,25.0,-1.0501404757066686,-1.0501404757066686,0.95,1.6733547061858143,0.23166966144003054,1.1055506855153145,0.535064935064935,0.13670972385317626,0.0,0.0,0.0,0.0,0,0
-1.0234650561026848,355.0,25.0,-1.0234650561026848,-1.0234650561026848,0.95,1.6252900490779403,0.15975644045925197,1.1530991648862419,0.5486486486486486,0.1091231527093596,0.0,0.0,0.0,0.0,0,0
-0.9698389201808384,0.0,30.0,-0.9698389201808384,-0.9698389201808384,0.95,1.3668256101922154,0.2873558100689577,1.2101550364788312,0.5126903553299492,0.13163776148757375,0.0,0.0,0.0,0.0,0,0
-1.0257982675092105,5.0,30.0,-1.0257982675092105,-1.0257982675092105,0.95,1.3668256101922154,0.38906413759469793,1.3242667796640115,0.49264705882352944,0.10783898305084746,0.0,0.0,0.0,0.0,0,0
-1.089950670658056,10.0,30.0,-1.089950670658056,-1.089950670658056,0.95,1.365554896960846,0.5005752898772554,1.4612008714862272,0.46715328467153283,0.08342043123137073,0.0,0.0,0.0,0.0,0,0
-1.14099893974007,15.0,30.0,-1.14099893974007,-1.14099893974007,0.95,1.3951725786160147,0.5455027394608273,1.5275702771724753,0.3533834586466165,0.06337211345822642,0.0,0.0,0.0,0.0,0,0
-1.2214222314304577,20.0,30.0,-1.2214222314304577,-1.2214222314304577,0.95,1.4345333512101524,0.6834205217196546,1.5437838442943455,0.09192200557103064,0.047434905903583395,0.0,0.0,0.0,0.0,0,0
-1.2946067920306443,25.0,30.0,-1.2946067920306443,-1.2946067920306443,0.95,1.478571116068486,0.8661473351254232,1.5568224575439862,0.02564102564102564,0.033285697272835535,0.0,0.0,0.0,0.0,0,0
-1.3892205213566025,30.0,30.0,-1.3892205213566025,-1.3892205213566025,0.95,1.5235660288360418,1.1186767265741167,1.6004997127146254,0.0,0.02700372656988709,0.0,0.0,0.0,0.0,0,0
-1.4108866766542667,35.0,30.0,-1.4108866766542667,-1.4108866766542667,0.95,1.5318016785866637,1.2260692101255162,1.566594810752888,0.0,0.023304695094716377,0.0,0.0,0.0,0.0,0,0
-1.4486703860574912,40.0,30.0,-1.4486703860574912,-1.4486703860574912,0.95,1.5467081233055802,1.2928042383543075,1.6271443085867288,0.0,0.02015251906488311,0.0,0.0,0.0,0.0,0,0
-1.5511524084522903,45.0,30.0,-1.5511524084522903,-1.5511524084522903,0.95,1.5271850582381399,1.371068373117014,1.990045167511123,0.0,0.01817397142035101,0.0,0.0,0.0,0.0,0,0
-1.5793593204493583,50.0,30.0,-1.5793593204493583,-1.5793593204493583,0.95,1.6008226022761696,1.396546570389073,1.9595745477664885,0.0,0.015971852503414274,0.0,0.0,0.0,0.0,0,0
-1.6560242583270997,55.0,30.0,-1.6560242583270997,-1.6560242583270997,0.95,1.701987613020655,1.4281282816458316,2.072788570829518,0.0,0.01509052063420668,0.0,0.0,0.0,0.0,0,0
-1.7015090962950699,60.0,30.0,-1.7015090962950699,-1.7015090962950699,0.95,1.7711261550509785,1.4342141570497406,2.1380203800489723,0.0,0.014245828478466374,0.0,0.0,0.0,0.0,0,0
-1.8570237114040518,65.0,30.0,-1.8570237114040518,-1.8570237114040518,0.95,1.8146874143407137,1.393197396984823,2.731397585686241,0.0,0.013612066913371855,0.0,0.0,0.0,0.0,0,0
-1.8062857248863085,70.0,30.0,-1.8062857248863085,-1.8062857248863085,0.95,1.8356241545315006,1.2816564190984359,2.6622741833447643,0.1394658753709199,0.012907783200616491,0.0,0.0,0.0,0.0,0,0
-1.8067375276604853,75.0,30.0,-1.8067375276604853,-1.8067375276604853,0.95,1.8736406365789087,1.2332466660526493,2.6577831879678,0.15476190476190477,0.01315621407587176,0.0,0.0,0.0,0.0,0,0
-1.788084768094086,80.0,30.0,-1.788084768094086,-1.788084768094086,0.95,1.8854840194600018,1.1548130056335026,2.6484253516189225,0.1691842900302115,0.013788114134944783,0.0,0.0,0.0,0.0,0,0
-1.7715867924322761,85.0,30.0,-1.7715867924322761,-1.7715867924322761,0.95,1.9677182226229983,1.1801106319000256,2.422294161293299,0.16101694915254236,0.01579690911426003,0.0,0.0,0.0,0.0,0,0
-1.7511420796629513,90.0,30.0,-1.7511420796629513,-1.7511420796629513,0.95,1.9875082808432765,1.12350013955776,2.366964020653894,0.16477272727272727,0.01813756112271934,0.0,0.0,0.0,0.0,0,0
-1.7479489755562774,95.0,30.0,-1.7479489755562774,-1.7479489755562774,0.95,2.048751137312969,1.1435205708545022,2.233835155505473,0.1589041095890411,0.020619453627979817,0.0,0.0,0.0,0.0,0,0
-1.703961869235526,100.0,30.0,-1.703961869235526,-1.703961869235526,0.95,1.9915783670240483,1.0906206109999486,2.2025670249221654,0.15966386554621848,0.02448277383210552,0.0,0.0,0.0,0.0,0,0
-1.657735184144044,105.0,30.0,-1.657735184144044,-1.657735184144044,0.95,1.9500852284157193,1.127327519571085,2.0522940558410148,0.17204301075268819,0.03359523164454078,0.0,0.0,0.0,0.0,0,0
-1.602435154568535,110.0,30.0,-1.602435154568535,-1.602435154568535,0.95,1.8828437625554653,1.164140153348996,1.9247171115030655,0.22916666666666666,0.04309263988855352,0.0,0.0,0.0,0.0,0,0
-1.5213450876910906,115.0,30.0,-1.5213450876910906,-1.5213450876910906,0.95,1.8029655423258388,1.0761708443826317,1.8275896386603885,0.2578125,0.055822975788490554,0.0,0.0,0.0,0.0,0,0
-1.4286049090572326,120.0,30.0,-1.4286049090572326,-1.4286049090572326,0.95,1.7200275293666971,0.9920305459058834,1.6791533334917723,0.27202072538860106,0.06518208661417323,0.0,0.0,0.0,0.0,0,0
-1.3492810019559638,125.0,30.0,-1.3492810019559638,-1.3492810019559638,0.95,1.6311944046557987,0.95853864275551,1.5362120060612783,0.26884422110552764,0.0748028520319468,0.0,0.0,0.0,0.0,0,0
-1.2603377884298497,130.0,30.0,-1.2603377884298497,-1.2603377884298497,0.95,1.5426220613866524,0.8999095175289082,1.382062458878647,0.27204030226700254,0.09544508068714211,0.0,0.0,0.0,0.0,0,0
-1.1693589414007748,135.0,30.0,-1.1693589414007748,-1.1693589414007748,0.95,1.4380689959120516,0.8567800477629087,1.229018507338301,0.2731829573934837,0.12835113339145598,0.0,0.0,0.0,0.0,0,0
-1.171227023395089,140.0,30.0,-1.171227023395089,-1.171227023395089,0.95,1.5333792084784008,0.8623972470648035,1.0684269120471765,0.24830699774266365,0.16760192395785617,0.0,0.0,0.0,0.0,0,0
-1.1003846306860738,145.0,30.0,-1.1003846306860738,-1.1003846306860738,0.95,1.5207849358903687,0.7550057299304679,0.9099509530389048,0.24168514412416853,0.21253972496955656,0.0,0.0,0.0,0.0,0,0
-1.0253029651962209,150.0,30.0,-1.0253029651962209,-1.0253029651962209,0.95,1.5047098904219154,0.6388770782961904,0.7547989578136279,0.25,0.25347603366264176,0.0,0.0,0.0,0.0,0,0
-0.9609519026258642,155.0,30.0,-0.9609519026258642,-0.9609519026258642,0.95,1.5114533057069388,0.5133475289791998,0.6061518864102484,0.23504273504273504,0.2661102959158719,0.0,0.0,0.0,0.0,0,0
-0.8889962701591185,160.0,30.0,-0.8889962701591185,-0.8889962701591185,0.95,1.4961195142934496,0.39606554107306474,0.46444764442498204,0.24579831932773108,0.25946615133764117,0.0,0.0,0.0,0.0,0,0
-0.8311222104775376,165.0,30.0,-0.8311222104775376,-0.8311222104775376,0.95,1.47393141187625,0.36515757819257555,0.39223597326903425,0.4779874213836478,0.2523111679200975,0.0,0.0,0.0,0.0,0,0
-0.808469323456323,170.0,30.0,-0.808469323456323,-0.808469323456323,0.95,1.4892511284283119,0.28527935796295,0.3902267721989895,0.5610766045548654,0.24247782480143776,0.0,0.0,0.0,0.0,0,0
-0.7974550122490893,175.0,30.0,-0.7974550122490893,-0.7974550122490893,0.95,1.5118073026204604,0.20540113773332358,0.39810454665792605,0.5814432989690722,0.22363651456874845,0.0,0.0,0.0,0.0,0,0
-0.6486025090770106,180.0,30.0,-0.6486025090770106,-0.6486025090770106,0.95,1.1890603376321809,0.13693409182221572,0.39551392543246583,0.6013363028953229,0.17804603003741862,0.0,0.0,0.0,0.0,0,0
-0.6637464712217338,185.0,30.0,-0.6637464712217338,-0.6637464712217338,0.95,1.1885247859635095,0.20540113773332358,0.38904098002295523,0.6027397260273972,0.13563452257026593,0.0,0.0,0.0,0.0,0,0
-0.6007429579594683,190.0,30.0,-0.6007429579594683,-0.6007429579594683,0.95,1.0205048643335224,0.23963466068887662,0.38018136037313355,0.6241299303944315,0.11301580333625988,0.0,0.0,0.0,0.0,0,0
-0.6165683735006752,195.0,30.0,-0.6165683735006752,-0.6165683735006752,0.95,1.0418598032103625,0.27515117608670836,0.3717656803984596,0.6190476190476191,0.0952645209027007,0.0,0.0,0.0,0.0,0,0
-0.537535447316068,200.0,30.0,-0.537535447316068,-0.537535447316068,0.95,0.8425105342864146,0.30810170659998537,0.3721627626897437,0.6953488372093023,0.08095219633233823,0.0,0.0,0.0,0.0,0,0
-0.43025757705702494,205.0,30.0,-0.43025757705702494,-0.43025757705702494,0.95,0.5606296498755533,0.3303654984348991,0.37157300274665767,0.6947890818858561,0.06919153793751036,0.0,0.0,0.0,0.0,0,0
-0.38958027932473926,210.0,30.0,-0.38958027932473926,-0.38958027932473926,0.95,0.43591500453180676,0.3283479211319404,0.3879799268296118,0.638676844783715,0.059242290748898675,0.0,0.0,0.0,0.0,0,0
-0.3957533623800157,215.0,30.0,-0.3957533623800157,-0.3957533623800157,0.95,0.4305848611943015,0.31848363732634155,0.41620317133867624,0.6015228426395939,0.05106599847107789,0.0,0.0,0.0,0.0,0,0
-0.40551697743394644,220.0,30.0,-0.40551697743394644,-0.40551697743394644,0.95,0.4450654686977193,0.3068699829539721,0.4410820036811051,0.5949720670391061,0.04461505510980773,0.0,0.0,0.0,0.0,0,0
-0.42061914384124305,225.0,30.0,-0.42061914384124305,-0.42061914384124305,0.95,0.46931912461131303,0.297587610348399,0.46785814705923734,0.5846994535519126,0.04083538637424923,0.0,0.0,0.0,0.0,0,0
-0.4453289447315749,230.0,30.0,-0.4453289447315749,-0.4453289447315749,0.95,0.49229282054224305,0.327128752432747,0.48823279934024943,0.5542857142857143,0.038822505341457626,0.0,0.0,0.0,0.0,0,0
-0.4565359019449676,235.0,30.0,-0.4565359019449676,-0.4565359019449676,0.95,0.5145732171149374,0.31848363732634155,0.5104791867059926,0.5653409090909091,0.03806737283494751,0.0,0.0,0.0,0.0,0,0
-0.46783581776893357,240.0,30.0,-0.46783581776893357,-0.46783581776893357,0.95,0.5365139444329932,0.30892519965856957,0.5251068714354867,0.5527777777777778,0.03866965201977796,0.0,0.0,0.0,0.0,0,0
-0.47776982242318977,245.0,30.0,-0.47776982242318977,-0.47776982242318977,0.95,0.5555572672942758,0.3058834156178006,0.5390189278445603,0.556786703601108,0.039835250233136464,0.0,0.0,0.0,0.0,0,0
-0.5315118123178858,250.0,30.0,-0.5315118123178858,-0.5315118123178858,0.95,0.6349386605859105,0.3518161182219906,0.556862281447059,0.4963325183374083,0.04260972864824309,0.0,0.0,0.0,0.0,0,0
-0.5760476198733832,255.0,30.0,-0.5760476198733832,-0.5760476198733832,0.95,0.7294285057012438,0.3625962044156225,0.5692074611366429,0.4867469879518072,0.046077858957567344,0.0,0.0,0.0,0.0,0,0
-0.5740549764019531,260.0,30.0,-0.5740549764019531,-0.5740549764019531,0.95,0.7271441710945883,0.35597948052454553,0.5734524371832449,0.49160671462829736,0.050512820512820515,0.0,0.0,0.0,0.0,0,0
-0.592821942412495,265.0,30.0,-0.592821942412495,-0.592821942412495,0.95,0.767290077725814,0.3599151862749324,0.580351144865064,0.49160671462829736,0.055777087759437814,0.0,0.0,0.0,0.0,0,0
-0.6827088716127218,270.0,30.0,-0.6827088716127218,-0.6827088716127218,0.95,0.9708314560104003,0.38054776896031584,0.5833827272404463,0.4660633484162896,0.061355326644072325,0.0,0.0,0.0,0.0,0,0
-0.6891889494031364,275.0,30.0,-0.6891889494031364,-0.6891889494031364,0.95,0.9831293641130919,0.38419253977366685,0.5844533004295563,0.4622425629290618,0.06645878664313738,0.0,0.0,0.0,0.0,0,0
-0.6917764918627964,280.0,30.0,-0.6917764918627964,-0.6917764918627964,0.95,0.9852591976782489,0.39045652073892156,0.5819698902444177,0.454337899543379,0.07204158956736276,0.0,0.0,0.0,0.0,0,0
-0.7056563792489727,285.0,30.0,-0.7056563792489727,-0.7056563792489727,0.95,1.01315803595762,0.39961149708011945,0.5781849386073556,0.4405594405594406,0.07834210478393094,0.0,0.0,0.0,0.0,0,0
-0.7098693573509609,290.0,30.0,-0.7098693573509609,-0.7098693573509609,0.95,1.002560687466978,0.4335667051713828,0.5668485893202607,0.4125874125874126,0.08534925914726338,0.0,0.0,0.0,0.0,0,0
-0.6892051290003862,295.0,30.0,-0.6892051290003862,-0.6892051290003862,0.95,0.948776019937818,0.44553003973545025,0.5530527659342132,0.39950980392156865,0.09302646629590186,0.0,0.0,0.0,0.0,0,0
-0.6984863137247516,300.0,30.0,-0.6984863137247516,-0.6984863137247516,0.95,0.960994492924831,0.45118515287898475,0.5574531772996828,0.38071065989847713,0.10153553640440614,0.0,0.0,0.0,0.0,0,0
-0.7234510475581698,305.0,30.0,-0.7234510475581698,-0.7234510475581698,0.95,1.0092842802611306,0.4481104756505925,0.5805824559078673,0.37435897435897436,0.11160811695396029,0.0,0.0,0.0,0.0,0,0
-0.7486047733515835,310.0,30.0,-0.7486047733515835,-0.7486047733515835,0.95,1.06417908228104,0.4450357984222002,0.594011341339585,0.36828644501278773,0.12021517292330425,0.0,0.0,0.0,0.0,0,0
-0.7706889806158593,315.0,30.0,-0.7706889806158593,-0.7706889806158593,0.95,1.0845270930849025,0.42221344978516573,0.6729431028000187,0.36910994764397903,0.12988322065150584,0.0,0.0,0.0,0.0,0,0
-0.8124918962360341,320.0,30.0,-0.8124918962360341,-0.8124918962360341,0.95,1.1496070055174348,0.3993911011481295,0.7618546256174619,0.37662337662337664,0.14167566570969525,0.0,0.0,0.0,0.0,0,0
-0.8255044357326765,325.0,30.0,-0.8255044357326765,-0.8255044357326765,0.95,1.1565814665824663,0.37656875251109234,0.8372842352855167,0.40591397849462363,0.15984567019148327,0.0,0.0,0.0,0.0,0,0
-0.845447545711053,330.0,30.0,-0.845447545711053,-0.845447545711053,0.95,1.20710215759366,0.3463086071084502,0.9073266797356383,0.5080213903743316,0.1760769422310757,0.0,0.0,0.0,0.0,0,0
-0.8700255102725076,335.0,30.0,-0.8700255102725076,-0.8700255102725076,0.95,1.262658989873115,0.3219834675469193,0.9622028140847512,0.5608465608465608,0.1854887880224917,0.0,0.0,0.0,0.0,0,0
-0.886356571591181,340.0,30.0,-0.886356571591181,-0.886356571591181,0.95,1.2933011581123421,0.2880437195643223,1.0105606068687825,0.5561497326203209,0.18791946308724833,0.0,0.0,0.0,0.0,0,0
-0.9013869662373911,345.0,30.0,-0.9013869662373911,-0.9013869662373911,0.95,1.327015155526425,0.2524803519566503,1.0511198598953149,0.5531914893617021,0.17701447906830342,0.0,0.0,0.0,0.0,0,0
-0.9166554562935753,350.0,30.0,-0.9166554562935753,-0.9166554562935753,0.95,1.3535554586369543,0.21214895271704468,1.107550894670301,0.546916890080429,0.15148353711972626,0.0,0.0,0.0,0.0,0,0
-0.9272602187232685,355.0,30.0,-0.9272602187232685,-0.9272602187232685,0.95,1.370032345786329,0.17333693543774323,1.1579757936242594,0.5358090185676393,0.12822962351817274,0.0,0.0,0.0,0.0,0,0
-0.8467872441216824,0.0,35.0,-0.8467872441216824,-0.8467872441216824,0.95,1.1146927306421972,0.23667437459236274,1.1764900423906604,0.5238095238095238,0.13715934897804694,0.0,0.0,0.0,0.0,0,0
-0.8565776663196424,5.0,35.0,-0.8565776663196424,-0.8565776663196424,0.95,1.1072062440713981,0.24558252239987974,1.217031050536777,0.5195822454308094,0.11737327188940092,0.0,0.0,0.0,0.0,0,0
-0.8910486353988722,10.0,35.0,-0.8910486353988722,-0.8910486353988722,0.95,1.121451921819268,0.3270429560208722,1.2443630375180075,0.5038363171355499,0.09406638472382417,0.0,0.0,0.0,0.0,0,0
-0.9311332703007771,15.0,35.0,-0.9311332703007771,-0.9311332703007771,0.95,1.1583670980657073,0.40665148534057416,1.2568216046863028,0.48081841432225064,0.07420703803061386,0.0,0.0,0.0,0.0,0,0
-1.0085286243121994,20.0,35.0,-1.0085286243121994,-1.0085286243121994,0.95,1.1957444484022528,0.5165943749879995,1.299834622794721,0.23876404494382023,0.058407466822225466,0.0,0.0,0.0,0.0,0,0
-1.08855819525173,25.0,35.0,-1.08855819525173,-1.08855819525173,0.95,1.239450258874998,0.6608797540130815,1.32900094123959,0.0469208211143695,0.04508654855865316,0.0,0.0,0.0,0.0,0,0
-1.1268278434920278,30.0,35.0,-1.1268278434920278,-1.1268278434920278,0.95,1.2633048684283075,0.8761083170624901,1.2099152674203295,0.0,0.03407036132347809,0.0,0.0,0.0,0.0,0,0
-1.1519708056749145,35.0,35.0,-1.1519708056749145,-1.1519708056749145,0.95,1.2811889371812308,0.9290509865262042,1.2289299366834836,0.0,0.027334032668964482,0.0,0.0,0.0,0.0,0,0
-1.1732964721878478,40.0,35.0,-1.1732964721878478,-1.1732964721878478,0.95,1.2878157012785207,1.0022179079860483,1.2304628587197097,0.0,0.023791800274851123,0.0,0.0,0.0,0.0,0,0
-1.185069805214707,45.0,35.0,-1.185069805214707,-1.185069805214707,0.95,1.2735247976031536,1.0377474100252648,1.2648921346685174,0.0,0.02193175564116676,0.0,0.0,0.0,0.0,0,0
-1.2809784965148698,50.0,35.0,-1.2809784965148698,-1.2809784965148698,0.95,1.2702498343597999,1.0905149547880135,1.600999296295786,0.0,0.020285379618783943,0.0,0.0,0.0,0.0,0,0
-1.3300257287245336,55.0,35.0,-1.3300257287245336,-1.3300257287245336,0.95,1.3505607439102687,1.1641409724019085,1.5950647522397952,0.0,0.018777881522979562,0.0,0.0,0.0,0.0,0,0
-1.3485259552610023,60.0,35.0,-1.3485259552610023,-1.3485259552610023,0.95,1.4003478290311553,1.185127639009383,1.5684196555847771,0.0,0.017893556280587277,0.0,0.0,0.0,0.0,0,0
-1.3516405669366762,65.0,35.0,-1.3516405669366762,-1.3516405669366762,0.95,1.4226159803120564,1.1681920430580388,1.571224204211975,0.022598870056497175,0.01710539535818346,0.0,0.0,0.0,0.0,0,0
-1.346095412934109,70.0,35.0,-1.346095412934109,-1.346095412934109,0.95,1.4451168081099917,1.152174878257288,1.5463212503661747,0.06575342465753424,0.016115015022471632,0.0,0.0,0.0,0.0,0,0
-1.37489558810969,75.0,35.0,-1.37489558810969,-1.37489558810969,0.95,1.509486519616019,1.1524940936406,1.5899250945881023,0.1450381679389313,0.016728349370836417,0.0,0.0,0.0,0.0,0,0
-1.4794722280155985,80.0,35.0,-1.4794722280155985,-1.4794722280155985,0.95,1.545265189819922,1.0730025150336813,2.0435991195559042,0.17784256559766765,0.01673898037668869,0.0,0.0,0.0,0.0,0,0
-1.4814942738620867,85.0,35.0,-1.4814942738620867,-1.4814942738620867,0.95,1.6213547559341093,1.0861590162478543,1.9139978086414915,0.17086834733893558,0.020364230217251447,0.0,0.0,0.0,0.0,0,0
-1.47049868159662,90.0,35.0,-1.47049868159662,-1.47049868159662,0.95,1.6423396339128247,1.068532037622771,1.8555253686860138,0.1745152354570637,0.025245232286013046,0.0,0.0,0.0,0.0,0,0
-1.4545055424844804,95.0,35.0,-1.4545055424844804,-1.4545055424844804,0.95,1.6451369674467797,1.0551820273943364,1.800427088811563,0.1745152354570637,0.03020117393267446,0.0,0.0,0.0,0.0,0,0
-1.4129273233072939,100.0,35.0,-1.4129273233072939,-1.4129273233072939,0.95,1.6142336646321027,1.0339267552684137,1.705145660850767,0.17534246575342466,0.0411740725642071,0.0,0.0,0.0,0.0,0,0
-1.3608597763653276,105.0,35.0,-1.3608597763653276,-1.3608597763653276,0.95,1.5688006072787184,1.0040668341976435,1.5964912996177176,0.168,0.05327497345316102,0.0,0.0,0.0,0.0,0,0
-1.2971804045389164,110.0,35.0,-1.2971804045389164,-1.2971804045389164,0.95,1.4972120864616154,0.9580766897480583,1.5279055900690226,0.232,0.06761368145385287,0.0,0.0,0.0,0.0,0,0
-1.233556141792658,115.0,35.0,-1.233556141792658,-1.233556141792658,0.95,1.4378079641332642,0.9017269029794557,1.439941429514462,0.2698412698412698,0.08927649631863505,0.0,0.0,0.0,0.0,0,0
-1.167575080735975,120.0,35.0,-1.167575080735975,-1.167575080735975,0.95,1.361103206436192,0.8345880683165108,1.37057870327685,0.28157894736842104,0.10988918971725235,0.0,0.0,0.0,0.0,0,0
-1.1217803583298154,125.0,35.0,-1.1217803583298154,-1.1217803583298154,0.95,1.3062584950716942,0.820102434745805,1.2819699454658369,0.2624113475177305,0.13229717306366354,0.0,0.0,0.0,0.0,0,0
-1.0803759928063803,130.0,35.0,-1.0803759928063803,-1.0803759928063803,0.95,1.271662331405758,0.812538322847871,1.181532025354545,0.2680652680652681,0.16294622952768778,0.0,0.0,0.0,0.0,0,0
-1.0119373667486635,135.0,35.0,-1.0119373667486635,-1.0119373667486635,0.95,1.216893793404494,0.7655844534617406,1.042863281322257,0.2693208430913349,0.19619253985451168,0.0,0.0,0.0,0.0,0,0
-0.9561339771665062,140.0,35.0,-0.9561339771665062,-0.9561339771665062,0.95,1.2116174037177772,0.6903760462703379,0.9046629255381523,0.2727272727272727,0.23745173745173745,0.0,0.0,0.0,0.0,0,0
-0.8810953667213587,145.0,35.0,-0.8810953667213587,-0.8810953667213587,0.95,1.1740618129819407,0.5970791495600329,0.7632198925268368,0.28604118993135014,0.2816189430975423,0.0,0.0,0.0,0.0,0,0
-0.812339030025464,150.0,35.0,-0.812339030025464,-0.812339030025464,0.95,1.1625377161952208,0.5083655518433857,0.6283459526831954,0.3685393258426966,0.3084077380952381,0.0,0.0,0.0,0.0,0,0
-0.7370276088682414,155.0,35.0,-0.7370276088682414,-0.7370276088682414,0.95,1.1331264018001703,0.4048650080382438,0.48450327424054795,0.38565022421524664,0.3047376019877111,0.0,0.0,0.0,0.0,0,0
-0.6555298153308363,160.0,35.0,-0.6555298153308363,-0.6555298153308363,0.95,1.125865957438541,0.31848363732634155,0.3468929492381951,0.6116071428571429,0.29742909271852713,0.0,0.0,0.0,0.0,0,0
-0.6371282007251732,165.0,35.0,-0.6371282007251732,-0.6371282007251732,0.95,1.1488178287500306,0.2831146141962331,0.30720136248365987,0.6997792494481236,0.28928909334116343,0.0,0.0,0.0,0.0,0,0
-0.6169681994033636,170.0,35.0,-0.6169681994033636,-0.6169681994033636,0.95,1.1632270425304847,0.193989963414805,0.3178193444203836,0.7627494456762749,0.2775979178569161,0.0,0.0,0.0,0.0,0,0
-0.47306013405765795,175.0,35.0,-0.47306013405765795,-0.47306013405765795,0.95,0.8716452830910072,0.1038409992466606,0.31848363732634155,0.8117913832199547,0.25541138664888136,0.0,0.0,0.0,0.0,0,0
-0.4491978482953252,180.0,35.0,-0.4491978482953252,-0.4491978482953252,0.95,0.8078111871638959,0.11411174318517858,0.31848363732634155,0.8207547169811321,0.2082628790440762,0.0,0.0,0.0,0.0,0,0
-0.48381106843610333,185.0,35.0,-0.48381106843610333,-0.48381106843610333,0.95,0.8424690806989841,0.193989963414805,0.31848363732634155,0.8129496402877698,0.1638237756383424,0.0,0.0,0.0,0.0,0,0
-0.46290230410198524,190.0,35.0,-0.46290230410198524,-0.46290230410198524,0.95,0.7688554930804352,0.2316696614400316,0.31848363732634155,0.8217821782178217,0.1359974611854311,0.0,0.0,0.0,0.0,0,0
-0.49133298829870176,195.0,35.0,-0.49133298829870176,-0.49133298829870176,0.95,0.8149614389615996,0.26245700932591287,0.32576590982301773,0.8170731707317073,0.11790403053364909,0.0,0.0,0.0,0.0,0,0
-0.42752155960070815,200.0,35.0,-0.42752155960070815,-0.42752155960070815,0.95,0.6522882410416124,0.28527935796295,0.3193003082396368,0.8453865336658354,0.10368191721132898,0.0,0.0,0.0,0.0,0,0
-0.3396984588207056,205.0,35.0,-0.3396984588207056,-0.3396984588207056,0.95,0.4343721783587442,0.2852793579629491,0.3309240552370216,0.8810126582278481,0.09152323937806602,0.0,0.0,0.0,0.0,0,0
-0.332700207665493,210.0,35.0,-0.332700207665493,-0.332700207665493,0.95,0.392018726313807,0.2786731826605475,0.35474061783650607,0.824607329842932,0.0818599082019557,0.0,0.0,0.0,0.0,0,0
-0.3485944381193786,215.0,35.0,-0.3485944381193786,-0.3485944381193786,0.95,0.38785664176399676,0.2710903567202447,0.3879799268296118,0.7131578947368421,0.07422493340025482,0.0,0.0,0.0,0.0,0,0
-0.3620383588170268,220.0,35.0,-0.3620383588170268,-0.3620383588170268,0.95,0.40290296900508205,0.266992123679043,0.41080227546664716,0.6857142857142857,0.0682615629984051,0.0,0.0,0.0,0.0,0,0
-0.3780101102978006,225.0,35.0,-0.3780101102978006,-0.3780101102978006,0.95,0.42221344978516484,0.26494326294849646,0.4336246241036834,0.6551724137931034,0.06472984877404199,0.0,0.0,0.0,0.0,0,0
-0.3891448031900296,230.0,35.0,-0.3891448031900296,-0.3891448031900296,0.95,0.4450357984222002,0.25753502579255705,0.4458757983809297,0.6472222222222223,0.062371450221917514,0.0,0.0,0.0,0.0,0,0
-0.4048854922266054,235.0,35.0,-0.4048854922266054,-0.4048854922266054,0.95,0.4595230023415163,0.26540303110528285,0.4696143847669635,0.6267806267806267,0.06114035870438119,0.0,0.0,0.0,0.0,0,0
-0.4189479289232236,240.0,35.0,-0.4189479289232236,-0.4189479289232236,0.95,0.47417576117246063,0.27386818364443233,0.4797640533029596,0.591304347826087,0.06114769520225776,0.0,0.0,0.0,0.0,0,0
-0.4266695184177555,245.0,35.0,-0.4266695184177555,-0.4266695184177555,0.95,0.4848391907683243,0.27386818364443233,0.4952438229739089,0.5954415954415955,0.062592034063692,0.0,0.0,0.0,0.0,0,0
-0.4478237973155739,250.0,35.0,-0.4478237973155739,-0.4478237973155739,0.95,0.5020916700147904,0.30421993916781853,0.5037285780708128,0.55,0.06471771680880233,0.0,0.0,0.0,0.0,0,0
-0.46057696497272155,255.0,35.0,-0.46057696497272155,-0.46057696497272155,0.95,0.522272346738923,0.3093823809356603,0.5136999805832054,0.541025641025641,0.06786118649246087,0.0,0.0,0.0,0.0,0,0
-0.4907259054489175,260.0,35.0,-0.4907259054489175,-0.4907259054489175,0.95,0.5930451439682689,0.315165170454027,0.5136999805832054,0.5370843989769821,0.07289065490403368,0.0,0.0,0.0,0.0,0,0
-0.4954752944527385,265.0,35.0,-0.4954752944527385,-0.4954752944527385,0.95,0.5963815242715526,0.3200630753516051,0.5197488757460768,0.5303030303030303,0.07801102511275683,0.0,0.0,0.0,0.0,0,0
-0.4965211973755246,270.0,35.0,-0.4965211973755246,-0.4965211973755246,0.95,0.6004816953303478,0.3182234290755661,0.5197488757460768,0.5316455696202531,0.08321339292477843,0.0,0.0,0.0,0.0,0,0
-0.5661725263289592,275.0,35.0,-0.5661725263289592,-0.5661725263289592,0.95,0.7607393777895405,0.33751022709246553,0.5164166268465263,0.5160493827160494,0.0885832880751028,0.0,0.0,0.0,0.0,0,0
-0.5828377776989055,280.0,35.0,-0.5828377776989055,-0.5828377776989055,0.95,0.7923842304002431,0.34597423791781073,0.5200434938155861,0.5062034739454094,0.09459540161242162,0.0,0.0,0.0,0.0,0,0
-0.581592499640065,285.0,35.0,-0.581592499640065,-0.581592499640065,0.95,0.7804864742371257,0.35559247314423287,0.518019067134138,0.4900497512437811,0.10103270577124437,0.0,0.0,0.0,0.0,0,0
-0.5975850775246004,290.0,35.0,-0.5975850775246004,-0.5975850775246004,0.95,0.8028758606570386,0.37602678932388145,0.5151758028711281,0.46365914786967416,0.1085218574587515,0.0,0.0,0.0,0.0,0,0
-0.6167690286748709,295.0,35.0,-0.6167690286748709,-0.6167690286748709,0.95,0.8268448499967624,0.3995737280698821,0.5106265760018706,0.4151898734177215,0.11652354815864023,0.0,0.0,0.0,0.0,0,0
-0.6191923356494782,300.0,35.0,-0.6191923356494782,-0.6191923356494782,0.95,0.8140505012365865,0.41080227546664716,0.52494459848606,0.4036458333333333,0.12567030325443787,0.0,0.0,0.0,0.0,0,0
-0.6529000576196972,305.0,35.0,-0.6529000576196972,-0.6529000576196972,0.95,0.8728692235370534,0.41080227546664716,0.5592459570427782,0.3875968992248062,0.13583513362623492,0.0,0.0,0.0,0.0,0,0
-0.6629960386807995,310.0,35.0,-0.6629960386807995,-0.6629960386807995,0.95,0.8793672409221386,0.400503109699692,0.5972786054366784,0.3819628647214854,0.1485359406677445,0.0,0.0,0.0,0.0,0,0
-0.6906352688912948,315.0,35.0,-0.6906352688912948,-0.6906352688912948,0.95,0.9148174009291965,0.3879799268296109,0.6729585704067486,0.4052631578947368,0.1610162568417613,0.0,0.0,0.0,0.0,0,0
-0.6922883739115299,320.0,35.0,-0.6922883739115299,-0.6922883739115299,0.95,0.8930769692264094,0.36515757819257466,0.7519741751419942,0.4422535211267606,0.17314221048660883,0.0,0.0,0.0,0.0,0,0
-0.7159569165977322,325.0,35.0,-0.7159569165977322,-0.7159569165977322,0.95,0.9431484868533244,0.3423352295555402,0.831046407165844,0.5464788732394367,0.1803304046528895,0.0,0.0,0.0,0.0,0,0
-0.7423052438480288,330.0,35.0,-0.7423052438480288,-0.7423052438480288,0.95,0.9855813926261917,0.3292840267544578,0.9048146300402702,0.6045197740112994,0.1834583484783399,0.0,0.0,0.0,0.0,0,0
-0.7674408646044234,335.0,35.0,-0.7674408646044234,-0.7674408646044234,0.95,1.0185893098349195,0.2989171118257884,0.9742463079988912,0.5828571428571429,0.183388186997912,0.0,0.0,0.0,0.0,0,0
-0.7885024000357007,340.0,35.0,-0.7885024000357007,-0.7885024000357007,0.95,1.0536500334879815,0.27386818364443055,1.0265959804813412,0.5807365439093485,0.17973819009675585,0.0,0.0,0.0,0.0,0,0
-0.8043751442705984,345.0,35.0,-0.8043751442705984,-0.8043751442705984,0.95,1.0881524275316679,0.2410998927678561,1.0658652748401403,0.576271186440678,0.17177814029363786,0.0,0.0,0.0,0.0,0,0
-0.8195662577055457,350.0,35.0,-0.8195662577055457,-0.8195662577055457,0.95,1.1146656335531167,0.20540113773332358,1.1189443339493268,0.5738636363636364,0.15780535597648596,0.0,0.0,0.0,0.0,0,0
-0.8160664475662368,355.0,35.0,-0.8160664475662368,-0.8160664475662368,0.95,1.1056782049926905,0.15975644045925197,1.161754754030276,0.5658263305322129,0.13964334705075446,0.0,0.0,0.0,0.0,0,0
-0.6829105556225851,0.0,40.0,-0.6829105556225851,-0.6829105556225851,0.95,0.9156404573132342,0.12159239410252894,0.9845914923505934,0.5989159891598916,0.1809463844626338,0.0,0.0,0.0,0.0,0,0
-0.6991854029475331,5.0,40.0,-0.6991854029475331,-0.6991854029475331,0.95,0.9156404573132342,0.1784483630014223,0.9788559844504597,0.5639686684073107,0.16393442622950818,0.0,0.0,0.0,0.0,0,0
-0.7341057942926166,10.0,40.0,-0.7341057942926166,-0.7341057942926166,0.95,0.9442876675909163,0.20522388689269533,1.0403390221323048,0.55,0.13242194549720268,0.0,0.0,0.0,0.0,0,0
-0.7837789907352629,15.0,40.0,-0.7837789907352629,-0.7837789907352629,0.95,0.981589093645594,0.37406709070172395,0.9894592019875289,0.4973821989528796,0.11092778271354232,0.0,0.0,0.0,0.0,0,0
-0.8349016144642698,20.0,40.0,-0.8349016144642698,-0.8349016144642698,0.95,1.023226092655865,0.46673155774064823,1.0041342044986261,0.42105263157894735,0.0926960726033369,0.0,0.0,0.0,0.0,0,0
-0.8783324954844879,25.0,40.0,-0.8783324954844879,-0.8783324954844879,0.95,1.0556078860380314,0.6051835700345983,0.8910236601942456,0.17962466487935658,0.07773179733810535,0.0,0.0,0.0,0.0,0,0
-0.9348511074205988,30.0,40.0,-0.9348511074205988,-0.9348511074205988,0.95,1.0810881559286862,0.6875164443008888,0.9255560268046997,0.008522727272727272,0.06410889343395162,0.0,0.0,0.0,0.0,0,0
-0.9580575800471777,35.0,40.0,-0.9580575800471777,-0.9580575800471777,0.95,1.0930362860821006,0.7130399763884728,0.9703322860688769,0.0,0.053755152652568784,0.0,0.0,0.0,0.0,0,0
-0.9930509521323635,40.0,40.0,-0.9930509521323635,-0.9930509521323635,0.95,1.0988047376832817,0.7841159074395462,1.0300003207966573,0.0,0.04438885147054107,0.0,0.0,0.0,0.0,0,0
-1.0034413175333687,45.0,40.0,-1.0034413175333687,-1.0034413175333687,0.95,1.0870753261416812,0.813963454711697,1.0604812935950878,0.0,0.041445798071855916,0.0,0.0,0.0,0.0,0,0
-1.0035746631863718,50.0,40.0,-1.0035746631863718,-1.0035746631863718,0.95,1.0757659602306375,0.8608644248140691,1.0322086915623978,0.0,0.03790983606557377,0.0,0.0,0.0,0.0,0,0
-1.094752155793977,55.0,40.0,-1.094752155793977,-1.094752155793977,0.95,1.0875108843399053,0.9357162941184738,1.3032749141135855,0.0,0.03565330035918271,0.0,0.0,0.0,0.0,0,0
-1.1213707960592436,60.0,40.0,-1.1213707960592436,-1.1213707960592436,0.95,1.1414371108320391,0.9918184236288403,1.2814830303356948,0.03529411764705882,0.03590721321893867,0.0,0.0,0.0,0.0,0,0
-1.1163532219418753,65.0,40.0,-1.1163532219418753,-1.1163532219418753,0.95,1.159007787922288,0.9701950319489102,1.2777801850588955,0.09243697478991597,0.032410303064763744,0.0,0.0,0.0,0.0,0,0
-1.1134731173754373,70.0,40.0,-1.1134731173754373,-1.1134731173754373,0.95,1.179758475531139,0.9546040891300065,1.2548881159208127,0.10803324099722991,0.03225625175611127,0.0,0.0,0.0,0.0,0,0
-1.1296306942611762,75.0,40.0,-1.1296306942611762,-1.1296306942611762,0.95,1.2240564958885036,0.9530585734859343,1.2731315709514135,0.16539440203562342,0.03324014537321778,0.0,0.0,0.0,0.0,0,0
-1.152976134430551,80.0,40.0,-1.152976134430551,-1.152976134430551,0.95,1.2715156352053887,0.9618398093541158,1.283487813305288,0.16962025316455695,0.03755238893545683,0.0,0.0,0.0,0.0,0,0
-1.1704259247161213,85.0,40.0,-1.1704259247161213,-1.1704259247161213,0.95,1.312263751351149,0.9530585734859347,1.297023123216712,0.17,0.04497599595721385,0.0,0.0,0.0,0.0,0,0
-1.1730208019351176,90.0,40.0,-1.1730208019351176,-1.1730208019351176,0.95,1.3237826890272677,0.931022871093217,1.3111784602687877,0.17042606516290726,0.05790816326530612,0.0,0.0,0.0,0.0,0,0
-1.166344428178875,95.0,40.0,-1.166344428178875,-1.166344428178875,0.95,1.3242116204646561,0.9145844461370255,1.2970793043768964,0.1625615763546798,0.06950281613631815,0.0,0.0,0.0,0.0,0,0
-1.1427762847197132,100.0,40.0,-1.1427762847197132,-1.1427762847197132,0.95,1.2992322318682858,0.8811620515948563,1.2766971886663774,0.16381418092909536,0.08193168024969655,0.0,0.0,0.0,0.0,0,0
-1.1127241198484241,105.0,40.0,-1.1127241198484241,-1.1127241198484241,0.95,1.2657624821776183,0.8486904485629105,1.242686542438384,0.1642512077294686,0.09780726215986145,0.0,0.0,0.0,0.0,0,0
-1.0614431867250032,110.0,40.0,-1.0614431867250032,-1.0614431867250032,0.95,1.2099621520247634,0.8032419260644517,1.1956954938186997,0.22276029055690072,0.1167429203672139,0.0,0.0,0.0,0.0,0,0
-1.0091417267725773,115.0,40.0,-1.0091417267725773,-1.0091417267725773,0.95,1.1488075058537914,0.7645486793407041,1.133688688692327,0.2494061757719715,0.13835901198337003,0.0,0.0,0.0,0.0,0,0
-0.964391127056742,120.0,40.0,-0.964391127056742,-0.964391127056742,0.95,1.1059845233810044,0.7168480758607605,1.0756542590896168,0.26128266033254155,0.1617232964144922,0.0,0.0,0.0,0.0,0,0
-0.9197699423886291,125.0,40.0,-0.9197699423886291,-0.9197699423886291,0.95,1.066535919372445,0.6679310912694458,1.0130047464815575,0.27078384798099764,0.18973551434906963,0.0,0.0,0.0,0.0,0,0
-0.8707687007693578,130.0,40.0,-0.8707687007693578,-0.8707687007693578,0.95,1.0147802168801852,0.6369352915631907,0.9358244978392775,0.2833333333333333,0.22480414287611206,0.0,0.0,0.0,0.0,0,0
-0.8200353904463159,135.0,40.0,-0.8200353904463159,-0.8200353904463159,0.95,0.9580377338320785,0.6162034131999699,0.84468159306972,0.2840095465393795,0.2620252728712599,0.0,0.0,0.0,0.0,0,0
-0.7612943806482578,140.0,40.0,-0.7612943806482578,-0.7612943806482578,0.95,0.9210172988792814,0.547736367288862,0.7422968894195939,0.2962085308056872,0.29794022760307726,0.0,0.0,0.0,0.0,0,0
-0.6957529915628639,145.0,40.0,-0.6957529915628639,-0.6957529915628639,0.95,0.8911113723719634,0.47253959498352516,0.6303206530141597,0.3640661938534279,0.3211786770540287,0.0,0.0,0.0,0.0,0,0
-0.6430140005831246,150.0,40.0,-0.6430140005831246,-0.6430140005831246,0.95,0.891360198083818,0.3993911011481295,0.5137783038764284,0.4182242990654206,0.3360396111697674,0.0,0.0,0.0,0.0,0,0
-0.563422631921914,155.0,40.0,-0.563422631921914,-0.563422631921914,0.95,0.8633573618351331,0.31951288091850305,0.3884866190066488,0.5892018779342723,0.33590859630032643,0.0,0.0,0.0,0.0,0,0
-0.5136181856260739,160.0,40.0,-0.5136181856260739,-0.5136181856260739,0.95,0.8676220261834167,0.26245700932591287,0.2904715451490845,0.7166276346604216,0.3313452141419948,0.0,0.0,0.0,0.0,0,0
-0.4960286628039709,165.0,40.0,-0.4960286628039709,-0.4960286628039709,0.95,0.880049969678175,0.22321543274169034,0.2663824853799178,0.7839080459770115,0.3227573048793414,0.0,0.0,0.0,0.0,0,0
-0.3763693683237015,170.0,40.0,-0.3763693683237015,-0.3763693683237015,0.95,0.6569742681776184,0.12585325061179337,0.2715979237193052,0.8578313253012049,0.3102843585599835,0.0,0.0,0.0,0.0,0,0
-0.3618117848719421,175.0,40.0,-0.3618117848719421,-0.3618117848719421,0.95,0.6504352870838759,0.07987822022962554,0.27146664878592686,0.8619854721549637,0.28136482939632546,0.0,0.0,0.0,0.0,0,0
-0.35364669624062867,180.0,40.0,-0.35364669624062867,-0.35364669624062867,0.95,0.6192696878399533,0.10312746031188677,0.2676866476361144,0.8676470588235294,0.23652648691757922,0.0,0.0,0.0,0.0,0,0
-0.3722100620209354,185.0,40.0,-0.3722100620209354,-0.3722100620209354,0.95,0.6223372902840045,0.17168124321256134,0.2663824853799179,0.8624078624078624,0.1956228279288853,0.0,0.0,0.0,0.0,0,0
-0.3661010801155476,190.0,40.0,-0.3661010801155476,-0.3661010801155476,0.95,0.5727459832653432,0.21681231205184126,0.2786731826605475,0.8686868686868687,0.16488529014844805,0.0,0.0,0.0,0.0,0,0
-0.39029509178154453,195.0,40.0,-0.39029509178154453,-0.39029509178154453,0.95,0.6177902895770953,0.2396346606888775,0.2786731826605475,0.8639798488664987,0.1445178066127922,0.0,0.0,0.0,0.0,0,0
-0.3412386039861976,200.0,40.0,-0.3412386039861976,-0.3412386039861976,0.95,0.4891140794431895,0.2519988947778298,0.28547503487418363,0.8877551020408163,0.1298880986479598,0.0,0.0,0.0,0.0,0,0
-0.31009451854409326,205.0,40.0,-0.31009451854409326,-0.31009451854409326,0.95,0.40224372701386996,0.2521328795500182,0.30810170659998537,0.9086161879895561,0.11795074533150392,0.0,0.0,0.0,0.0,0,0
-0.28631189838987287,210.0,40.0,-0.28631189838987287,-0.28631189838987287,0.95,0.3474347455852574,0.2388627279947535,0.3309240552370216,0.9510869565217391,0.1079004547185449,0.0,0.0,0.0,0.0,0,0
-0.2911298748163624,215.0,40.0,-0.2911298748163624,-0.2911298748163624,0.95,0.34870593980076603,0.23431498135594347,0.353746403874057,0.9536784741144414,0.09980897803247374,0.0,0.0,0.0,0.0,0,0
-0.32241810000957793,220.0,40.0,-0.32241810000957793,-0.32241810000957793,0.95,0.36732128880880754,0.2396346606888775,0.3712667666862365,0.7723577235772358,0.09351104727303451,0.0,0.0,0.0,0.0,0,0
-0.3421013908547487,225.0,40.0,-0.3421013908547487,-0.3421013908547487,0.95,0.3879799268296109,0.23886272799475705,0.39167350322149785,0.7072463768115942,0.08861465955599652,0.0,0.0,0.0,0.0,0,0
-0.3508519122575345,230.0,40.0,-0.3508519122575345,-0.3508519122575345,0.95,0.3993911011481286,0.22822348637035983,0.41080227546664716,0.6866096866096866,0.08601603516340402,0.0,0.0,0.0,0.0,0,0
-0.3648141992081957,235.0,40.0,-0.3648141992081957,-0.3648141992081957,0.95,0.41555349335743413,0.2396346606888775,0.4256299185299357,0.6772334293948127,0.08416926324253694,0.0,0.0,0.0,0.0,0,0
-0.3782422256958358,240.0,40.0,-0.3782422256958358,-0.3782422256958358,0.95,0.4323111684564421,0.2396346606888784,0.4408739092210489,0.6480938416422287,0.08385626923538111,0.0,0.0,0.0,0.0,0,0
-0.3905557172029246,245.0,40.0,-0.3905557172029246,-0.3905557172029246,0.95,0.43977273468673034,0.25281119531652224,0.4547178961837186,0.622356495468278,0.08453879766156547,0.0,0.0,0.0,0.0,0,0
-0.40711597377923203,250.0,40.0,-0.40711597377923203,-0.40711597377923203,0.95,0.45480890021303366,0.2767465524869222,0.46134900758163105,0.5933147632311978,0.08661953495824237,0.0,0.0,0.0,0.0,0,0
-0.4106424816026808,255.0,40.0,-0.4106424816026808,-0.4106424816026808,0.95,0.4581797804627173,0.2767465524869222,0.46671901209153127,0.584958217270195,0.08926371073628926,0.0,0.0,0.0,0.0,0,0
-0.419760977914007,260.0,40.0,-0.419760977914007,-0.419760977914007,0.95,0.46785814705923734,0.28970249130754877,0.46980064311821573,0.5725806451612904,0.09356079201440026,0.0,0.0,0.0,0.0,0,0
-0.41942945549153043,265.0,40.0,-0.41942945549153043,-0.41942945549153043,0.95,0.4680463040042114,0.28179106634205314,0.4781153395170578,0.5776566757493188,0.09896872920825017,0.0,0.0,0.0,0.0,0,0
-0.428397418819893,270.0,40.0,-0.428397418819893,-0.428397418819893,0.95,0.48029498383304,0.291534649563731,0.4792515007808379,0.5641711229946524,0.10414063327332415,0.0,0.0,0.0,0.0,0,0
-0.43084030357915837,275.0,40.0,-0.43084030357915837,-0.43084030357915837,0.95,0.4810653424983652,0.29372433511692414,0.4863474255419479,0.5660377358490566,0.10936789941788752,0.0,0.0,0.0,0.0,0,0
-0.4684638846114107,280.0,40.0,-0.4684638846114107,-0.4684638846114107,0.95,0.5574776950009631,0.3117158511204721,0.49075585025766644,0.5514511873350924,0.11549389567147614,0.0,0.0,0.0,0.0,0,0
-0.47888492901589563,285.0,40.0,-0.47888492901589563,-0.47888492901589563,0.95,0.5756557425978417,0.31807686171996574,0.4924564469357333,0.5401069518716578,0.1220464351756729,0.0,0.0,0.0,0.0,0,0
-0.49216434735930736,290.0,40.0,-0.49216434735930736,-0.49216434735930736,0.95,0.5875981758999352,0.34043987552942406,0.49075585025766644,0.5067385444743935,0.12976541317929977,0.0,0.0,0.0,0.0,0,0
-0.5181126637345962,295.0,40.0,-0.5181126637345962,-0.5181126637345962,0.95,0.6278969705343306,0.3649973216349107,0.49092628855665327,0.4702702702702703,0.1377589707213267,0.0,0.0,0.0,0.0,0,0
-0.529052947549213,300.0,40.0,-0.529052947549213,-0.529052947549213,0.95,0.6421304908565769,0.37156424354740025,0.4906804956962727,0.43360433604336046,0.14740893681017564,0.0,0.0,0.0,0.0,0,0
-0.5412263135098387,305.0,40.0,-0.5412263135098387,-0.5412263135098387,0.95,0.6551964501114858,0.37656875251109323,0.5135028443333098,0.43370165745856354,0.15790455381171895,0.0,0.0,0.0,0.0,0,0
-0.5662907222313586,310.0,40.0,-0.5662907222313586,-0.5662907222313586,0.95,0.7045706499338857,0.36515757819257555,0.5491306270030247,0.4410958904109589,0.17026769178966272,0.0,0.0,0.0,0.0,0,0
-0.5885821742204702,315.0,40.0,-0.5885821742204702,-0.5885821742204702,0.95,0.7344243026947931,0.3526094379539876,0.6255414735173227,0.49725274725274726,0.18388931682171003,0.0,0.0,0.0,0.0,0,0
-0.5952051797648719,320.0,40.0,-0.5952051797648719,-0.5952051797648719,0.95,0.7491652871770043,0.33331006980769723,0.696139637062031,0.6182336182336182,0.19910697440412553,0.0,0.0,0.0,0.0,0,0
-0.6136661416831555,325.0,40.0,-0.6136661416831555,-0.6136661416831555,0.95,0.7778432368733044,0.3199958188527147,0.7563986386500616,0.6656976744186046,0.21515761234071093,0.0,0.0,0.0,0.0,0,0
-0.6460775681344226,330.0,40.0,-0.6460775681344226,-0.6460775681344226,0.95,0.8142506568076029,0.307188478215328,0.8094792448711203,0.5878962536023055,0.23103151245423875,0.0,0.0,0.0,0.0,0,0
-0.6565964643807755,335.0,40.0,-0.6565964643807755,-0.6565964643807755,0.95,0.8367746067170931,0.27896475184061204,0.8492896995369108,0.6017699115044248,0.24313181520440796,0.0,0.0,0.0,0.0,0,0
-0.6747027635795689,340.0,40.0,-0.6747027635795689,-0.6747027635795689,0.95,0.8758300026474402,0.25538944136711894,0.879520509300048,0.5935672514619883,0.2445531530050152,0.0,0.0,0.0,0.0,0,0
-0.6815173466282148,345.0,40.0,-0.6815173466282148,-0.6815173466282148,0.95,0.8948882544148482,0.22860896013354665,0.9023739131931062,0.5918367346938775,0.23485639686684073,0.0,0.0,0.0,0.0,0,0
-0.6896276175982038,350.0,40.0,-0.6896276175982038,-0.6896276175982038,0.95,0.9156404573132342,0.1939899634148068,0.9359663635121277,0.5911764705882353,0.21596738732136314,0.0,0.0,0.0,0.0,0,0
-0.6880561320938121,355.0,40.0,-0.6880561320938121,-0.6880561320938121,0.95,0.9181186700282897,0.15070071557747758,0.9669362731140232,0.5860058309037901,0.19187807648617947,0.0,0.0,0.0,0.0,0,0
-0.5656840924753113,0.0,45.0,-0.5656840924753113,-0.5656840924753113,0.95,0.7563986386500616,0.12052209552762418,0.763338920399846,0.5784061696658098,0.27972100232498065,0.0,0.0,0.0,0.0,0,0
-0.5796949845267065,5.0,45.0,-0.5796949845267065,-0.5796949845267065,0.95,0.7714623295932728,0.15488777323281883,0.7556393940465098,0.5652173913043478,0.2667011108240765,0.0,0.0,0.0,0.0,0,0
-0.6150785444943211,10.0,45.0,-0.6150785444943211,-0.6150785444943211,0.95,0.8108388552798168,0.23166966144003115,0.7524909785805027,0.5529715762273901,0.22293808095214676,0.0,0.0,0.0,0.0,0,0
-0.6498699210097132,15.0,45.0,-0.6498699210097132,-0.6498699210097132,0.95,0.8512184885848314,0.31487248585466154,0.7328616980811141,0.5255102040816326,0.19927164067606687,0.0,0.0,0.0,0.0,0,0
-0.6916266073621754,20.0,45.0,-0.6916266073621754,-0.6916266073621754,0.95,0.8828412136483065,0.38489416021881917,0.7559429678125396,0.4671916010498688,0.1762137848921815,0.0,0.0,0.0,0.0,0,0
-0.7149058962854838,25.0,45.0,-0.7149058962854838,-0.7149058962854838,0.95,0.9078507247948399,0.44523360025899406,0.7247531071955318,0.4073107049608355,0.15376909591785626,0.0,0.0,0.0,0.0,0,0
-0.7705817597411737,30.0,45.0,-0.7705817597411737,-0.7705817597411737,0.95,0.9280177803847706,0.5136902329743449,0.7469099616527917,0.15775401069518716,0.13459253979567593,0.0,0.0,0.0,0.0,0,0
-0.8200417253197377,35.0,45.0,-0.8200417253197377,-0.8200417253197377,0.95,0.9432427107455048,0.5706165168763633,0.8026675227141026,0.005763688760806916,0.11570652993515307,0.0,0.0,0.0,0.0,0,0
-0.8452253765651093,40.0,45.0,-0.8452253765651093,-0.8452253765651093,0.95,0.9476683300923394,0.6066792740320975,0.8579529040805964,0.0,0.09948647475770288,0.0,0.0,0.0,0.0,0,0
-0.837109235649179,45.0,45.0,-0.837109235649179,-0.837109235649179,0.95,0.9382237299329295,0.6242645649519496,0.8230144097520796,0.0,0.08434948758033699,0.0,0.0,0.0,0.0,0,0
-0.8404062883691413,50.0,45.0,-0.8404062883691413,-0.8404062883691413,0.95,0.924624445133129,0.6846704591110786,0.7975555821524798,0.0,0.07305767357495549,0.0,0.0,0.0,0.0,0,0
-0.8680689072136616,55.0,45.0,-0.8680689072136616,-0.8680689072136616,0.95,0.9218901740641491,0.7417263307036688,0.874734059196361,0.0480225988700565,0.06503825779870512,0.0,0.0,0.0,0.0,0,0
-0.8939417463244583,60.0,45.0,-0.8939417463244583,-0.8939417463244583,0.95,0.9393256308226264,0.7900357527346749,0.9132327584582237,0.07605633802816901,0.06178533679254348,0.0,0.0,0.0,0.0,0,0
-0.9366779245979153,65.0,45.0,-0.9366779245979153,-0.9366779245979153,0.95,0.9709212540106118,0.8248729105514323,1.0165440531319336,0.12044817927170869,0.06009220664393078,0.0,0.0,0.0,0.0,0,0
-0.932333825743481,70.0,45.0,-0.932333825743481,-0.932333825743481,0.95,0.9781089530571472,0.8005865160137198,1.0161421500910524,0.1309192200557103,0.06016700940985854,0.0,0.0,0.0,0.0,0,0
-0.9415314333841351,75.0,45.0,-0.9415314333841351,-0.9415314333841351,0.95,1.0041833400295808,0.7891582138301025,1.0428130357627357,0.18134715025906736,0.06395999005964215,0.0,0.0,0.0,0.0,0,0
-0.9524060483879787,80.0,45.0,-0.9524060483879787,-0.9524060483879787,0.95,1.027057126426314,0.7913865205457502,1.0500105380762472,0.18766066838046272,0.07087103896507758,0.0,0.0,0.0,0.0,0,0
-0.963337180799994,85.0,45.0,-0.963337180799994,-0.963337180799994,0.95,1.0498280373036533,0.7901351345300918,1.0573348828301925,0.18461538461538463,0.08230478392650689,0.0,0.0,0.0,0.0,0,0
-0.9673893304697806,90.0,45.0,-0.9673893304697806,-0.9673893304697806,0.95,1.0612392116221718,0.7815001239177927,1.063356902113946,0.183206106870229,0.0965595534672511,0.0,0.0,0.0,0.0,0,0
-0.9619988889389444,95.0,45.0,-0.9619988889389444,-0.9619988889389444,0.95,1.0613843895059412,0.7612685936513727,1.0612392116221718,0.18181818181818182,0.11131601538901784,0.0,0.0,0.0,0.0,0,0
-0.945100229993655,100.0,45.0,-0.945100229993655,-0.945100229993655,0.95,1.0453051469690513,0.7347639349980257,1.046148749826112,0.1825,0.12619644118969614,0.0,0.0,0.0,0.0,0,0
-0.9196457401824011,105.0,45.0,-0.9196457401824011,-0.9196457401824011,0.95,1.0129135563427583,0.7127982202529428,1.0155945143480993,0.1761786600496278,0.14503717229685667,0.0,0.0,0.0,0.0,0,0
-0.8768450767043249,110.0,45.0,-0.8768450767043249,-0.8768450767043249,0.95,0.9711581586264577,0.6765578117394588,0.9703355346416016,0.2334152334152334,0.1663792531670757,0.0,0.0,0.0,0.0,0,0
-0.8328019478459028,115.0,45.0,-0.8328019478459028,-0.8328019478459028,0.95,0.9289203824317549,0.637213142876641,0.9151111991777384,0.2684729064039409,0.1890722207195023,0.0,0.0,0.0,0.0,0,0
-0.792324573992887,120.0,45.0,-0.792324573992887,-0.792324573992887,0.95,0.889056010631473,0.6032933699829766,0.85626040701743,0.2818627450980392,0.21470019342359767,0.0,0.0,0.0,0.0,0,0
-0.7552539947938957,125.0,45.0,-0.7552539947938957,-0.7552539947938957,0.95,0.8665054576360126,0.5611121841310933,0.7901617294935357,0.2916666666666667,0.24595802013898738,0.0,0.0,0.0,0.0,0,0
-0.7146401426538016,130.0,45.0,-0.7146401426538016,-0.7146401426538016,0.95,0.8330685711184084,0.5150437296376829,0.7303151563851502,0.29927007299270075,0.2770388137810728,0.0,0.0,0.0,0.0,0,0
-0.6680901004241186,135.0,45.0,-0.6680901004241186,-0.6680901004241186,0.95,0.7876002214344283,0.4768023287280818,0.6571368491080899,0.30434782608695654,0.30404198302813756,0.0,0.0,0.0,0.0,0,0
-0.6083483308098103,140.0,45.0,-0.6083483308098103,-0.6083483308098103,0.95,0.7300266945813544,0.4336246241036825,0.5819698902444159,0.375609756097561,0.326438610448157,0.0,0.0,0.0,0.0,0,0
-0.5421591743863845,145.0,45.0,-0.5421591743863845,-0.5421591743863845,0.95,0.6739051126859292,0.3775028649652341,0.4881883157210738,0.43825665859564167,0.3462617720545839,0.0,0.0,0.0,0.0,0,0
-0.4849509658568717,150.0,45.0,-0.4849509658568717,-0.4849509658568717,0.95,0.663660658719851,0.323892006430595,0.3888996717802136,0.5871121718377088,0.3562698228513963,0.0,0.0,0.0,0.0,0,0
-0.42011303526814947,155.0,45.0,-0.42011303526814947,-0.42011303526814947,0.95,0.6411147765464955,0.2510458350073952,0.3043386540442704,0.7517899761336515,0.3566231666474189,0.0,0.0,0.0,0.0,0,0
-0.34923471126894445,160.0,45.0,-0.34923471126894445,-0.34923471126894445,0.95,0.552952103439764,0.2123224248842277,0.22947740676616726,0.823960880195599,0.35135238240567657,0.0,0.0,0.0,0.0,0,0
-0.29490609375682797,165.0,45.0,-0.29490609375682797,-0.29490609375682797,0.95,0.47436905709460736,0.1483452661407334,0.22674406307976103,0.8861386138613861,0.3439155426982755,0.0,0.0,0.0,0.0,0,0
-0.2782909936966476,170.0,45.0,-0.2782909936966476,-0.2782909936966476,0.95,0.4655233597708103,0.0931792669212386,0.23534633720717976,0.900497512437811,0.3328327595047982,0.0,0.0,0.0,0.0,0,0
-0.2582818197388352,175.0,45.0,-0.2582818197388352,-0.2582818197388352,0.95,0.42527147943009724,0.07987822022962554,0.23534633720717976,0.9063291139240506,0.3066044357102751,0.0,0.0,0.0,0.0,0,0
-0.2668442120019047,180.0,45.0,-0.2668442120019047,-0.2668442120019047,0.95,0.42989575813549025,0.11014662566884735,0.23284878597173309,0.9086294416243654,0.26444694512477657,0.0,0.0,0.0,0.0,0,0
-0.272470890286281,185.0,45.0,-0.272470890286281,-0.272470890286281,0.95,0.41109414052885257,0.15755592258991702,0.23886272799475705,0.9107142857142857,0.2259582424431287,0.0,0.0,0.0,0.0,0,0
-0.30857588085778054,190.0,45.0,-0.30857588085778054,-0.30857588085778054,0.95,0.4679054242794832,0.2050232400562671,0.2389013246294631,0.8956743002544529,0.19421876839750382,0.0,0.0,0.0,0.0,0,0
-0.3110590731047391,195.0,45.0,-0.3110590731047391,-0.3110590731047391,0.95,0.4598493364902389,0.2123224248842277,0.25459648759190484,0.8961038961038961,0.17273871103033692,0.0,0.0,0.0,0.0,0,0
-0.2909676877116435,200.0,45.0,-0.2909676877116435,-0.2909676877116435,0.95,0.3998208816576517,0.21506451637280138,0.27426432777931353,0.9129287598944591,0.15632343516342662,0.0,0.0,0.0,0.0,0,0
-0.27100860132227556,205.0,45.0,-0.27100860132227556,-0.27100860132227556,0.95,0.34866295693237104,0.2123224248842277,0.2931428024465957,0.9482288828337875,0.1442364481421565,0.0,0.0,0.0,0.0,0,0
-0.2668522549982501,210.0,45.0,-0.2668522549982501,-0.2668522549982501,0.95,0.3338969985220944,0.20922356388046018,0.30860779272376454,0.9616438356164384,0.13530287984111222,0.0,0.0,0.0,0.0,0,0
-0.2676653805621127,215.0,45.0,-0.2676653805621127,-0.2676653805621127,0.95,0.3219834675469204,0.2123224248842277,0.3309771836381809,0.9695290858725761,0.12717152976893237,0.0,0.0,0.0,0.0,0,0
-0.2760924326318986,220.0,45.0,-0.2760924326318986,-0.2760924326318986,0.95,0.3352719210154542,0.21430499780896178,0.34362965909390575,0.975,0.1203915017763452,0.0,0.0,0.0,0.0,0,0
-0.2928984603701879,225.0,45.0,-0.2928984603701879,-0.2928984603701879,0.95,0.353746403874057,0.2171733190287431,0.36515757819257555,0.9418282548476454,0.11532702098739835,0.0,0.0,0.0,0.0,0,0
-0.3149361566553004,230.0,45.0,-0.3149361566553004,-0.3149361566553004,0.95,0.36515757819257466,0.21681231205184215,0.37656875251109323,0.7947214076246334,0.11207992733878293,0.0,0.0,0.0,0.0,0,0
-0.3291216485526192,235.0,45.0,-0.3291216485526192,-0.3291216485526192,0.95,0.37656875251109323,0.21681231205184215,0.38807336904997625,0.7272727272727273,0.10988566679395315,0.0,0.0,0.0,0.0,0,0
-0.3396240501939631,240.0,45.0,-0.3396240501939631,-0.3396240501939631,0.95,0.3879799268296109,0.21898758200956264,0.39956669454097715,0.7020648967551623,0.10902481992730192,0.0,0.0,0.0,0.0,0,0
-0.35855635251022333,245.0,45.0,-0.35855635251022333,-0.35855635251022333,0.95,0.3993911011481286,0.23469808092981814,0.43322884000134226,0.6818181818181818,0.10947002606429192,0.0,0.0,0.0,0.0,0,0
-0.3650968654962544,250.0,45.0,-0.3650968654962544,-0.3650968654962544,0.95,0.4002719567562958,0.2526143054645449,0.4409012441012041,0.6839080459770115,0.1113667329297983,0.0,0.0,0.0,0.0,0,0
-0.3777574248198686,255.0,45.0,-0.3777574248198686,-0.3777574248198686,0.95,0.41272676413006254,0.26245700932591376,0.4499662412831376,0.6543909348441926,0.11379589632829373,0.0,0.0,0.0,0.0,0,0
-0.379742648127361,260.0,45.0,-0.379742648127361,-0.379742648127361,0.95,0.41421740702844667,0.26245700932591376,0.4525892613497805,0.6470588235294118,0.11852206200596825,0.0,0.0,0.0,0.0,0,0
-0.3905631385823094,265.0,45.0,-0.3905631385823094,-0.3905631385823094,0.95,0.42221344978516484,0.27071406465456166,0.46446493659222843,0.6211699164345403,0.12316342349429649,0.0,0.0,0.0,0.0,0,0
-0.3900116978761949,270.0,45.0,-0.3900116978761949,-0.3900116978761949,0.95,0.42221344978516484,0.2677255954059124,0.4659416876157878,0.6229050279329609,0.12813887388128067,0.0,0.0,0.0,0.0,0,0
-0.38986911414880177,275.0,45.0,-0.38986911414880177,-0.38986911414880177,0.95,0.42221344978516484,0.26900843010660275,0.46590689898920357,0.6274509803921569,0.13318636025975894,0.0,0.0,0.0,0.0,0,0
-0.3891053398012779,280.0,45.0,-0.3891053398012779,-0.3891053398012779,0.95,0.4142174070284466,0.27701315505283863,0.4658223640799427,0.6229050279329609,0.13945903528777068,0.0,0.0,0.0,0.0,0,0
-0.41639209185658577,285.0,45.0,-0.41639209185658577,-0.41639209185658577,0.95,0.47259391583917837,0.2873630510231053,0.4658223640799427,0.6094182825484764,0.14560052350750025,0.0,0.0,0.0,0.0,0,0
-0.4098666559975887,290.0,45.0,-0.4098666559975887,-0.4098666559975887,0.95,0.4525824753296709,0.30149633236162665,0.4610293423372098,0.6179775280898876,0.15308609958506225,0.0,0.0,0.0,0.0,0,0
-0.4330969805727136,295.0,45.0,-0.4330969805727136,-0.4330969805727136,0.95,0.4946321933322166,0.3199155498930954,0.45793237144610077,0.5921787709497207,0.16123154425359737,0.0,0.0,0.0,0.0,0,0
-0.43423771143302187,300.0,45.0,-0.43423771143302187,-0.43423771143302187,0.95,0.4853506177261871,0.3317537888816062,0.45363606848858185,0.5625,0.17132760107966719,0.0,0.0,0.0,0.0,0,0
-0.4657971952817711,305.0,45.0,-0.4657971952817711,-0.4657971952817711,0.95,0.5418996730192224,0.3423352295555402,0.464518300092901,0.5267605633802817,0.18266020150402137,0.0,0.0,0.0,0.0,0,0
-0.47030851692904996,310.0,45.0,-0.47030851692904996,-0.47030851692904996,0.95,0.5619898926050911,0.33274198753016704,0.5042657591000399,0.6373937677053825,0.1952509805113861,0.0,0.0,0.0,0.0,0,0
-0.4835072236273939,315.0,45.0,-0.4835072236273939,-0.4835072236273939,0.95,0.5900659855207405,0.32198346754692064,0.5440762137658339,0.6903409090909091,0.2085609327583453,0.0,0.0,0.0,0.0,0,0
-0.5063366000946051,320.0,45.0,-0.5063366000946051,-0.5063366000946051,0.95,0.6226624436382,0.31066305527133503,0.5843325261950564,0.6647727272727273,0.22340712742980562,0.0,0.0,0.0,0.0,0,0
-0.5284753768924847,325.0,45.0,-0.5284753768924847,-0.5284753768924847,0.95,0.6484791592470364,0.2968388424898134,0.6369672746526831,0.6436781609195402,0.23968952319633724,0.0,0.0,0.0,0.0,0,0
-0.5538382707256714,330.0,45.0,-0.5538382707256714,-0.5538382707256714,0.95,0.6784244217967348,0.28527935796295,0.6752764682467776,0.5767045454545454,0.2547176989803683,0.0,0.0,0.0,0.0,0,0
-0.5606819483486837,335.0,45.0,-0.5606819483486837,-0.5606819483486837,0.95,0.6971720440312223,0.26245700932591376,0.6976485395554649,0.5821325648414986,0.27209944751381215,0.0,0.0,0.0,0.0,0,0
-0.5679031152639568,340.0,45.0,-0.5679031152639568,-0.5679031152639568,0.95,0.7165881839842712,0.24000180733855578,0.7165881839842712,0.5787965616045845,0.2858134490238612,0.0,0.0,0.0,0.0,0,0
-0.5767794545777586,345.0,45.0,-0.5767794545777586,-0.5767794545777586,0.95,0.743128487094797,0.21681231205184215,0.7432160945721875,0.6047904191616766,0.29598034215772634,0.0,0.0,0.0,0.0,0,0
-0.5805862622665378,350.0,45.0,-0.5805862622665378,-0.5805862622665378,0.95,0.7546472275828076,0.1939899634148059,0.7556773562766876,0.5868945868945868,0.30057916952979286,0.0,0.0,0.0,0.0,0,0
-0.5734421950305211,355.0,45.0,-0.5734421950305211,-0.5734421950305211,0.95,0.7576542616259895,0.13757558804335365,0.7839463734771472,0.6,0.2897177317184412,0.0,0.0,0.0,0.0,0,0
-0.47361429207464145,0.0,50.0,-0.47361429207464145,-0.47361429207464145,0.95,0.6369672746526831,0.0977494618658249,0.6288689675120082,0.6282722513089005,0.30833851897946485,0.0,0.0,0.0,0.0,0,0
-0.4932583517308523,5.0,50.0,-0.4932583517308523,-0.4932583517308523,0.95,0.6785533041590701,0.11715749067797214,0.6236971230974184,0.6337662337662338,0.2981356728810904,0.0,0.0,0.0,0.0,0,0
-0.5248322142902335,10.0,50.0,-0.5248322142902335,-0.5248322142902335,0.95,0.716711469591848,0.1939899634148059,0.6131459969446259,0.6363636363636364,0.26301355949418515,0.0,0.0,0.0,0.0,0,0
-0.5500791801871925,15.0,50.0,-0.5500791801871925,-0.5500791801871925,0.95,0.7395254205543478,0.24036727672836689,0.6119419317552084,0.5880829015544041,0.23830366695846708,0.0,0.0,0.0,0.0,0,0
-0.5801651383696127,20.0,50.0,-0.5801651383696127,-0.5801651383696127,0.95,0.7694922374870592,0.2871900606307163,0.6283245795351062,0.5651041666666666,0.214495318831804,0.0,0.0,0.0,0.0,0,0
-0.6078616863185539,25.0,50.0,-0.6078616863185539,-0.6078616863185539,0.95,0.7850294386125019,0.3548789717205009,0.619990167794932,0.4986737400530504,0.18944801596098426,0.0,0.0,0.0,0.0,0,0
-0.643357837003057,30.0,50.0,-0.643357837003057,-0.643357837003057,0.95,0.8040690404580535,0.41272676413006254,0.650887886086949,0.44173441734417346,0.16698461147144855,0.0,0.0,0.0,0.0,0,0
-0.6832820810667504,35.0,50.0,-0.6832820810667504,-0.6832820810667504,0.95,0.8145910056849117,0.46069815963126376,0.662817525567127,0.23433242506811988,0.1488895204839823,0.0,0.0,0.0,0.0,0,0
-0.700889303459862,40.0,50.0,-0.700889303459862,-0.700889303459862,0.95,0.8211648386287655,0.46405895539214304,0.6584028782232009,0.08192090395480225,0.13077851773961133,0.0,0.0,0.0,0.0,0,0
-0.7010095498149986,45.0,50.0,-0.7010095498149986,-0.7010095498149986,0.95,0.8152804596512442,0.48528200595156945,0.6209372921205785,0.016574585635359115,0.11737936740757456,0.0,0.0,0.0,0.0,0,0
-0.7104236571740047,50.0,50.0,-0.7104236571740047,-0.7104236571740047,0.95,0.8009347906437804,0.5363251929703443,0.6508400628304573,0.06741573033707865,0.10872743220524815,0.0,0.0,0.0,0.0,0,0
-0.7295521046689436,55.0,50.0,-0.7295521046689436,-0.7295521046689436,0.95,0.8062114560292603,0.5842464496020129,0.6854802220599981,0.10364145658263306,0.10267410267410268,0.0,0.0,0.0,0.0,0,0
-0.7404778838233729,60.0,50.0,-0.7404778838233729,-0.7404778838233729,0.95,0.7892240510473686,0.6206819140621447,0.7252677969371724,0.116991643454039,0.09844341607067733,0.0,0.0,0.0,0.0,0,0
-0.7655483985185535,65.0,50.0,-0.7655483985185535,-0.7655483985185535,0.95,0.8093446983090518,0.6477840128611904,0.7687577838064954,0.12324929971988796,0.09798021719582209,0.0,0.0,0.0,0.0,0,0
-0.7684424533222742,70.0,50.0,-0.7684424533222742,-0.7684424533222742,0.95,0.7987093142831081,0.6666201396153951,0.805898708644563,0.19170984455958548,0.09912876449200796,0.0,0.0,0.0,0.0,0,0
-0.7722225028101026,75.0,50.0,-0.7722225028101026,-0.7722225028101026,0.95,0.8000047237023528,0.6538123820889888,0.8340034045609904,0.19733333333333333,0.10343529733798672,0.0,0.0,0.0,0.0,0,0
-0.7828110375731224,80.0,50.0,-0.7828110375731224,-0.7828110375731224,0.95,0.8217117104171014,0.6516541108717738,0.8444268995703297,0.1989389920424403,0.1139752510883351,0.0,0.0,0.0,0.0,0,0
-0.7886351560985695,85.0,50.0,-0.7886351560985695,-0.7886351560985695,0.95,0.8342711537212686,0.6538123820889884,0.844428427764872,0.19633507853403143,0.1250601415904873,0.0,0.0,0.0,0.0,0,0
-0.7920054763339079,90.0,50.0,-0.7920054763339079,-0.7920054763339079,0.95,0.8444268995703306,0.650090589839325,0.8454012477600052,0.19638242894056848,0.1379191270416796,0.0,0.0,0.0,0.0,0,0
-0.7892583319029051,95.0,50.0,-0.7892583319029051,-0.7892583319029051,0.95,0.8444268995703306,0.6388770782961904,0.8444268995703306,0.19338422391857507,0.1514824610244989,0.0,0.0,0.0,0.0,0,0
-0.7770137998658215,100.0,50.0,-0.7770137998658215,-0.7770137998658215,0.95,0.833015725251812,0.6197653342167384,0.833015725251812,0.19387755102040816,0.16769052550286095,0.0,0.0,0.0,0.0,0,0
-0.7553917820617586,105.0,50.0,-0.7553917820617586,-0.7553917820617586,0.95,0.8083853835805578,0.5939743053963195,0.8103183411015181,0.19035532994923857,0.1861450286568652,0.0,0.0,0.0,0.0,0,0
-0.7248177956372073,110.0,50.0,-0.7248177956372073,-0.7248177956372073,0.95,0.7873710279777404,0.5642733516315197,0.7759598536592218,0.2518891687657431,0.20722378581222486,0.0,0.0,0.0,0.0,0,0
-0.6914456112644529,115.0,50.0,-0.6914456112644529,-0.6914456112644529,0.95,0.7476968396024956,0.5380168602132089,0.741726330703667,0.2756892230576441,0.23020974910920913,0.0,0.0,0.0,0.0,0,0
-0.656188098046694,120.0,50.0,-0.656188098046694,-0.656188098046694,0.95,0.7181237108411197,0.5069460945765873,0.6848083602643974,0.29,0.25402758569132433,0.0,0.0,0.0,0.0,0,0
-0.6192606660654384,125.0,50.0,-0.6192606660654384,-0.6192606660654384,0.95,0.6877508154223749,0.46785814705923645,0.627674900184148,0.2972292191435768,0.27974239768310344,0.0,0.0,0.0,0.0,0,0
-0.5791454155082437,130.0,50.0,-0.5791454155082437,-0.5791454155082437,0.95,0.6640631640493175,0.4326308739198759,0.5668131341554942,0.3634085213032581,0.3054531340966427,0.0,0.0,0.0,0.0,0,0
-0.5356061519733901,135.0,50.0,-0.5356061519733901,-0.5356061519733901,0.95,0.6336976196509742,0.3984387228313258,0.49524382297390973,0.4129353233830846,0.3299209486166008,0.0,0.0,0.0,0.0,0,0
-0.48794244987549024,140.0,50.0,-0.48794244987549024,-0.48794244987549024,0.95,0.5974539587722683,0.35597948052454376,0.4273951570116135,0.4688279301745636,0.347968912747376,0.0,0.0,0.0,0.0,0,0
-0.42477811407253113,145.0,50.0,-0.42477811407253113,-0.42477811407253113,0.95,0.5586090004604147,0.318818609795539,0.3597867724905951,0.6831683168316832,0.36341216899130785,0.0,0.0,0.0,0.0,0,0
-0.3585768961986642,150.0,50.0,-0.3585768961986642,-0.3585768961986642,0.95,0.5020916700147913,0.25244484340892975,0.2967205581401157,0.7955112219451371,0.3725729141278739,0.0,0.0,0.0,0.0,0,0
-0.3009199190446574,155.0,50.0,-0.3009199190446574,-0.3009199190446574,0.95,0.4450357984222011,0.19398996341480412,0.23516392143439943,0.8438287153652393,0.37760903110533584,0.0,0.0,0.0,0.0,0,0
-0.2648002114727882,160.0,50.0,-0.2648002114727882,-0.2648002114727882,0.95,0.40355586083670353,0.1683439070029127,0.19905227332896303,0.8847117794486216,0.37735239479848154,0.0,0.0,0.0,0.0,0,0
-0.2377340074936507,165.0,50.0,-0.2377340074936507,-0.2377340074936507,0.95,0.38079580357818205,0.11411174318517947,0.19905227332896303,0.9287531806615776,0.3716835311927337,0.0,0.0,0.0,0.0,0,0
-0.22066318890689923,170.0,50.0,-0.22066318890689923,-0.22066318890689923,0.95,0.3691912221696847,0.06846704591110786,0.19905227332896303,0.9389312977099237,0.362102480367001,0.0,0.0,0.0,0.0,0,0
-0.22195060731377544,175.0,50.0,-0.22195060731377544,-0.22195060731377544,0.95,0.36481910024634834,0.07919980225032758,0.19905227332896303,0.9354005167958657,0.33447735581586213,0.0,0.0,0.0,0.0,0,0
-0.2288769250986555,180.0,50.0,-0.2288769250986555,-0.2288769250986555,0.95,0.3688531966307835,0.10270056886666179,0.19905227332896303,0.941025641025641,0.2901439254973896,0.0,0.0,0.0,0.0,0,0
-0.24749048981667496,185.0,50.0,-0.24749048981667496,-0.24749048981667496,0.95,0.3833402365344481,0.1483452661407334,0.20043726312445767,0.9304123711340206,0.25273365657916735,0.0,0.0,0.0,0.0,0,0
-0.2607961079225401,190.0,50.0,-0.2607961079225401,-0.2607961079225401,0.95,0.3827406126225046,0.17844836300142575,0.223485109111284,0.9278350515463918,0.2231334032611805,0.0,0.0,0.0,0.0,0,0
-0.2697684957996427,195.0,50.0,-0.2697684957996427,-0.2697684957996427,0.95,0.38289039050629015,0.18578212177369835,0.2511157854274728,0.9261213720316622,0.20238564967978875,0.0,0.0,0.0,0.0,0,0
-0.25914156252858267,200.0,50.0,-0.25914156252858267,-0.25914156252858267,0.95,0.35379771468539034,0.18578212177369835,0.2630275680418398,0.94579945799458,0.18486955004217445,0.0,0.0,0.0,0.0,0,0
-0.24578571610031683,205.0,50.0,-0.24578571610031683,-0.24578571610031683,0.95,0.31812433867257306,0.18578212177369835,0.2771886163939101,0.9720670391061452,0.17106925301069534,0.0,0.0,0.0,0.0,0,0
-0.25233992414547285,210.0,50.0,-0.25233992414547285,-0.25233992414547285,0.95,0.31812433867257267,0.19013827858866633,0.29692607722514214,0.9667590027700831,0.1613658642849363,0.0,0.0,0.0,0.0,0,0
-0.24702667492479088,215.0,50.0,-0.24702667492479088,-0.24702667492479088,0.95,0.30140143115495477,0.18595718209922282,0.30860779272376454,0.9717514124293786,0.15475434138077085,0.0,0.0,0.0,0.0,0,0
-0.2555768689602284,220.0,50.0,-0.2555768689602284,-0.2555768689602284,0.95,0.31066305527133525,0.19398996341480523,0.32008343963443,0.9720670391061452,0.14779727700988765,0.0,0.0,0.0,0.0,0,0
-0.26506050160463507,225.0,50.0,-0.26506050160463507,-0.26506050160463507,0.95,0.3206132697847056,0.20540113773332336,0.33174727747912597,0.9747191011235955,0.14262094928015465,0.0,0.0,0.0,0.0,0,0
-0.27036291000485096,230.0,50.0,-0.27036291000485096,-0.27036291000485096,0.95,0.33154848973103196,0.1962380428708505,0.3450974593620346,0.9759036144578314,0.13910491194621444,0.0,0.0,0.0,0.0,0,0
-0.2779358462518341,235.0,50.0,-0.2779358462518341,-0.2779358462518341,0.95,0.34233522955553886,0.198032770536531,0.35645043765813356,0.9761904761904762,0.13661419277946069,0.0,0.0,0.0,0.0,0,0
-0.29294578442121133,240.0,50.0,-0.29294578442121133,-0.29294578442121133,0.95,0.353746403874057,0.20076799225519412,0.3677836619939229,0.9069069069069069,0.13604886976307068,0.0,0.0,0.0,0.0,0,0
-0.306020220451168,245.0,50.0,-0.306020220451168,-0.306020220451168,0.95,0.35617415562223925,0.20540113773332314,0.37897860986866544,0.8254437869822485,0.13632326820603907,0.0,0.0,0.0,0.0,0,0
-0.31617452211064045,250.0,50.0,-0.31617452211064045,-0.31617452211064045,0.95,0.365615278043396,0.21843069002881255,0.38804351692459754,0.8169014084507042,0.13752193578684593,0.0,0.0,0.0,0.0,0,0
-0.32760219105959715,255.0,50.0,-0.32760219105959715,-0.32760219105959715,0.95,0.3738788430162765,0.2204243911012362,0.39400044653333227,0.7555555555555555,0.14023068682892803,0.0,0.0,0.0,0.0,0,0
-0.3345877869273396,260.0,50.0,-0.3345877869273396,-0.3345877869273396,0.95,0.37679649117471753,0.22822348637035983,0.4029552811901096,0.7392550143266475,0.14408380127414197,0.0,0.0,0.0,0.0,0,0
-0.3454576122875906,265.0,50.0,-0.3454576122875906,-0.3454576122875906,0.95,0.37680249772269464,0.2366962653863534,0.43464784822641084,0.7309941520467836,0.14944112693308834,0.0,0.0,0.0,0.0,0,0
-0.34717990736229243,270.0,50.0,-0.34717990736229243,-0.34717990736229243,0.95,0.37866726511339505,0.23733519934278002,0.4356902163295819,0.7254335260115607,0.1539696514578694,0.0,0.0,0.0,0.0,0,0
-0.3468612818118876,275.0,50.0,-0.3468612818118876,-0.3468612818118876,0.95,0.3768002452672027,0.2376728482358338,0.4387523517004712,0.7296511627906976,0.15924978237357884,0.0,0.0,0.0,0.0,0,0
-0.34893880686723916,280.0,50.0,-0.34893880686723916,-0.34893880686723916,0.95,0.377397809878853,0.24209159460239288,0.44052481147900335,0.7267441860465116,0.16463086526043907,0.0,0.0,0.0,0.0,0,0
-0.3506440224464215,285.0,50.0,-0.3506440224464215,-0.3506440224464215,0.95,0.37655008016918273,0.2503474851523779,0.44044615078122035,0.7267441860465116,0.17092272902763223,0.0,0.0,0.0,0.0,0,0
-0.35186908007852874,290.0,50.0,-0.35186908007852874,-0.35186908007852874,0.95,0.3810378980872117,0.26796072744675326,0.43560208236460457,0.764367816091954,0.1776073793220531,0.0,0.0,0.0,0.0,0,0
-0.3545029510787,295.0,50.0,-0.3545029510787,-0.3545029510787,0.95,0.390353653918422,0.28696076231769846,0.4327099795892978,0.8155619596541787,0.18630945424798412,0.0,0.0,0.0,0.0,0,0
-0.35974971157194063,300.0,50.0,-0.35974971157194063,-0.35974971157194063,0.95,0.40760586027800294,0.29683884248981396,0.42871895105256574,0.846820809248555,0.19653983425080152,0.0,0.0,0.0,0.0,0,0
-0.373852891615737,305.0,50.0,-0.373852891615737,-0.373852891615737,0.95,0.42523420791129307,0.30995287908738517,0.4225258151826101,0.7936046511627907,0.20833726303876263,0.0,0.0,0.0,0.0,0,0
-0.3892146891227561,310.0,50.0,-0.3892146891227561,-0.3892146891227561,0.95,0.44614665875923126,0.3076450924076576,0.4336246241036843,0.7456140350877193,0.22054341057323587,0.0,0.0,0.0,0.0,0,0
-0.41018217991208217,315.0,50.0,-0.41018217991208217,-0.41018217991208217,0.95,0.47810187493230016,0.2966905322814668,0.4644553044342459,0.7134502923976608,0.23409800089154065,0.0,0.0,0.0,0.0,0,0
-0.4273071569360002,320.0,50.0,-0.4273071569360002,-0.4273071569360002,0.95,0.5036244022270776,0.28604954327342225,0.4922338420768448,0.6871345029239766,0.2474742027109625,0.0,0.0,0.0,0.0,0,0
-0.448304407702814,325.0,50.0,-0.448304407702814,-0.448304407702814,0.95,0.532540535205029,0.276746552486924,0.5256307117922039,0.6530612244897959,0.26209952283571913,0.0,0.0,0.0,0.0,0,0
-0.46532351465876937,330.0,50.0,-0.46532351465876937,-0.46532351465876937,0.95,0.5534840620563571,0.26245700932591376,0.5499972438965434,0.5918367346938775,0.2777866688005121,0.0,0.0,0.0,0.0,0,0
-0.4723573431191592,335.0,50.0,-0.4723573431191592,-0.4723573431191592,0.95,0.5715584657977311,0.24291900482294604,0.571323180758824,0.5982658959537572,0.2931370060082931,0.0,0.0,0.0,0.0,0,0
-0.4856207839351018,340.0,50.0,-0.4856207839351018,-0.4856207839351018,0.95,0.5971568199868926,0.22822348637035983,0.5971568199868893,0.5958702064896755,0.30857937718747197,0.0,0.0,0.0,0.0,0,0
-0.49022174642584937,345.0,50.0,-0.49022174642584937,-0.49022174642584937,0.95,0.6104269715421573,0.21214895271704423,0.6104269715421573,0.5959302325581395,0.321450668697349,0.0,0.0,0.0,0.0,0,0
-0.49105109701632627,350.0,50.0,-0.49105109701632627,-0.49105109701632627,0.95,0.622539735409588,0.18306040300995233,0.6236971230974184,0.5965417867435159,0.3266596942078789,0.0,0.0,0.0,0.0,0,0
-0.48302452637547644,355.0,50.0,-0.48302452637547644,-0.48302452637547644,0.95,0.6237336563759156,0.14527184653500697,0.6340501488784279,0.6129943502824858,0.318824252355592,0.0,0.0,0.0,0.0,0,0
-0.4174081590998626,0.0,55.0,-0.4174081590998626,-0.4174081590998626,0.95,0.5735560942318971,0.09565358743923152,0.5175359106553081,0.6531165311653117,0.30553287055941203,0.0,0.0,0.0,0.0,0,0
-0.42711734873848095,5.0,55.0,-0.42711734873848095,-0.42711734873848095,0.95,0.600426842049462,0.09224885082897466,0.5147375968458099,0.648,0.29495664665743165,0.0,0.0,0.0,0.0,0,0
-0.4468894824257157,10.0,55.0,-0.4468894824257157,-0.4468894824257157,0.95,0.6264865860810191,0.1394823759203068,0.5042722139421075,0.6464379947229552,0.27179746835443036,0.0,0.0,0.0,0.0,0,0
-0.4624072537634525,15.0,55.0,-0.4624072537634525,-0.4624072537634525,0.95,0.6468994924738399,0.17168124321256223,0.5039165414427854,0.6525198938992043,0.246100264887668,0.0,0.0,0.0,0.0,0,0
-0.48499750325532137,20.0,55.0,-0.48499750325532137,-0.48499750325532137,0.95,0.6712496678793911,0.2261519317370293,0.4827705498500053,0.6073298429319371,0.22727272727272727,0.0,0.0,0.0,0.0,0,0
-0.5045433946555696,25.0,55.0,-0.5045433946555696,-0.5045433946555696,0.95,0.6876698318309689,0.2821220549017813,0.46258391650228725,0.5670103092783505,0.20774293811134473,0.0,0.0,0.0,0.0,0,0
-0.5304544249385028,30.0,55.0,-0.5304544249385028,-0.5304544249385028,0.95,0.6998015637164124,0.34186512871387953,0.46235340242720524,0.5052083333333334,0.1904153636083337,0.0,0.0,0.0,0.0,0,0
-0.5351517254261148,35.0,55.0,-0.5351517254261148,-0.5351517254261148,0.95,0.7047308944932302,0.3565173549143209,0.4533951156009697,0.4921875,0.17678426688281218,0.0,0.0,0.0,0.0,0,0
-0.5660718270573728,40.0,55.0,-0.5660718270573728,-0.5660718270573728,0.95,0.7140617839995025,0.36515757819257466,0.5294308756377124,0.432,0.16539514055891866,0.0,0.0,0.0,0.0,0,0
-0.5821840599057534,45.0,55.0,-0.5821840599057534,-0.5821840599057534,0.95,0.7059988090577659,0.38489416021881745,0.5288328443282162,0.2864721485411141,0.15700707785642062,0.0,0.0,0.0,0.0,0,0
-0.5950692338482517,50.0,55.0,-0.5950692338482517,-0.5950692338482517,0.95,0.6975007994596281,0.41536399698663784,0.5218339112816875,0.18230563002680966,0.14934166304218893,0.0,0.0,0.0,0.0,0,0
-0.6153550368440108,55.0,55.0,-0.6153550368440108,-0.6153550368440108,0.95,0.7015487012430062,0.45644697274071966,0.5373339623239332,0.13709677419354838,0.1433207138994051,0.0,0.0,0.0,0.0,0,0
-0.626275045707106,60.0,55.0,-0.626275045707106,-0.626275045707106,0.95,0.6976956116766173,0.48583800964589297,0.5591475416073814,0.14049586776859505,0.14181832026193558,0.0,0.0,0.0,0.0,0,0
-0.6336713457051645,65.0,55.0,-0.6336713457051645,-0.6336713457051645,0.95,0.678180772457147,0.508365551843386,0.6047922388814531,0.1589041095890411,0.1407156308851224,0.0,0.0,0.0,0.0,0,0
-0.6352546118518255,70.0,55.0,-0.6352546118518255,-0.6352546118518255,0.95,0.666906192284348,0.5249140186518266,0.629894416113642,0.2020997375328084,0.14429442345812918,0.0,0.0,0.0,0.0,0,0
-0.6371414496323268,75.0,55.0,-0.6371414496323268,-0.6371414496323268,0.95,0.6521351009487962,0.5355417163997496,0.6504369361555247,0.20207253886010362,0.15158413255215136,0.0,0.0,0.0,0.0,0,0
-0.6362019406208408,80.0,55.0,-0.6362019406208408,-0.6362019406208408,0.95,0.6437410694415103,0.5363251929703443,0.6587051917399357,0.20052083333333334,0.1591121059503824,0.0,0.0,0.0,0.0,0,0
-0.6409602895358267,85.0,55.0,-0.6409602895358267,-0.6409602895358267,0.95,0.6552920700864414,0.5363251929703443,0.6613108638315714,0.20565552699228792,0.16961249579612123,0.0,0.0,0.0,0.0,0,0
-0.6418337978074004,90.0,55.0,-0.6418337978074004,-0.6418337978074004,0.95,0.661945538066987,0.5273998608740211,0.6618481104740424,0.20256410256410257,0.18335461578907836,0.0,0.0,0.0,0.0,0,0
-0.6400121436199381,95.0,55.0,-0.6400121436199381,-0.6400121436199381,0.95,0.6618481104740424,0.5243618732951293,0.6571368491080891,0.2010178117048346,0.1960939860985192,0.0,0.0,0.0,0.0,0,0
-0.6290897197534467,100.0,55.0,-0.6290897197534467,-0.6290897197534467,0.95,0.6504369361555238,0.5064567781713786,0.6504369361555238,0.20308483290488433,0.20855655610015578,0.0,0.0,0.0,0.0,0,0
-0.6166990397460342,105.0,55.0,-0.6166990397460342,-0.6166990397460342,0.95,0.639025761837007,0.4930899248473898,0.6345555036294127,0.20822622107969152,0.22628045271436792,0.0,0.0,0.0,0.0,0,0
-0.5870611430846551,110.0,55.0,-0.5870611430846551,-0.5870611430846551,0.95,0.6162034131999707,0.47253959498352566,0.6047922388814522,0.2875318066157761,0.2453511394075857,0.0,0.0,0.0,0.0,0,0
-0.5579655699682646,115.0,55.0,-0.5579655699682646,-0.5579655699682646,0.95,0.5860191177293239,0.44819015231716225,0.5814104959319806,0.3384223918575064,0.265426515121721,0.0,0.0,0.0,0.0,0,0
-0.5359412197258439,120.0,55.0,-0.5359412197258439,-0.5359412197258439,0.95,0.5849610781146795,0.42221344978516484,0.5356137041347235,0.375,0.2865520405313759,0.0,0.0,0.0,0.0,0,0
-0.501071257117486,125.0,55.0,-0.501071257117486,-0.501071257117486,0.95,0.5504531238332022,0.39707048107484555,0.490956554338117,0.41116751269035534,0.3079505014558395,0.0,0.0,0.0,0.0,0,0
-0.4673061471071824,130.0,55.0,-0.4673061471071824,-0.4673061471071824,0.95,0.5237260390673291,0.36515757819257466,0.44354124516432597,0.44358974358974357,0.325588054816936,0.0,0.0,0.0,0.0,0,0
-0.4268611361844261,135.0,55.0,-0.4268611361844261,-0.4268611361844261,0.95,0.5029385520912835,0.3392527304804072,0.3879799268296109,0.5612244897959183,0.34185739072957116,0.0,0.0,0.0,0.0,0,0
-0.3685580467457993,140.0,55.0,-0.3685580467457993,-0.3685580467457993,0.95,0.4802949838330407,0.296182040783268,0.32632944110259704,0.7918781725888325,0.35755680633729414,0.0,0.0,0.0,0.0,0,0
-0.3237091803304321,145.0,55.0,-0.3237091803304321,-0.3237091803304321,0.95,0.44286668346337277,0.24000180733855578,0.2780548362178576,0.8295165394402035,0.36920432631843714,0.0,0.0,0.0,0.0,0,0
-0.27923526114635533,150.0,55.0,-0.27923526114635533,-0.27923526114635533,0.95,0.4002879326942175,0.193989963414805,0.23378572564743305,0.8782383419689119,0.37778526599553514,0.0,0.0,0.0,0.0,0,0
-0.24032219025988347,155.0,55.0,-0.24032219025988347,-0.24032219025988347,0.95,0.36649903280210655,0.15294170780890015,0.19015372895239135,0.9205128205128205,0.38452124741528465,0.0,0.0,0.0,0.0,0,0
-0.21320520864317266,160.0,55.0,-0.21320520864317266,-0.21320520864317266,0.95,0.3375271475189975,0.13398479088922352,0.16126683445719495,0.9561855670103093,0.3850444556282503,0.0,0.0,0.0,0.0,0,0
-0.20377740341543654,165.0,55.0,-0.20377740341543654,-0.20377740341543654,0.95,0.33505744663915493,0.09128939454814322,0.17218426304017778,0.961139896373057,0.3822859273375036,0.0,0.0,0.0,0.0,0,0
-0.19450014701981844,170.0,55.0,-0.19450014701981844,-0.19450014701981844,0.95,0.33325352531441865,0.06174660297095576,0.16646803372441907,0.9585492227979274,0.37434173215587785,0.0,0.0,0.0,0.0,0,0
-0.19440427156402654,175.0,55.0,-0.19440427156402654,-0.19440427156402654,0.95,0.32844022471785655,0.07179859568629385,0.16565444515736738,0.9633507853403142,0.3446866485013624,0.0,0.0,0.0,0.0,0,0
-0.20435275659454144,180.0,55.0,-0.20435275659454144,-0.20435275659454144,0.95,0.3290829318427642,0.10270056886666179,0.17251197021843367,0.9608355091383812,0.3041803976746769,0.0,0.0,0.0,0.0,0,0
-0.2175217731656535,185.0,55.0,-0.2175217731656535,-0.2175217731656535,0.95,0.33430270918986205,0.13693409182221572,0.18260286979197143,0.9608355091383812,0.27103101543690694,0.0,0.0,0.0,0.0,0,0
-0.23192879544040557,190.0,55.0,-0.23192879544040557,-0.23192879544040557,0.95,0.33766256740626555,0.159241818663169,0.2123821206837846,0.9604221635883905,0.2474086661002549,0.0,0.0,0.0,0.0,0,0
-0.2331698062130532,195.0,55.0,-0.2331698062130532,-0.2331698062130532,0.95,0.3243017703505228,0.15965015411981662,0.24020521940480352,0.9651474530831099,0.23060556464811785,0.0,0.0,0.0,0.0,0,0
-0.23235274745236,200.0,55.0,-0.23235274745236,-0.23235274745236,0.95,0.31218551603282857,0.16835301905237676,0.2516163937233221,0.9751381215469613,0.21546909022058128,0.0,0.0,0.0,0.0,0,0
-0.22653480453619826,205.0,55.0,-0.22653480453619826,-0.22653480453619826,0.95,0.28862055888543,0.1697557608903415,0.2643632903104908,0.9744318181818182,0.2010615905555047,0.0,0.0,0.0,0.0,0,0
-0.2294072902237087,210.0,55.0,-0.2294072902237087,-0.2294072902237087,0.95,0.2838133980359296,0.17116761477777054,0.2821036990031667,0.9743589743589743,0.18869433828104168,0.0,0.0,0.0,0.0,0,0
-0.23318940443693942,215.0,55.0,-0.23318940443693942,-0.23318940443693942,0.95,0.28419191185060055,0.1714244289951655,0.296340415505917,0.9742857142857143,0.18065561438532535,0.0,0.0,0.0,0.0,0,0
-0.23816345305922074,220.0,55.0,-0.23816345305922074,-0.23816345305922074,0.95,0.2901755724325327,0.17168124321256206,0.30736220706812845,0.9766763848396501,0.17511769043162612,0.0,0.0,0.0,0.0,0,0
-0.24621657045233586,225.0,55.0,-0.24621657045233586,-0.24621657045233586,0.95,0.2993495352362474,0.18356536365758977,0.31303933619236246,0.9767441860465116,0.1711772098868873,0.0,0.0,0.0,0.0,0,0
-0.2563271007084211,230.0,55.0,-0.2563271007084211,-0.2563271007084211,0.95,0.3104500024161502,0.1950291664352062,0.3242569069512425,0.9767441860465116,0.16777486549868947,0.0,0.0,0.0,0.0,0,0
-0.2616518204520703,235.0,55.0,-0.2616518204520703,-0.2616518204520703,0.95,0.3206132697847053,0.19013827858866633,0.3337613277950895,0.9756838905775076,0.16538891768750172,0.0,0.0,0.0,0.0,0,0
-0.2643566303855455,240.0,55.0,-0.2643566303855455,-0.2643566303855455,0.95,0.3238920064305956,0.18686863441616822,0.3437679857055625,0.9785932721712538,0.16428862617203424,0.0,0.0,0.0,0.0,0,0
-0.27057318444743456,245.0,55.0,-0.27057318444743456,-0.27057318444743456,0.95,0.3309240552370216,0.19251942867384017,0.3517841824387911,0.9787234042553191,0.16426458214586218,0.0,0.0,0.0,0.0,0,0
-0.274279556448796,250.0,55.0,-0.274279556448796,-0.274279556448796,0.95,0.33331006980769795,0.19426126038240038,0.3602854914016263,0.9768115942028985,0.16576404953054838,0.0,0.0,0.0,0.0,0,0
-0.2790416222979842,255.0,55.0,-0.2790416222979842,-0.2790416222979842,0.95,0.3423352295555384,0.19489351795140958,0.3653494694487417,0.97953216374269,0.16832361076876728,0.0,0.0,0.0,0.0,0,0
-0.28143707074138724,260.0,55.0,-0.28143707074138724,-0.28143707074138724,0.95,0.3430544248722087,0.19946420975825424,0.36937407077565754,0.9799426934097422,0.171882775781034,0.0,0.0,0.0,0.0,0,0
-0.28808351648361363,265.0,55.0,-0.28808351648361363,-0.28808351648361363,0.95,0.3426308402369537,0.20582935724634474,0.39006007019133676,0.9794117647058823,0.1772031455517309,0.0,0.0,0.0,0.0,0,0
-0.2917664424643165,270.0,55.0,-0.2917664424643165,-0.2917664424643165,0.95,0.3433624864251226,0.21400589235968925,0.3919839927846318,0.9707602339181286,0.18150092211661228,0.0,0.0,0.0,0.0,0,0
-0.29281308747354884,275.0,55.0,-0.29281308747354884,-0.29281308747354884,0.95,0.3433624864251215,0.2150833677864509,0.3962318190768169,0.9736070381231672,0.18575298253702957,0.0,0.0,0.0,0.0,0,0
-0.30101342353772614,280.0,55.0,-0.30101342353772614,-0.30101342353772614,0.95,0.34282337870752344,0.22113866449098632,0.422457325220418,0.9701492537313433,0.19078232790253927,0.0,0.0,0.0,0.0,0,0
-0.2858983257793099,285.0,55.0,-0.2858983257793099,-0.2858983257793099,0.95,0.3408188733045858,0.2121489527170438,0.37685879079401785,0.9768115942028985,0.19672082009471853,0.0,0.0,0.0,0.0,0,0
-0.29657278458027125,290.0,55.0,-0.29657278458027125,-0.29657278458027125,0.95,0.3374119719033488,0.23043870754387386,0.3996190067260051,0.9590643274853801,0.20385962755823245,0.0,0.0,0.0,0.0,0,0
-0.3017535239733943,295.0,55.0,-0.3017535239733943,-0.3017535239733943,0.95,0.340185821575572,0.24558252239987627,0.3994351439285378,0.9557522123893806,0.21237791193855296,0.0,0.0,0.0,0.0,0,0
-0.3089100403138396,300.0,55.0,-0.3089100403138396,-0.3089100403138396,0.95,0.3500353248615248,0.2631262580872491,0.39128091280143446,0.9470588235294117,0.22185290188027504,0.0,0.0,0.0,0.0,0,0
-0.3225114637429426,305.0,55.0,-0.3225114637429426,-0.3225114637429426,0.95,0.36204552142732116,0.2786731826605511,0.40242624752305445,0.9258160237388724,0.23378200586985123,0.0,0.0,0.0,0.0,0,0
-0.32832260984824496,310.0,55.0,-0.32832260984824496,-0.32832260984824496,0.95,0.37120407457052407,0.28127953940758854,0.3995301638050828,0.9036144578313253,0.245602971060192,0.0,0.0,0.0,0.0,0,0
-0.3479347333005529,315.0,55.0,-0.3479347333005529,-0.3479347333005529,0.95,0.3921938167559368,0.273868183644431,0.39335465472432973,0.7574850299401198,0.257003387854723,0.0,0.0,0.0,0.0,0,0
-0.3630183146337661,320.0,55.0,-0.3630183146337661,-0.3630183146337661,0.95,0.41327974587408944,0.26777085819987523,0.41115004503188407,0.7202380952380952,0.2702928552436662,0.0,0.0,0.0,0.0,0,0
-0.3734983875976755,325.0,55.0,-0.3734983875976755,-0.3734983875976755,0.95,0.43209232636315903,0.25680245001992785,0.42607593632925456,0.7005813953488372,0.28466892026247764,0.0,0.0,0.0,0.0,0,0
-0.38826833893491697,330.0,55.0,-0.38826833893491697,-0.38826833893491697,0.95,0.45132943298411243,0.24291900482294532,0.45118515287898475,0.6578947368421053,0.2983874328097004,0.0,0.0,0.0,0.0,0,0
-0.40340553874687307,335.0,55.0,-0.40340553874687307,-0.40340553874687307,0.95,0.4734220684259764,0.22902511623371152,0.46947467044868896,0.6058823529411764,0.3139213881950835,0.0,0.0,0.0,0.0,0,0
-0.4118796346817724,340.0,55.0,-0.4118796346817724,-0.4118796346817724,0.95,0.4909956075447788,0.21681231205184126,0.4909956075447788,0.6147058823529412,0.3269629288510246,0.0,0.0,0.0,0.0,0,0
-0.41699104652571894,345.0,55.0,-0.41699104652571894,-0.41699104652571894,0.95,0.5042657591000435,0.201121000053382,0.5042657591000435,0.6106194690265486,0.336322869955157,0.0,0.0,0.0,0.0,0,0
-0.41756225791070845,350.0,55.0,-0.41756225791070845,-0.41756225791070845,0.95,0.5175359106553081,0.1729871189589051,0.51473759684581,0.6138328530259366,0.330848737825482,0.0,0.0,0.0,0.0,0,0
-0.4144771723495232,355.0,55.0,-0.4144771723495232,-0.4144771723495232,0.95,0.535412484647485,0.13693409182221483,0.5175359106553081,0.6330532212885154,0.32024950555301995,0.0,0.0,0.0,0.0,0,0
-0.3693597456493578,0.0,60.0,-0.3693597456493578,-0.3693597456493578,0.95,0.5131487473809865,0.09959229818446635,0.4191742800012358,0.6559139784946236,0.3012246938265434,0.0,0.0,0.0,0.0,0,0
-0.36905555718079475,5.0,60.0,-0.36905555718079475,-0.36905555718079475,0.95,0.5311730814450387,0.07008658628282946,0.42400064761215833,0.6693548387096774,0.2932904781036561,0.0,0.0,0.0,0.0,0,0
-0.3794761090842458,10.0,60.0,-0.3794761090842458,-0.3794761090842458,0.95,0.5513519279802571,0.09026924872209727,0.41285178199085953,0.6684491978609626,0.2788567424166583,0.0,0.0,0.0,0.0,0,0
-0.39671263812665136,15.0,60.0,-0.39671263812665136,-0.39671263812665136,0.95,0.5732119916306432,0.14001412994461077,0.3981045466579262,0.6710182767624021,0.25916449343108794,0.0,0.0,0.0,0.0,0,0
-0.40550954387679183,20.0,60.0,-0.40550954387679183,-0.40550954387679183,0.95,0.5859145298978297,0.17326238346771786,0.38483439510266493,0.6838046272493573,0.24278511404561826,0.0,0.0,0.0,0.0,0,0
-0.41959839954416944,25.0,60.0,-0.41959839954416944,-0.41959839954416944,0.95,0.5983557672921316,0.21681231205184126,0.37156424354740025,0.6683804627249358,0.23087027914614122,0.0,0.0,0.0,0.0,0,0
-0.4348176076567678,30.0,60.0,-0.4348176076567678,-0.4348176076567678,0.95,0.6099165762376124,0.2559429979584936,0.38390070126431386,0.6910994764397905,0.2195692025664528,0.0,0.0,0.0,0.0,0,0
-0.4382767375601242,35.0,60.0,-0.4382767375601242,-0.4382767375601242,0.95,0.6136424876370469,0.27770986757373706,0.3733618485614742,0.6994818652849741,0.20813568423878995,0.0,0.0,0.0,0.0,0,0
-0.4481158504568356,40.0,60.0,-0.4481158504568356,-0.4481158504568356,0.95,0.6192828833482786,0.2786731826605511,0.3903116111145855,0.6684350132625995,0.20023644802522111,0.0,0.0,0.0,0.0,0,0
-0.4686327312791634,45.0,60.0,-0.4686327312791634,-0.4686327312791634,0.95,0.6183298229706033,0.2966905322814659,0.44442665457684594,0.6397849462365591,0.19407711730217828,0.0,0.0,0.0,0.0,0,0
-0.4738932388794791,50.0,60.0,-0.4738932388794791,-0.4738932388794791,0.95,0.6112524875555632,0.31951288091850305,0.44238041883483664,0.6108108108108108,0.18780723499012647,0.0,0.0,0.0,0.0,0,0
-0.4848923929511403,55.0,60.0,-0.4848923929511403,-0.4848923929511403,0.95,0.6045634953348571,0.3423352295555393,0.4461489659294666,0.5405405405405406,0.18578781338203554,0.0,0.0,0.0,0.0,0,0
-0.5078204966777,60.0,60.0,-0.5078204966777,-0.5078204966777,0.95,0.6062497362863206,0.3652781006944471,0.44224086709802496,0.3655913978494624,0.18630913272010513,0.0,0.0,0.0,0.0,0,0
-0.5274409808869434,65.0,60.0,-0.5274409808869434,-0.5274409808869434,0.95,0.5976408520212141,0.397091587573111,0.45644697274071966,0.25,0.18842349493222615,0.0,0.0,0.0,0.0,0,0
-0.5286692131028273,70.0,60.0,-0.5286692131028273,-0.5286692131028273,0.95,0.5852008474510003,0.40290296900508255,0.4792693213777559,0.2595419847328244,0.19162185111803,0.0,0.0,0.0,0.0,0,0
-0.5309447113689559,75.0,60.0,-0.5309447113689559,-0.5309447113689559,0.95,0.5706564479489186,0.4161261017841424,0.49409481276021333,0.24873096446700507,0.19804410817772053,0.0,0.0,0.0,0.0,0,0
-0.5282787702689156,80.0,60.0,-0.5282787702689156,-0.5282787702689156,0.95,0.5503734301021908,0.4230467880373147,0.5020916700147913,0.23155216284987276,0.20517359295168364,0.0,0.0,0.0,0.0,0,0
-0.5211195883449792,85.0,60.0,-0.5211195883449792,-0.5211195883449792,0.95,0.5321656764006867,0.424086158086052,0.5020916700147913,0.23291139240506328,0.21466833138668492,0.0,0.0,0.0,0.0,0,0
-0.511126953396698,90.0,60.0,-0.511126953396698,-0.511126953396698,0.95,0.5115077577855702,0.42221344978516484,0.5020916700147913,0.24552429667519182,0.22705782519093223,0.0,0.0,0.0,0.0,0,0
-0.5037095405484823,95.0,60.0,-0.5037095405484823,-0.5037095405484823,0.95,0.5020916700147913,0.4161261017841432,0.49740620471265035,0.25510204081632654,0.2381434941224159,0.0,0.0,0.0,0.0,0,0
-0.49416197503870507,100.0,60.0,-0.49416197503870507,-0.49416197503870507,0.95,0.4906804956962736,0.41080227546664627,0.4906804956962736,0.2748091603053435,0.24933848972114797,0.0,0.0,0.0,0.0,0,0
-0.47908952363628177,105.0,60.0,-0.47908952363628177,-0.47908952363628177,0.95,0.4797466120223371,0.3993911011481277,0.479269321377755,0.3247422680412371,0.2621259874749294,0.0,0.0,0.0,0.0,0,0
-0.4595599639027166,110.0,60.0,-0.4595599639027166,-0.4595599639027166,0.95,0.46822297735917284,0.3816157109322047,0.45644697274071966,0.37244897959183676,0.2775550688101831,0.0,0.0,0.0,0.0,0,0
-0.4465914290739755,115.0,60.0,-0.4465914290739755,-0.4465914290739755,0.95,0.469020866733238,0.36515757819257466,0.4336246241036834,0.4071246819338422,0.29346921797004993,0.0,0.0,0.0,0.0,0,0
-0.41581085426916675,120.0,60.0,-0.41581085426916675,-0.41581085426916675,0.95,0.4678428022155163,0.34036777100263726,0.3993911011481295,0.5626598465473146,0.30860359603427995,0.0,0.0,0.0,0.0,0,0
-0.3787486477027747,125.0,60.0,-0.3787486477027747,-0.3787486477027747,0.95,0.4519768067236548,0.31516517045402687,0.36515757819257466,0.7212276214833759,0.3240827048555207,0.0,0.0,0.0,0.0,0,0
-0.338309179031743,130.0,60.0,-0.338309179031743,-0.338309179031743,0.95,0.4216369244344087,0.2858379116918037,0.3309240552370216,0.845360824742268,0.3379572324896496,0.0,0.0,0.0,0.0,0,0
-0.30935185813312854,135.0,60.0,-0.30935185813312854,-0.30935185813312854,0.95,0.4028819021980123,0.25659610681254486,0.2865878791023744,0.875968992248062,0.3511319214742901,0.0,0.0,0.0,0.0,0,0
-0.28523032912179774,140.0,60.0,-0.28523032912179774,-0.28523032912179774,0.95,0.39127453529268125,0.22025286688672352,0.2543191156127976,0.8992248062015504,0.36025193046029075,0.0,0.0,0.0,0.0,0,0
-0.25595884433173427,145.0,60.0,-0.25595884433173427,-0.25595884433173427,0.95,0.37585347256729534,0.18257878909628733,0.2072379708984874,0.9183673469387755,0.36948888021849396,0.0,0.0,0.0,0.0,0,0
-0.225859385120025,150.0,60.0,-0.225859385120025,-0.225859385120025,0.95,0.35346025749674714,0.14406448585483417,0.17127254006636797,0.9435897435897436,0.37564508434884425,0.0,0.0,0.0,0.0,0,0
-0.2002653190881227,155.0,60.0,-0.2002653190881227,-0.2002653190881227,0.95,0.32380437355143615,0.12552291750369715,0.14716858481688144,0.974293059125964,0.3804333722589853,0.0,0.0,0.0,0.0,0,0
-0.184033164055799,160.0,60.0,-0.184033164055799,-0.184033164055799,0.95,0.3038142412809261,0.10270056886666179,0.1369396909174421,0.974025974025974,0.38410539004649563,0.0,0.0,0.0,0.0,0,0
-0.17364800504193736,165.0,60.0,-0.17364800504193736,-0.17364800504193736,0.95,0.29878747886217905,0.06846704591110697,0.13778223172754167,0.974293059125964,0.3875624652970572,0.0,0.0,0.0,0.0,0,0
-0.17272628011037083,170.0,60.0,-0.17272628011037083,-0.17272628011037083,0.95,0.2976467438570349,0.06846704591110697,0.13778223172754167,0.9789473684210527,0.37412558294470355,0.0,0.0,0.0,0.0,0,0
-0.17727672607167394,175.0,60.0,-0.17727672607167394,-0.17727672607167394,0.95,0.2960674658319538,0.07987822022962465,0.14597166710790788,0.9761273209549072,0.3464459356290433,0.0,0.0,0.0,0.0,0,0
-0.18054864379337743,180.0,60.0,-0.18054864379337743,-0.18054864379337743,0.95,0.2925890913879108,0.09959229818446706,0.14597166710790788,0.9787798408488063,0.31529339050488664,0.0,0.0,0.0,0.0,0,0
-0.19715751234569148,185.0,60.0,-0.19715751234569148,-0.19715751234569148,0.95,0.30295846067280663,0.12424083386802731,0.17116761477777054,0.9787798408488063,0.2879386128287268,0.0,0.0,0.0,0.0,0,0
-0.21113385404819235,190.0,60.0,-0.21113385404819235,-0.21113385404819235,0.95,0.3098891770820036,0.1327015155526432,0.20540113773332358,0.9734748010610079,0.2677973425515826,0.0,0.0,0.0,0.0,0,0
-0.20993623024745572,195.0,60.0,-0.20993623024745572,-0.20993623024745572,0.95,0.2895555230453637,0.1375755880433533,0.230255159146664,0.9784366576819407,0.25370577541602574,0.0,0.0,0.0,0.0,0,0
-0.2113163751321445,200.0,60.0,-0.2113163751321445,-0.2113163751321445,0.95,0.27781255559000806,0.14597166710790788,0.24588009545158754,0.9777158774373259,0.2445365870237569,0.0,0.0,0.0,0.0,0,0
-0.2166544333212908,205.0,60.0,-0.2166544333212908,-0.2166544333212908,0.95,0.28252362904031103,0.1483452661407334,0.25703925838108166,0.9770114942528736,0.2333928217330954,0.0,0.0,0.0,0.0,0,0
-0.22085863669188055,210.0,60.0,-0.22085863669188055,-0.22085863669188055,0.95,0.2833801878494572,0.15483395121666177,0.2659437400784342,0.976878612716763,0.2205522657054583,0.0,0.0,0.0,0.0,0,0
-0.222505373943892,215.0,60.0,-0.222505373943892,-0.222505373943892,0.95,0.2787913224472763,0.15975644045925197,0.27475941137707516,0.976401179941003,0.21090233846347528,0.0,0.0,0.0,0.0,0,0
-0.22547156785788203,220.0,60.0,-0.22547156785788203,-0.22547156785788203,0.95,0.2792925934921991,0.15975644045925197,0.28584991667887516,0.9764705882352941,0.20338198537353042,0.0,0.0,0.0,0.0,0,0
-0.23331578809733333,225.0,60.0,-0.23331578809733333,-0.23331578809733333,0.95,0.28552158487232215,0.16975576089034183,0.29726109099739373,0.9764705882352941,0.19960396039603961,0.0,0.0,0.0,0.0,0,0
-0.23875481376336288,230.0,60.0,-0.23875481376336288,-0.23875481376336288,0.95,0.29017557243253217,0.17501766243076158,0.3074610897099894,0.9793510324483776,0.19667832167832167,0.0,0.0,0.0,0.0,0,0
-0.24602986824906298,235.0,60.0,-0.24602986824906298,-0.24602986824906298,0.95,0.29965731962405345,0.18522317193212356,0.31116056599700387,0.9792899408284024,0.19560077809367052,0.0,0.0,0.0,0.0,0,0
-0.24901528020582092,240.0,60.0,-0.24901528020582092,-0.24901528020582092,0.95,0.3014014311549546,0.1847237117562282,0.320345119219128,0.978125,0.1949059023531868,0.0,0.0,0.0,0.0,0,0
-0.2536562359457309,245.0,60.0,-0.2536562359457309,-0.2536562359457309,0.95,0.30729118944973416,0.1847237117562282,0.3294853289071207,0.978125,0.19484155349058851,0.0,0.0,0.0,0.0,0,0
-0.25347648015835167,250.0,60.0,-0.25347648015835167,-0.25347648015835167,0.95,0.3092427029034348,0.17920910441578114,0.3316489045514808,0.9793510324483776,0.19588489637691964,0.0,0.0,0.0,0.0,0,0
-0.25755599669446255,255.0,60.0,-0.25755599669446255,-0.25755599669446255,0.95,0.3117620939698756,0.18249866081745553,0.34067068149094654,0.9794117647058823,0.198339925686204,0.0,0.0,0.0,0.0,0,0
-0.25765324009595086,260.0,60.0,-0.25765324009595086,-0.25765324009595086,0.95,0.3107156950637921,0.18257878909628822,0.34265376506780076,0.9794117647058823,0.20245621464654104,0.0,0.0,0.0,0.0,0,0
-0.258294846342643,265.0,60.0,-0.258294846342643,-0.258294846342643,0.95,0.31171585112047145,0.1830604030099535,0.34316247687284945,0.9794721407624634,0.2060465541962842,0.0,0.0,0.0,0.0,0,0
-0.25798399354799456,270.0,60.0,-0.25798399354799456,-0.25798399354799456,0.95,0.3106469503593221,0.18281959605312026,0.3438941230610185,0.97953216374269,0.20997651131165782,0.0,0.0,0.0,0.0,0,0
-0.2630568088275465,275.0,60.0,-0.2630568088275465,-0.2630568088275465,0.95,0.31066305527133525,0.193989963414805,0.3541792989131397,0.9825072886297376,0.21388062039793201,0.0,0.0,0.0,0.0,0,0
-0.25853075487648985,280.0,60.0,-0.25853075487648985,-0.25853075487648985,0.95,0.31066305527133525,0.18306040300995233,0.3446175638389969,0.9765395894428153,0.21848231060726683,0.0,0.0,0.0,0.0,0,0
-0.26071257514298424,285.0,60.0,-0.26071257514298424,-0.26071257514298424,0.95,0.3113080121228165,0.19041146690010174,0.3450974593620339,0.976878612716763,0.22383069882177287,0.0,0.0,0.0,0.0,0,0
-0.26505303705428934,290.0,60.0,-0.26505303705428934,-0.26505303705428934,0.95,0.310630845447309,0.20112100005338107,0.35158616862592434,0.9737609329446064,0.2311751236186241,0.0,0.0,0.0,0.0,0,0
-0.263083193801024,295.0,60.0,-0.263083193801024,-0.263083193801024,0.95,0.30351654503875036,0.2071087035142222,0.34897813060132454,0.9734513274336283,0.23926943745323448,0.0,0.0,0.0,0.0,0,0
-0.27392974762713257,300.0,60.0,-0.27392974762713257,-0.27392974762713257,0.95,0.3126779669649159,0.22817524983782939,0.35424124204754537,0.9674556213017751,0.248705025899482,0.0,0.0,0.0,0.0,0,0
-0.2790405080231606,305.0,60.0,-0.2790405080231606,-0.2790405080231606,0.95,0.3248860629800008,0.2396346606888784,0.3438816822975704,0.967930029154519,0.2590817356205853,0.0,0.0,0.0,0.0,0,0
-0.28692625146442374,310.0,60.0,-0.28692625146442374,-0.28692625146442374,0.95,0.328741349430748,0.2526130422591991,0.3537665714709507,0.9616519174041298,0.2699062360470308,0.0,0.0,0.0,0.0,0,0
-0.28932567211395727,315.0,60.0,-0.28932567211395727,-0.28932567211395727,0.95,0.3421395542383606,0.2510458350073952,0.3412897070179341,0.956140350877193,0.28121510799676586,0.0,0.0,0.0,0.0,0,0
-0.2921926768963521,320.0,60.0,-0.2921926768963521,-0.2921926768963521,0.95,0.3509887720255952,0.2510458350073952,0.3349663667488255,0.9470588235294117,0.2934313568802941,0.0,0.0,0.0,0.0,0,0
-0.3024372273207103,325.0,60.0,-0.3024372273207103,-0.3024372273207103,0.95,0.36367635199210746,0.23963466068887662,0.3481140913062977,0.8997050147492626,0.3060402126952476,0.0,0.0,0.0,0.0,0,0
-0.3268182954312332,330.0,60.0,-0.3268182954312332,-0.3268182954312332,0.95,0.3802381088720202,0.22822348637035983,0.37156424354740025,0.7522388059701492,0.31779496263014645,0.0,0.0,0.0,0.0,0,0
-0.34017729992952545,335.0,60.0,-0.34017729992952545,-0.34017729992952545,0.95,0.39823062589958447,0.21681231205184126,0.38483439510266493,0.6952662721893491,0.3301478543094122,0.0,0.0,0.0,0.0,0,0
-0.3567204645129211,340.0,60.0,-0.3567204645129211,-0.3567204645129211,0.95,0.4232927432683084,0.20540113773332358,0.3981045466579296,0.6347305389221557,0.33946973955405657,0.0,0.0,0.0,0.0,0,0
-0.3677932371990345,345.0,60.0,-0.3677932371990345,-0.3677932371990345,0.95,0.448571837156292,0.19010762724230268,0.4113746982131907,0.6200607902735562,0.3358414122413544,0.0,0.0,0.0,0.0,0,0
-0.3705017681471815,350.0,60.0,-0.3705017681471815,-0.3705017681471815,0.95,0.471297731622696,0.15975644045925108,0.4246448497684554,0.6411764705882353,0.3267389917038928,0.0,0.0,0.0,0.0,0,0
-0.3671326894956905,355.0,60.0,-0.3671326894956905,-0.3671326894956905,0.95,0.4887968137924683,0.12552291750369804,0.4246448497684554,0.6592797783933518,0.3114721518358424,0.0,0.0,0.0,0.0,0,0
-0.3053611661986828,0.0,65.0,-0.3053611661986828,-0.3053611661986828,0.95,0.4585016396132537,0.10270056886666179,0.33194998318516145,0.8670212765957447,0.30744927679320727,0.0,0.0,0.0,0.0,0,0
-0.30782474374785773,5.0,65.0,-0.30782474374785773,-0.30782474374785773,0.95,0.47723894362221425,0.07987822022962554,0.3317537888816062,0.8597883597883598,0.3016543295742461,0.0,0.0,0.0,0.0,0,0
-0.3118054122559775,10.0,65.0,-0.3118054122559775,-0.3118054122559775,0.95,0.4880637735364649,0.07856438251522316,0.3284959695910838,0.8518518518518519,0.2907364129083586,0.0,0.0,0.0,0.0,0,0
-0.3215188107412135,15.0,65.0,-0.3215188107412135,-0.3215188107412135,0.95,0.5028968485671916,0.10327078405666024,0.31848363732634155,0.8507853403141361,0.2795448924066287,0.0,0.0,0.0,0.0,0,0
-0.3291610519641503,20.0,65.0,-0.3291610519641503,-0.3291610519641503,0.95,0.5130876079049309,0.12808600605838183,0.30720136248366314,0.8489583333333334,0.26453814282232513,0.0,0.0,0.0,0.0,0,0
-0.33855885334065783,25.0,65.0,-0.33855885334065783,-0.33855885334065783,0.95,0.5234422458788379,0.16085122183727407,0.2940209280161238,0.845360824742268,0.25333077734112913,0.0,0.0,0.0,0.0,0,0
-0.34717455121639573,30.0,65.0,-0.34717455121639573,-0.34717455121639573,0.95,0.532823281458885,0.18257878909628733,0.28191385374676786,0.8207792207792208,0.24658051127252145,0.0,0.0,0.0,0.0,0,0
-0.3642247518576865,35.0,65.0,-0.3642247518576865,-0.3642247518576865,0.95,0.5372367856445962,0.2123224248842277,0.30478939218183104,0.7994791666666666,0.24110543427775197,0.0,0.0,0.0,0.0,0,0
-0.3677610098371937,40.0,65.0,-0.3677610098371937,-0.3677610098371937,0.95,0.5403855859975055,0.21633211495105048,0.3042311124561656,0.7853403141361257,0.23598173515981735,0.0,0.0,0.0,0.0,0,0
-0.382278598234975,45.0,65.0,-0.382278598234975,-0.382278598234975,0.95,0.5410724925906014,0.22043695461052404,0.3507362491120276,0.7694369973190348,0.23199061752898192,0.0,0.0,0.0,0.0,0,0
-0.38169512179579235,50.0,65.0,-0.38169512179579235,-0.38169512179579235,0.95,0.5380159680580797,0.22976150117075791,0.3428958499881166,0.7667560321715817,0.22853074664056242,0.0,0.0,0.0,0.0,0,0
-0.3843259324339402,55.0,65.0,-0.3843259324339402,-0.3843259324339402,0.95,0.5301154313176359,0.2513963169914399,0.34120797732779234,0.7587131367292225,0.2277589470440639,0.0,0.0,0.0,0.0,0,0
-0.3796061076125066,60.0,65.0,-0.3796061076125066,-0.3796061076125066,0.95,0.5167391320586676,0.26545913818326083,0.3272579497901019,0.7526881720430108,0.22944383860414394,0.0,0.0,0.0,0.0,0,0
-0.38750118091408325,65.0,65.0,-0.38750118091408325,-0.38750118091408325,0.95,0.5154972880341977,0.2852793579629491,0.3404644641969566,0.7513368983957219,0.23210101536058317,0.0,0.0,0.0,0.0,0,0
-0.3845617970720765,70.0,65.0,-0.3845617970720765,-0.3845617970720765,0.95,0.5019278376838637,0.2966905322814677,0.3423480847049043,0.7596899224806202,0.2352509285652587,0.0,0.0,0.0,0.0,0,0
-0.3853445949973737,75.0,65.0,-0.3853445949973737,-0.3853445949973737,0.95,0.48642054198979695,0.30810170659998626,0.35781710543857015,0.7570332480818415,0.2418188081295212,0.0,0.0,0.0,0.0,0,0
-0.3853071176508479,80.0,65.0,-0.3853071176508479,-0.3853071176508479,0.95,0.47252492298580473,0.3195128809185026,0.36515757819257555,0.7487046632124352,0.2475085910652921,0.0,0.0,0.0,0.0,0,0
-0.3812573745917836,85.0,65.0,-0.3812573745917836,-0.3812573745917836,0.95,0.46118050491987667,0.32016493048457445,0.36515757819257555,0.7454545454545455,0.2568113450795015,0.0,0.0,0.0,0.0,0,0
-0.3766957346851797,90.0,65.0,-0.3766957346851797,-0.3766957346851797,0.95,0.44989052603126845,0.32075753881287494,0.3651696304427628,0.7474226804123711,0.2656788421778084,0.0,0.0,0.0,0.0,0,0
-0.3668852148307288,95.0,65.0,-0.3668852148307288,-0.3668852148307288,0.95,0.4386066569102106,0.31951288091850305,0.35474061783650696,0.7712082262210797,0.27521906159623605,0.0,0.0,0.0,0.0,0,0
-0.35216422871461167,100.0,65.0,-0.35216422871461167,-0.35216422871461167,0.95,0.42502921263704524,0.31701763690026363,0.34870593980076636,0.8427835051546392,0.2827297448957569,0.0,0.0,0.0,0.0,0,0
-0.34382830283481797,105.0,65.0,-0.34382830283481797,-0.34382830283481797,0.95,0.41954251735066733,0.3081017065999845,0.3423352295555393,0.865979381443299,0.2919329763344274,0.0,0.0,0.0,0.0,0,0
-0.3315335507599887,110.0,65.0,-0.3315335507599887,-0.3315335507599887,0.95,0.40685899742701465,0.2966905322814659,0.3309240552370225,0.8811369509043928,0.30373425966131135,0.0,0.0,0.0,0.0,0,0
-0.314912499914895,115.0,65.0,-0.314912499914895,-0.314912499914895,0.95,0.3909633052588743,0.28179106634205403,0.3081017065999854,0.8894601542416453,0.31496681802305276,0.0,0.0,0.0,0.0,0,0
-0.30003203900776043,120.0,65.0,-0.30003203900776043,-0.30003203900776043,0.95,0.38539464125130485,0.25966600534542855,0.28558783062667803,0.9043927648578811,0.3259392398404279,0.0,0.0,0.0,0.0,0,0
-0.2871485902180298,125.0,65.0,-0.2871485902180298,-0.2871485902180298,0.95,0.38062284482962117,0.2376728482358338,0.2638786884153183,0.9048843187660668,0.3357728595361961,0.0,0.0,0.0,0.0,0,0
-0.2714889824155446,130.0,65.0,-0.2714889824155446,-0.2714889824155446,0.95,0.37454632469642274,0.21262884801467116,0.24304521019524614,0.9224806201550387,0.34647027600849256,0.0,0.0,0.0,0.0,0,0
-0.2515350925720708,135.0,65.0,-0.2515350925720708,-0.2515350925720708,0.95,0.36228722906579836,0.18257878909628733,0.2170286296737986,0.9328165374677002,0.35532047293092717,0.0,0.0,0.0,0.0,0,0
-0.23381931965015293,140.0,65.0,-0.23381931965015293,-0.23381931965015293,0.95,0.3583860216978446,0.14993219031351918,0.19022202721395215,0.9457364341085271,0.362708843840499,0.0,0.0,0.0,0.0,0,0
-0.2131241352766191,145.0,65.0,-0.2131241352766191,-0.2131241352766191,0.95,0.3401786711796406,0.13168475659444112,0.15998844292435185,0.958656330749354,0.36956715751896474,0.0,0.0,0.0,0.0,0,0
-0.19513349059383672,150.0,65.0,-0.19513349059383672,-0.19513349059383672,0.95,0.3262173543507053,0.10858665951437155,0.13851128524710532,0.9712793733681462,0.3761304405933978,0.0,0.0,0.0,0.0,0,0
-0.17899035012579156,155.0,65.0,-0.17899035012579156,-0.17899035012579156,0.95,0.30031884613284704,0.1027005688666609,0.12120212139350385,0.9711286089238845,0.3833748000710858,0.0,0.0,0.0,0.0,0,0
-0.16778257181619338,160.0,65.0,-0.16778257181619338,-0.16778257181619338,0.95,0.28855525221637507,0.0796209093315845,0.11943136399737853,0.974025974025974,0.38903394255874674,0.0,0.0,0.0,0.0,0,0
-0.16048543084882552,165.0,65.0,-0.16048543084882552,-0.16048543084882552,0.95,0.287024554401599,0.052799868166883396,0.11943136399737853,0.9738219895287958,0.38225939964274824,0.0,0.0,0.0,0.0,0,0
-0.1644247578581499,170.0,65.0,-0.1644247578581499,-0.1644247578581499,0.95,0.2877198766415471,0.06846704591110786,0.11943136399737853,0.9763779527559056,0.367715865589111,0.0,0.0,0.0,0.0,0,0
-0.1665065086081936,175.0,65.0,-0.1665065086081936,-0.1665065086081936,0.95,0.2849953685099743,0.07987822022962465,0.11943136399737853,0.9731903485254692,0.34702233250620346,0.0,0.0,0.0,0.0,0,0
-0.17336938450130426,180.0,65.0,-0.17336938450130426,-0.17336938450130426,0.95,0.2794806165023643,0.09959229818446788,0.13721757267818002,0.9762532981530343,0.323478679449637,0.0,0.0,0.0,0.0,0,0
-0.18096155447809936,185.0,65.0,-0.18096155447809936,-0.18096155447809936,0.95,0.27915786546852384,0.10616121244211385,0.1624070837934217,0.9784366576819407,0.3024361722861041,0.0,0.0,0.0,0.0,0,0
-0.18953327431613096,190.0,65.0,-0.18953327431613096,-0.18953327431613096,0.95,0.2756991806874933,0.11411174318517947,0.19434651524673482,0.9786096256684492,0.2872772860236295,0.0,0.0,0.0,0.0,0,0
-0.198671438210694,195.0,65.0,-0.198671438210694,-0.198671438210694,0.95,0.28049401702723153,0.11943136399737853,0.21776830942791398,0.9782608695652174,0.2768950924344792,0.0,0.0,0.0,0.0,0,0
-0.20482645358276538,200.0,65.0,-0.20482645358276538,-0.20482645358276538,0.95,0.27794588218411437,0.12552291750369715,0.24020521940480352,0.9778393351800554,0.26858243115599795,0.0,0.0,0.0,0.0,0,0
-0.20788310818170908,205.0,65.0,-0.20788310818170908,-0.20788310818170908,0.95,0.2783686340974902,0.12552291750369804,0.25147684352429694,0.9771428571428571,0.26391164944780904,0.0,0.0,0.0,0.0,0,0
-0.212960939270843,210.0,65.0,-0.212960939270843,-0.212960939270843,0.95,0.28262327227516626,0.13693409182221572,0.25459648759190484,0.9797101449275363,0.25662263227790594,0.0,0.0,0.0,0.0,0,0
-0.21773937710111604,215.0,65.0,-0.21773937710111604,-0.21773937710111604,0.95,0.28517605518177147,0.14314261722652655,0.26334606838417923,0.97953216374269,0.2464463092995376,0.0,0.0,0.0,0.0,0,0
-0.22052421652801818,220.0,65.0,-0.22052421652801818,-0.22052421652801818,0.95,0.2806093245786709,0.1503249954706171,0.2744387423603583,0.9791044776119403,0.23857628716705392,0.0,0.0,0.0,0.0,0,0
-0.22256719840013697,225.0,65.0,-0.22256719840013697,-0.22256719840013697,0.95,0.2794483978132486,0.15755592258991702,0.277311410840794,0.9792899408284024,0.23230544294543762,0.0,0.0,0.0,0.0,0,0
-0.22706204293492105,230.0,65.0,-0.22706204293492105,-0.22706204293492105,0.95,0.2798353734017227,0.1651827492174497,0.2870202197382318,0.9792284866468842,0.22842856672916872,0.0,0.0,0.0,0.0,0,0
-0.23057218649343925,235.0,65.0,-0.23057218649343925,-0.23057218649343925,0.95,0.2807303095847864,0.16834390700291302,0.2964430103018524,0.9791666666666666,0.22532406046952036,0.0,0.0,0.0,0.0,0,0
-0.23344576494504965,240.0,65.0,-0.23344576494504965,-0.23344576494504965,0.95,0.2794532618663242,0.1784982057921001,0.2998014260467558,0.9791044776119403,0.2251049838861942,0.0,0.0,0.0,0.0,0,0
-0.2379954036266057,245.0,65.0,-0.2379954036266057,-0.2379954036266057,0.95,0.28651125592016724,0.1729871189589051,0.3106076387232252,0.9750778816199377,0.22586841162873977,0.0,0.0,0.0,0.0,0,0
-0.23879504142466726,250.0,65.0,-0.23879504142466726,-0.23879504142466726,0.95,0.28750735728886834,0.16834390700291302,0.31828790166771304,0.9786585365853658,0.2277696198401044,0.0,0.0,0.0,0.0,0,0
-0.241082887773652,255.0,65.0,-0.241082887773652,-0.241082887773652,0.95,0.2901755724325324,0.16836213110184156,0.322078894491105,0.975975975975976,0.23050680662620962,0.0,0.0,0.0,0.0,0,0
-0.23884329661787207,260.0,65.0,-0.23884329661787207,-0.23884329661787207,0.95,0.28836349749455414,0.17116761477777054,0.3157233839864548,0.9822485207100592,0.23440391223896379,0.0,0.0,0.0,0.0,0,0
-0.2434215990596058,265.0,65.0,-0.2434215990596058,-0.2434215990596058,0.95,0.29017557243253234,0.17168124321256223,0.32936602817858524,0.9791044776119403,0.23746209470492186,0.0,0.0,0.0,0.0,0,0
-0.2434820517268948,270.0,65.0,-0.2434820517268948,-0.2434820517268948,0.95,0.2886832754247856,0.17116761477777054,0.3313151126441816,0.9761194029850746,0.24064477049400995,0.0,0.0,0.0,0.0,0,0
-0.2446611238340629,275.0,65.0,-0.2446611238340629,-0.2446611238340629,0.95,0.2901755724325323,0.17233418108573262,0.3313151126441816,0.9732142857142857,0.24401783586915823,0.0,0.0,0.0,0.0,0,0
-0.24704815508133127,280.0,65.0,-0.24704815508133127,-0.24704815508133127,0.95,0.2901755724325323,0.1730981878915332,0.34128970701793077,0.9761904761904762,0.24838520258367586,0.0,0.0,0.0,0.0,0,0
-0.24538988277742946,285.0,65.0,-0.24538988277742946,-0.24538988277742946,0.95,0.2916771895202164,0.1732376869260644,0.3309240552370217,0.9732142857142857,0.2538464234395262,0.0,0.0,0.0,0.0,0,0
-0.2460367309038133,290.0,65.0,-0.2460367309038133,-0.2460367309038133,0.95,0.2959442862100079,0.1735923388623578,0.3263294411025971,0.9732142857142857,0.26032540675844806,0.0,0.0,0.0,0.0,0,0
-0.2500778375903197,295.0,65.0,-0.2500778375903197,-0.2500778375903197,0.95,0.3040192345937218,0.18241853253862297,0.3197318371941085,0.9706744868035191,0.26803784751397364,0.0,0.0,0.0,0.0,0,0
-0.25846730863808853,300.0,65.0,-0.25846730863808853,-0.25846730863808853,0.95,0.31149880328519586,0.19029278222590723,0.3309771836381808,0.9644970414201184,0.27709806562652,0.0,0.0,0.0,0.0,0,0
-0.264789906268601,305.0,65.0,-0.264789906268601,-0.264789906268601,0.95,0.3224022779237617,0.20309661458662287,0.3260181823778098,0.9644970414201184,0.28665207877461707,0.0,0.0,0.0,0.0,0,0
-0.26518418945347005,310.0,65.0,-0.26518418945347005,-0.26518418945347005,0.95,0.3206132697847054,0.21681231205184215,0.3156939472443394,0.9618768328445748,0.2966633761105627,0.0,0.0,0.0,0.0,0,0
-0.27624047958250114,315.0,65.0,-0.27624047958250114,-0.27624047958250114,0.95,0.3337211140724795,0.22822348637035894,0.32601818237781005,0.9580838323353293,0.30742279801189604,0.0,0.0,0.0,0.0,0,0
-0.28486856996279497,320.0,65.0,-0.28486856996279497,-0.28486856996279497,0.95,0.34341554086451664,0.22822348637035983,0.3424505806655692,0.9516616314199395,0.31722371514947934,0.0,0.0,0.0,0.0,0,0
-0.2846870758506916,325.0,65.0,-0.2846870758506916,-0.2846870758506916,0.95,0.3550503335085168,0.22822348637035894,0.319825235799733,0.9434523809523809,0.3275667707249393,0.0,0.0,0.0,0.0,0,0
-0.2835125230789977,330.0,65.0,-0.2835125230789977,-0.2835125230789977,0.95,0.36263925138722247,0.21681231205184126,0.3131343810296682,0.9402985074626866,0.3386222042938461,0.0,0.0,0.0,0.0,0,0
-0.288206796897901,335.0,65.0,-0.288206796897901,-0.288206796897901,0.95,0.3812200552011798,0.20540113773332358,0.30881724511848246,0.9283582089552239,0.3463311209439528,0.0,0.0,0.0,0.0,0,0
-0.2973521388866835,340.0,65.0,-0.2973521388866835,-0.2973521388866835,0.95,0.4016077361750572,0.1939899634148059,0.31951288091850305,0.9166666666666666,0.33975926274214785,0.0,0.0,0.0,0.0,0,0
-0.3033091816043045,345.0,65.0,-0.3033091816043045,-0.3033091816043045,0.95,0.4192377743980698,0.17116761477776965,0.3317537888816062,0.9011627906976745,0.33193136739473306,0.0,0.0,0.0,0.0,0,0
-0.3022220254093824,350.0,65.0,-0.3022220254093824,-0.3022220254093824,0.95,0.4293942530355927,0.1483452661407334,0.3317537888816062,0.8956043956043956,0.3217366023839519,0.0,0.0,0.0,0.0,0,0
-0.304074397131153,355.0,65.0,-0.304074397131153,-0.304074397131153,0.95,0.44292098872039654,0.12552291750369715,0.3335835688526469,0.8787061994609164,0.31201332092658796,0.0,0.0,0.0,0.0,0,0
-0.2694874957076617,0.0,70.0,-0.2694874957076617,-0.2694874957076617,0.95,0.4233522439004671,0.10270056886666179,0.2614246977178754,0.9088471849865952,0.3119306279534272,0.0,0.0,0.0,0.0,0,0
-0.2682220311569089,5.0,70.0,-0.2682220311569089,-0.2682220311569089,0.95,0.4334052022871174,0.07987822022962554,0.26126370839819685,0.9042553191489362,0.31002353864260496,0.0,0.0,0.0,0.0,0,0
-0.26642243734543075,10.0,70.0,-0.26642243734543075,-0.26642243734543075,0.95,0.4397978689691207,0.06846704591110786,0.25322781073275413,0.8992042440318302,0.3052584889852644,0.0,0.0,0.0,0.0,0,0
-0.27041592016337174,15.0,70.0,-0.27041592016337174,-0.27041592016337174,0.95,0.45245507116005274,0.06316236894499345,0.2521328795500217,0.8938992042440318,0.3008792728709741,0.0,0.0,0.0,0.0,0,0
-0.2751414039704821,20.0,70.0,-0.2751414039704821,-0.2751414039704821,0.95,0.45695746953844013,0.0841719535014572,0.2413974813539539,0.8903394255874674,0.29296509624378475,0.0,0.0,0.0,0.0,0,0
-0.28255018383628433,25.0,70.0,-0.28255018383628433,-0.28255018383628433,0.95,0.46501568727777537,0.10607447635852234,0.23600667115319807,0.889763779527559,0.28505197403738225,0.0,0.0,0.0,0.0,0,0
-0.2892279466124998,30.0,70.0,-0.2892279466124998,-0.2892279466124998,0.95,0.4683637362942907,0.13628482518400453,0.22610062623974886,0.8871391076115486,0.27860287359102126,0.0,0.0,0.0,0.0,0,0
-0.293801145359283,35.0,70.0,-0.293801145359283,-0.293801145359283,0.95,0.4753456964716686,0.1489376208641212,0.218469751730152,0.8818897637795275,0.27421130738666283,0.0,0.0,0.0,0.0,0,0
-0.302185395892184,40.0,70.0,-0.302185395892184,-0.302185395892184,0.95,0.4755734658098092,0.15924181866317255,0.23595064066250027,0.868421052631579,0.27266251958782467,0.0,0.0,0.0,0.0,0,0
-0.30282769308383445,45.0,70.0,-0.30282769308383445,-0.30282769308383445,0.95,0.4734307715060491,0.15975644045925108,0.23570965980062566,0.8541114058355438,0.2707421525718857,0.0,0.0,0.0,0.0,0,0
-0.3098025461187638,50.0,70.0,-0.3098025461187638,-0.3098025461187638,0.95,0.4737977563828517,0.15924181866317255,0.2601898279397455,0.8457446808510638,0.26994867008866075,0.0,0.0,0.0,0.0,0,0
-0.3019760098510713,55.0,70.0,-0.3019760098510713,-0.3019760098510713,0.95,0.469884052404679,0.1619460032152975,0.233826092024041,0.8492063492063492,0.268769949576722,0.0,0.0,0.0,0.0,0,0
-0.31059066479743747,60.0,70.0,-0.31059066479743747,-0.31059066479743747,0.95,0.46611453645388357,0.18213926550216503,0.2513385310832964,0.8422459893048129,0.2693172948900418,0.0,0.0,0.0,0.0,0,0
-0.3054630632283773,65.0,70.0,-0.3054630632283773,-0.3054630632283773,0.95,0.4554583655036302,0.1904472858631473,0.24007211274853227,0.843501326259947,0.26948541162504,0.0,0.0,0.0,0.0,0,0
-0.3055703513461954,70.0,70.0,-0.3055703513461954,-0.3055703513461954,0.95,0.44661935915503287,0.19803277053653173,0.2510458350073952,0.8534704370179949,0.27195853791598473,0.0,0.0,0.0,0.0,0,0
-0.30385482105194933,75.0,70.0,-0.30385482105194933,-0.30385482105194933,0.95,0.43809732154958625,0.2071087035142235,0.25139631699143794,0.8601036269430051,0.2768443458176713,0.0,0.0,0.0,0.0,0,0
-0.30229007521903195,80.0,70.0,-0.30229007521903195,-0.30229007521903195,0.95,0.42571658687789,0.21681231205184126,0.2597875680715904,0.87146529562982,0.2830248450015839,0.0,0.0,0.0,0.0,0,0
-0.29640057818839805,85.0,70.0,-0.29640057818839805,-0.29640057818839805,0.95,0.41200728382797336,0.218430690028813,0.2596660053454286,0.8792650918635171,0.2890324913010077,0.0,0.0,0.0,0.0,0,0
-0.28841360995681226,90.0,70.0,-0.28841360995681226,-0.28841360995681226,0.95,0.399222644477416,0.22321543274169034,0.25418277592169286,0.90625,0.2968488629684886,0.0,0.0,0.0,0.0,0,0
-0.28340170918225227,95.0,70.0,-0.28340170918225227,-0.28340170918225227,0.95,0.3967588683642947,0.21822966368803207,0.25139631699143883,0.9270833333333334,0.30303441414552523,0.0,0.0,0.0,0.0,0,0
-0.2775289873119932,100.0,70.0,-0.2775289873119932,-0.2775289873119932,0.95,0.3844840430346268,0.21681231205184126,0.2510458350073952,0.9322916666666666,0.31027766453775424,0.0,0.0,0.0,0.0,0,0
-0.26635823487734916,105.0,70.0,-0.26635823487734916,-0.26635823487734916,0.95,0.37272368501640696,0.20540113773332447,0.2396530180213614,0.9399477806788512,0.3157942360765507,0.0,0.0,0.0,0.0,0,0
-0.25774992426235993,110.0,70.0,-0.25774992426235993,-0.25774992426235993,0.95,0.36005985341976643,0.1942166393099884,0.2396346606888775,0.9473684210526315,0.32352007257881604,0.0,0.0,0.0,0.0,0,0
-0.24568083911516367,115.0,70.0,-0.24568083911516367,-0.24568083911516367,0.95,0.3481461541653511,0.18257878909628733,0.22321543274169042,0.9502617801047121,0.3313003504619726,0.0,0.0,0.0,0.0,0,0
-0.23654270180610554,120.0,70.0,-0.23654270180610554,-0.23654270180610554,0.95,0.3404544618539686,0.17116761477777054,0.2123341009737055,0.9551451187335093,0.3393491933278644,0.0,0.0,0.0,0.0,0,0
-0.22449626118342247,125.0,70.0,-0.22449626118342247,-0.22449626118342247,0.95,0.33035802782186535,0.15975644045925197,0.1939899634148059,0.9608355091383812,0.3459886695906433,0.0,0.0,0.0,0.0,0,0
-0.20993404188445106,130.0,70.0,-0.20993404188445106,-0.20993404188445106,0.95,0.3151118451798349,0.1394823759203068,0.18242654536650688,0.9658792650918635,0.35402646156663464,0.0,0.0,0.0,0.0,0,0
-0.20135174432961045,135.0,70.0,-0.20135174432961045,-0.20135174432961045,0.95,0.3135353620453887,0.12703946965754515,0.16197408628301174,0.9631578947368421,0.3592463874154015,0.0,0.0,0.0,0.0,0,0
-0.1894185131643942,140.0,70.0,-0.1894185131643942,-0.1894185131643942,0.95,0.30640089276945737,0.11084547686166953,0.14283053360816172,0.9656084656084656,0.3670434265318263,0.0,0.0,0.0,0.0,0,0
-0.1794866501234436,145.0,70.0,-0.1794866501234436,-0.1794866501234436,0.95,0.305819864925505,0.09153295174084722,0.12552291750369804,0.9710526315789474,0.37471432489258616,0.0,0.0,0.0,0.0,0,0
-0.17079729348389838,150.0,70.0,-0.17079729348389838,-0.17079729348389838,0.95,0.29930156840867583,0.07987822022962643,0.1128494968836647,0.9710526315789474,0.3820414498310965,0.0,0.0,0.0,0.0,0,0
-0.16519157170533694,155.0,70.0,-0.16519157170533694,-0.16519157170533694,0.95,0.298131804025941,0.07404635071905419,0.0981907250534581,0.9712041884816754,0.3855449052832417,0.0,0.0,0.0,0.0,0,0
-0.158040121647422,160.0,70.0,-0.158040121647422,-0.158040121647422,0.95,0.29409755859964265,0.05705587159259018,0.09299996480722345,0.9711286089238845,0.3809716235632184,0.0,0.0,0.0,0.0,0,0
-0.15753551784649264,165.0,70.0,-0.15753551784649264,-0.15753551784649264,0.95,0.29277022745648335,0.05705587159259018,0.09301362422279531,0.9708994708994709,0.37281767955801104,0.0,0.0,0.0,0.0,0,0
-0.159871886562805,170.0,70.0,-0.159871886562805,-0.159871886562805,0.95,0.28541313744552366,0.0695718677619577,0.10270056886666179,0.9736147757255936,0.3629175898171076,0.0,0.0,0.0,0.0,0,0
-0.16614847675656286,175.0,70.0,-0.16614847675656286,-0.16614847675656286,0.95,0.2878184846073194,0.07987822022962465,0.11468230190110633,0.9761904761904762,0.3470618206521739,0.0,0.0,0.0,0.0,0,0
-0.1742503718753644,180.0,70.0,-0.1742503718753644,-0.1742503718753644,0.95,0.2885775405810097,0.09128939454814322,0.13326416743388658,0.9731903485254692,0.33005478087649404,0.0,0.0,0.0,0.0,0,0
-0.17720941722765537,185.0,70.0,-0.17720941722765537,-0.17720941722765537,0.95,0.2864768123879124,0.09128939454814411,0.1483452661407334,0.9728997289972899,0.3160912528974015,0.0,0.0,0.0,0.0,0,0
-0.1804355475456701,190.0,70.0,-0.1804355475456701,-0.1804355475456701,0.95,0.282791143081201,0.09289106088684917,0.16649519047579966,0.9752747252747253,0.30460825812634773,0.0,0.0,0.0,0.0,0,0
-0.18754486093739478,195.0,70.0,-0.18754486093739478,-0.18754486093739478,0.95,0.2829204386393316,0.10501059745846024,0.18257878909628739,0.9752066115702479,0.29679595278246207,0.0,0.0,0.0,0.0,0,0
-0.19448705691548707,200.0,70.0,-0.19448705691548707,-0.19448705691548707,0.95,0.28107440894299346,0.11282803561983515,0.20540113773332358,0.975,0.29088663295634387,0.0,0.0,0.0,0.0,0,0
-0.19903236101732832,205.0,70.0,-0.19903236101732832,-0.19903236101732832,0.95,0.2834808606930494,0.11560690983816953,0.21681231205184215,0.9746478873239437,0.2881343027903613,0.0,0.0,0.0,0.0,0,0
-0.20303248068221932,210.0,70.0,-0.20303248068221932,-0.20303248068221932,0.95,0.2801694745651613,0.1255229175036976,0.22822348637035983,0.9747191011235955,0.2839909808342728,0.0,0.0,0.0,0.0,0,0
-0.20560538172672693,215.0,70.0,-0.20560538172672693,-0.20560538172672693,0.95,0.28045190391704183,0.12552291750369804,0.23777093885848605,0.9739884393063584,0.28234856930509106,0.0,0.0,0.0,0.0,0,0
-0.21163700667146046,220.0,70.0,-0.21163700667146046,-0.21163700667146046,0.95,0.2875985361826376,0.13693409182221483,0.24007211274853288,0.9765395894428153,0.27759835584263065,0.0,0.0,0.0,0.0,0,0
-0.21731198644599223,225.0,70.0,-0.21731198644599223,-0.21731198644599223,0.95,0.2885787947399676,0.1468621675584625,0.2510788683182049,0.9760479041916168,0.2708741385564019,0.0,0.0,0.0,0.0,0,0
-0.2156996166721205,230.0,70.0,-0.2156996166721205,-0.2156996166721205,0.95,0.28007764675226654,0.15216230992156693,0.2528733677464211,0.9759036144578314,0.2667337695017615,0.0,0.0,0.0,0.0,0,0
-0.22075290802628444,235.0,70.0,-0.22075290802628444,-0.22075290802628444,0.95,0.28432452222225485,0.1535942391076631,0.2638786884153183,0.9734513274336283,0.2632274187790075,0.0,0.0,0.0,0.0,0,0
-0.22375651398654733,240.0,70.0,-0.22375651398654733,-0.22375651398654733,0.95,0.2852339705445833,0.16085122183727468,0.26821964291422806,0.9760479041916168,0.2609654583614955,0.0,0.0,0.0,0.0,0,0
-0.22551290333724808,245.0,70.0,-0.22551290333724808,-0.22551290333724808,0.95,0.28088442300013755,0.16834390700291077,0.2747403907398913,0.9761194029850746,0.2591803395127495,0.0,0.0,0.0,0.0,0,0
-0.22549609823712727,250.0,70.0,-0.22549609823712727,-0.22549609823712727,0.95,0.27848652543495894,0.16085122183727468,0.28614296570941766,0.9764705882352941,0.2593672236046925,0.0,0.0,0.0,0.0,0,0
-0.23034731490122534,255.0,70.0,-0.23034731490122534,-0.23034731490122534,0.95,0.28459275901971265,0.1625076645695739,0.2930983979950915,0.9739130434782609,0.2616032250008919,0.0,0.0,0.0,0.0,0,0
-0.2324304993894269,260.0,70.0,-0.2324304993894269,-0.2324304993894269,0.95,0.28172575475807815,0.15865618152458422,0.31060763872322855,0.9757575757575757,0.26449574552112876,0.0,0.0,0.0,0.0,0,0
-0.23508375401273995,265.0,70.0,-0.23508375401273995,-0.23508375401273995,0.95,0.28893070878722826,0.15755592258991685,0.31073386184050217,0.975609756097561,0.26703765267037655,0.0,0.0,0.0,0.0,0,0
-0.23560338367396116,270.0,70.0,-0.23560338367396116,-0.23560338367396116,0.95,0.2855270416682609,0.15755592258991644,0.3182879016677138,0.9756838905775076,0.2697320518421436,0.0,0.0,0.0,0.0,0,0
-0.23659697398992066,275.0,70.0,-0.23659697398992066,-0.23659697398992066,0.95,0.28846489789463386,0.15557508084878977,0.31951288091850305,0.975609756097561,0.2731118713902071,0.0,0.0,0.0,0.0,0,0
-0.23947734786271208,280.0,70.0,-0.23947734786271208,-0.23947734786271208,0.95,0.29320048318823644,0.15839960450065338,0.31951288091850305,0.972809667673716,0.2774030039879244,0.0,0.0,0.0,0.0,0,0
-0.24107227144295393,285.0,70.0,-0.24107227144295393,-0.24107227144295393,0.95,0.2975474852427119,0.15755592258991644,0.31971493755343855,0.9726443768996961,0.2826784433623976,0.0,0.0,0.0,0.0,0,0
-0.24549938398222912,290.0,70.0,-0.24549938398222912,-0.24549938398222912,0.95,0.3043457007606473,0.16207646511024953,0.31971493755343855,0.9668674698795181,0.28891618053423396,0.0,0.0,0.0,0.0,0,0
-0.24674804502954745,295.0,70.0,-0.24674804502954745,-0.24674804502954745,0.95,0.30891289716041065,0.1651827492174497,0.3131343810296686,0.963963963963964,0.2958374047293336,0.0,0.0,0.0,0.0,0,0
-0.24777351288848148,300.0,70.0,-0.24777351288848148,-0.24777351288848148,0.95,0.3140677195859369,0.16551995149158977,0.3086079173995359,0.963855421686747,0.30472616956730003,0.0,0.0,0.0,0.0,0,0
-0.2540918610898269,305.0,70.0,-0.2540918610898269,-0.2540918610898269,0.95,0.32215376007453633,0.17116761477777054,0.3153825559772491,0.9640718562874252,0.3132977205072789,0.0,0.0,0.0,0.0,0,0
-0.25511764740987414,310.0,70.0,-0.25511764740987414,-0.25511764740987414,0.95,0.3258489804452169,0.17288896658830882,0.3106076387232252,0.960960960960961,0.3235601219563129,0.0,0.0,0.0,0.0,0,0
-0.2668683820760873,315.0,70.0,-0.2668683820760873,-0.2668683820760873,0.95,0.33727625163432434,0.1857821217737019,0.3239225156982055,0.9546827794561934,0.3330621681794828,0.0,0.0,0.0,0.0,0,0
-0.26539288469893474,320.0,70.0,-0.26539288469893474,-0.26539288469893474,0.95,0.3402488356307433,0.19799680084923352,0.3000721233253758,0.9522388059701492,0.34290599789547527,0.0,0.0,0.0,0.0,0,0
-0.2729285235828081,325.0,70.0,-0.2729285235828081,-0.2729285235828081,0.95,0.349900569659893,0.20421862282042236,0.3072341396345609,0.948948948948949,0.3510466265384961,0.0,0.0,0.0,0.0,0,0
-0.27232048038390105,330.0,70.0,-0.27232048038390105,-0.27232048038390105,0.95,0.3557564513675721,0.20056217128907944,0.29795254183086456,0.9461077844311377,0.35058102296641963,0.0,0.0,0.0,0.0,0,0
-0.2657888929594213,335.0,70.0,-0.2657888929594213,-0.2657888929594213,0.95,0.363055790017613,0.193989963414805,0.2649527292343497,0.9416909620991254,0.34435121227574056,0.0,0.0,0.0,0.0,0,0
-0.26289442808813895,340.0,70.0,-0.26289442808813895,-0.26289442808813895,0.95,0.37034044358059987,0.1714244289951649,0.2630275680418389,0.9385474860335196,0.33456934991785964,0.0,0.0,0.0,0.0,0,0
-0.26637024205317517,345.0,70.0,-0.26637024205317517,-0.26637024205317517,0.95,0.38785664176399676,0.1597564404592502,0.2563450366651278,0.9279778393351801,0.328920521945433,0.0,0.0,0.0,0.0,0,0
-0.2683050797423404,350.0,70.0,-0.2683050797423404,-0.2683050797423404,0.95,0.39949325435676397,0.13693409182221483,0.2654030311052864,0.9207650273224044,0.3196854923770256,0.0,0.0,0.0,0.0,0,0
-0.2673451696828578,355.0,70.0,-0.2673451696828578,-0.2673451696828578,0.95,0.40960284795754404,0.11411174318517947,0.2654030311052864,0.9137466307277629,0.3132972555083108,0.0,0.0,0.0,0.0,0,0
