score,azimuth_deg,elevation_deg,frame0_score,frame0_distance_only_score,frame0_distance_percentile,frame0_pred_to_observed_tail_m,frame0_pred_to_observed_median_m,frame0_observed_to_predicted_tail_m,frame0_pred_boundary_support_0p35m,frame0_iou_diagnostic,frame0_structure_penalty_m,frame0_tangent_p80_rad,frame0_curvature_log_p80,frame0_bump_support,frame0_predicted_bump_count,frame0_observed_bump_count
-1.1477995436050739,0.0,20.0,-1.1477995436050739,-1.1477995436050739,0.95,1.8478638621775216,0.18790214667861338,1.2599542663761136,0.5331010452961672,0.15618448637316562,0.0,0.0,0.0,0.0,0,0
-1.220336381390867,5.0,20.0,-1.220336381390867,-1.220336381390867,0.95,1.8509746150507316,0.322115333232181,1.4011310158625727,0.5086505190311419,0.13997627520759193,0.0,0.0,0.0,0.0,0,0
-1.3325341375679538,10.0,20.0,-1.3325341375679538,-1.3325341375679538,0.95,1.864472878074669,0.5062544703966865,1.6139213512443176,0.4329896907216495,0.11690453536314621,0.0,0.0,0.0,0.0,0,0
-1.5268379106979224,15.0,20.0,-1.5268379106979224,-1.5268379106979224,0.95,1.875347041417428,0.912511360730656,1.8591498806580136,0.16216216216216217,0.09603256507281276,0.0,0.0,0.0,0.0,0,0
-1.6258546471744146,20.0,20.0,-1.6258546471744146,-1.6258546471744146,0.95,1.8921236232115313,1.1783534576872554,1.900768109065751,0.007751937984496124,0.08015287157740432,0.0,0.0,0.0,0.0,0,0
-1.7200058781755714,25.0,20.0,-1.7200058781755714,-1.7200058781755714,0.95,1.9298358121006967,1.4736286683953317,1.9186575449458394,0.0,0.0678726483357453,0.0,0.0,0.0,0.0,0,0
-1.8636954770696714,30.0,20.0,-1.8636954770696714,-1.8636954770696714,0.95,2.0152491330858324,1.6686205974457404,2.161762697895613,0.0,0.06163765894129317,0.0,0.0,0.0,0.0,0,0
-1.900334794597165,35.0,20.0,-1.900334794597165,-1.900334794597165,0.95,2.1172783767075116,1.7061079435432056,2.1075858321134344,0.0,0.05784388507500636,0.0,0.0,0.0,0.0,0,0
-2.4008073230539613,40.0,20.0,-2.4008073230539613,-2.4008073230539613,0.95,2.23006220220369,1.9062628033106024,3.7288669653793383,0.0,0.05365932381182926,0.0,0.0,0.0,0.0,0,0
-2.446265447516909,45.0,20.0,-2.446265447516909,-2.446265447516909,0.95,2.3398077969187443,1.9128379134231337,3.7285314015745112,0.0,0.05241155066966014,0.0,0.0,0.0,0.0,0,0
-2.5474373784599975,50.0,20.0,-2.5474373784599975,-2.5474373784599975,0.95,2.44568177046499,1.7962973667415203,4.0803613143544855,0.0,0.049343339587242026,0.0,0.0,0.0,0.0,0,0
-2.532134280710521,55.0,20.0,-2.532134280710521,-2.532134280710521,0.95,2.555486557437824,1.7198706512434103,3.9198879796981543,0.0,0.04655581947743468,0.0,0.0,0.0,0.0,0,0
-2.5365496490027417,60.0,20.0,-2.5365496490027417,-2.5365496490027417,0.95,2.6550654232729296,1.7042971046716442,3.7937968141026346,0.0,0.04527938342967245,0.0,0.0,0.0,0.0,0,0
-2.474401658478476,65.0,20.0,-2.474401658478476,-2.474401658478476,0.95,2.745331237310778,1.5571730828877233,3.580556632553426,0.08163265306122448,0.044937889291621215,0.0,0.0,0.0,0.0,0,0
-2.4618115604339548,70.0,20.0,-2.4618115604339548,-2.4618115604339548,0.95,2.78181264163368,1.5155906358797748,3.528948150326493,0.12048192771084337,0.045258470743755656,0.0,0.0,0.0,0.0,0,0
-2.3635372771123517,75.0,20.0,-2.3635372771123517,-2.3635372771123517,0.95,2.7681949764581524,1.3684025114781628,3.3443669766456345,0.21933085501858737,0.04559742996303845,0.0,0.0,0.0,0.0,0,0
-2.4112954633680905,80.0,20.0,-2.4112954633680905,-2.4112954633680905,0.95,2.8070640699719878,1.4653627110310263,3.3691367855249155,0.20155038759689922,0.047409192632122565,0.0,0.0,0.0,0.0,0,0
-2.3418846093029666,85.0,20.0,-2.3418846093029666,-2.3418846093029666,0.95,2.8058157857293615,1.3514227473981315,3.2282597080090745,0.2536231884057971,0.048626590308974316,0.0,0.0,0.0,0.0,0,0
-2.2746981345123296,90.0,20.0,-2.2746981345123296,-2.2746981345123296,0.95,2.8167105059194735,1.2177758941970616,3.0942798343810987,0.3,0.05160491278769739,0.0,0.0,0.0,0.0,0,0
-2.213371221226097,95.0,20.0,-2.213371221226097,-2.213371221226097,0.95,2.807631031508539,1.1508904311980759,2.9396777325855785,0.32323232323232326,0.05441728017780247,0.0,0.0,0.0,0.0,0,0
-2.191100018312187,100.0,20.0,-2.191100018312187,-2.191100018312187,0.95,2.8389015735223286,1.1630990846011389,2.7879175314145663,0.3221476510067114,0.057061290663659114,0.0,0.0,0.0,0.0,0,0
-2.1798426230943635,105.0,20.0,-2.1798426230943635,-2.1798426230943635,0.95,2.8264313664522036,1.2690214378496192,2.6402359899755257,0.28044280442804426,0.05736645605973578,0.0,0.0,0.0,0.0,0,0
-2.0950293105425217,110.0,20.0,-2.0950293105425217,-2.0950293105425217,0.95,2.747458801596073,1.2304570093037626,2.469028641415811,0.28825622775800713,0.05967222818245718,0.0,0.0,0.0,0.0,0,0
-1.981738784656017,115.0,20.0,-1.981738784656017,-1.981738784656017,0.95,2.652224800191055,1.1015650560795835,2.3015582933952583,0.29931972789115646,0.06365292644044637,0.0,0.0,0.0,0.0,0,0
-1.9081886196187816,120.0,20.0,-1.9081886196187816,-1.9081886196187816,0.95,2.542302019473809,1.147746353583051,2.12835692220373,0.2775800711743772,0.06539977367620088,0.0,0.0,0.0,0.0,0,0
-1.7769024123434949,125.0,20.0,-1.7769024123434949,-1.7769024123434949,0.95,2.396622893134454,1.012508940793373,1.948476588156545,0.21993127147766323,0.07050481447161677,0.0,0.0,0.0,0.0,0,0
-1.6904900041383295,130.0,20.0,-1.6904900041383295,-1.6904900041383295,0.95,2.312171705445377,0.9696119741320994,1.771517381505225,0.19661016949152543,0.07619087379451425,0.0,0.0,0.0,0.0,0,0
-1.569781056348863,135.0,20.0,-1.569781056348863,-1.569781056348863,0.95,2.1320133885134824,0.9439122263152147,1.589940398247196,0.16487455197132617,0.08484270734032412,0.0,0.0,0.0,0.0,0,0
-1.4767128704904127,140.0,20.0,-1.4767128704904127,-1.4767128704904127,0.95,2.0357006530131128,0.9067320199507284,1.4047528031548548,0.1543859649122807,0.1050458299301207,0.0,0.0,0.0,0.0,0,0
-1.4931364005272139,145.0,20.0,-1.4931364005272139,-1.4931364005272139,0.95,2.108868916014366,1.040068911966502,1.2186891090831262,0.15100671140939598,0.1361951970739689,0.0,0.0,0.0,0.0,0,0
-1.3785566691094755,150.0,20.0,-1.3785566691094755,-1.3785566691094755,0.95,2.0135802722274327,0.9102010753753849,1.0424978343949451,0.1505016722408027,0.17059646318313518,0.0,0.0,0.0,0.0,0,0
-1.2582153624895254,155.0,20.0,-1.2582153624895254,-1.2582153624895254,0.95,1.943282474972816,0.7585008961461543,0.849389530310291,0.21070234113712374,0.18868303459356328,0.0,0.0,0.0,0.0,0,0
-1.1374477837416266,160.0,20.0,-1.1374477837416266,-1.1374477837416266,0.95,1.8645370091069742,0.5899451414470089,0.666653004113901,0.2251655629139073,0.1840169801076065,0.0,0.0,0.0,0.0,0,0
-1.0677052631980781,165.0,20.0,-1.0677052631980781,-1.0677052631980781,0.95,1.8663564893177451,0.4719561131576082,0.5076945567263123,0.2375,0.17880023296447292,0.0,0.0,0.0,0.0,0,0
-1.0446384386676228,170.0,20.0,-1.0446384386676228,-1.0446384386676228,0.95,1.8949786478477926,0.42011801877667154,0.50616220702966,0.4492307692307692,0.17308886023969822,0.0,0.0,0.0,0.0,0,0
-0.9325393265057416,175.0,20.0,-0.9325393265057416,-0.9325393265057416,0.95,1.658475563218983,0.36016473344216754,0.5157926937946433,0.4984025559105431,0.16490279267098698,0.0,0.0,0.0,0.0,0,0
-0.9264594297639218,180.0,20.0,-0.9264594297639218,-0.9264594297639218,0.95,1.6676282787270251,0.31826458841218896,0.5275697774247375,0.5205047318611987,0.13986540334720624,0.0,0.0,0.0,0.0,0,0
-0.926799187419598,185.0,20.0,-0.926799187419598,-0.926799187419598,0.95,1.6712810545540577,0.3089770759989736,0.5341699863929253,0.525,0.10712528697933749,0.0,0.0,0.0,0.0,0,0
-0.9241628894138983,190.0,20.0,-0.9241628894138983,-0.9241628894138983,0.95,1.6741523252902586,0.28654478298854613,0.5446291984032603,0.5329153605015674,0.08704769893621077,0.0,0.0,0.0,0.0,0,0
-0.8592949933165215,195.0,20.0,-0.8592949933165215,-0.8592949933165215,0.95,1.5173942090170822,0.28995688685332877,0.5407515752863963,0.5533980582524272,0.07054930980503771,0.0,0.0,0.0,0.0,0,0
-0.7856204672283902,200.0,20.0,-0.7856204672283902,-0.7856204672283902,0.95,1.3108964418896234,0.32356880871187677,0.5477945426519706,0.5657894736842105,0.0572470556745182,0.0,0.0,0.0,0.0,0,0
-0.8787310952246252,205.0,20.0,-0.8787310952246252,-0.8787310952246252,0.95,1.46522822804374,0.3708226603381206,0.5522365556903961,0.38125,0.04528170353000824,0.0,0.0,0.0,0.0,0,0
-0.5796556649195163,210.0,20.0,-0.5796556649195163,-0.5796556649195163,0.95,0.7105909444221425,0.3995220645443104,0.5407515752863963,0.39649122807017545,0.03626770173150984,0.0,0.0,0.0,0.0,0,0
-0.6453109182364486,215.0,20.0,-0.6453109182364486,-0.6453109182364486,0.95,0.8755212668941423,0.40514117954238243,0.5312006697626142,0.3898305084745763,0.02994361835762905,0.0,0.0,0.0,0.0,0,0
-0.5696757360953573,220.0,20.0,-0.5696757360953573,-0.5696757360953573,0.95,0.6708330375077264,0.4213658190109877,0.5279436592974733,0.35984848484848486,0.024375035428830565,0.0,0.0,0.0,0.0,0,0
-0.5603705227185415,225.0,20.0,-0.5603705227185415,-0.5603705227185415,0.95,0.6547103142195623,0.4170227938295459,0.526740976111502,0.37454545454545457,0.021281306212813062,0.0,0.0,0.0,0.0,0,0
-0.6479085933647621,230.0,20.0,-0.6479085933647621,-0.6479085933647621,0.95,0.8794300211692146,0.40038973601383726,0.540857634502303,0.3917525773195876,0.021273701678500505,0.0,0.0,0.0,0.0,0,0
-0.5723227012377606,235.0,20.0,-0.5723227012377606,-0.5723227012377606,0.95,0.7090245557760176,0.378876335204445,0.5466236446687918,0.42662116040955633,0.02326957738143276,0.0,0.0,0.0,0.0,0,0
-0.6145729193296935,240.0,20.0,-0.6145729193296935,-0.6145729193296935,0.95,0.8112503642003992,0.3769904353505211,0.5601983490165909,0.44224422442244227,0.025762439807383627,0.0,0.0,0.0,0.0,0,0
-0.6847445375485722,245.0,20.0,-0.6847445375485722,-0.6847445375485722,0.95,0.9680822120312292,0.40322287493082687,0.5601983490165909,0.43343653250773995,0.029049531459170014,0.0,0.0,0.0,0.0,0,0
-0.7360966563789332,250.0,20.0,-0.7360966563789332,-0.7360966563789332,0.95,1.0798575253203497,0.42600687926143604,0.5601983490165909,0.4239766081871345,0.03305607149586799,0.0,0.0,0.0,0.0,0,0
-0.8779639679890361,255.0,20.0,-0.8779639679890361,-0.8779639679890361,0.95,1.410881492156456,0.45599576936900504,0.5601983490165909,0.40437158469945356,0.037289516567083104,0.0,0.0,0.0,0.0,0,0
-0.9336196494751764,260.0,20.0,-0.9336196494751764,-0.9336196494751764,0.95,1.5365829372281845,0.45894418872961557,0.5744820245666238,0.3937007874015748,0.04140231896740319,0.0,0.0,0.0,0.0,0,0
-0.9308109686878339,265.0,20.0,-0.9308109686878339,-0.9308109686878339,0.95,1.5407342773741939,0.4432658174894989,0.5748032134631261,0.4,0.04590236727444287,0.0,0.0,0.0,0.0,0,0
-0.9679892420228008,270.0,20.0,-0.9679892420228008,-0.9679892420228008,0.95,1.5997478236577993,0.48931445700369297,0.5744820245666238,0.3785900783289817,0.050302721665817916,0.0,0.0,0.0,0.0,0,0
-0.9413521773877955,275.0,20.0,-0.9413521773877955,-0.9413521773877955,0.95,1.538821872723148,0.48881168862752133,0.5744820245666238,0.4,0.05434185016927573,0.0,0.0,0.0,0.0,0,0
-0.8756447302139874,280.0,20.0,-0.8756447302139874,-0.8756447302139874,0.95,1.3879837798014985,0.4722164656282044,0.5744820245666238,0.4122340425531915,0.05829450001484076,0.0,0.0,0.0,0.0,0,0
-0.9085106961172044,285.0,20.0,-0.9085106961172044,-0.9085106961172044,0.95,1.4394957835243045,0.5225228395673511,0.5601983490165896,0.37967914438502676,0.06266039349871685,0.0,0.0,0.0,0.0,0,0
-0.9087945657752324,290.0,20.0,-0.9087945657752324,-0.9087945657752324,0.95,1.4360402155090948,0.5225228395673511,0.5596486129656026,0.36164383561643837,0.06808823059980208,0.0,0.0,0.0,0.0,0,0
-0.935265521001602,295.0,20.0,-0.935265521001602,-0.935265521001602,0.95,1.4795609020741083,0.5390253270141372,0.5688175259642004,0.33519553072625696,0.07343563172578717,0.0,0.0,0.0,0.0,0,0
-0.9581099286655246,300.0,20.0,-0.9581099286655246,-0.9581099286655246,0.95,1.518767712175586,0.5562339905071809,0.5730895659770958,0.31728045325779036,0.0794527207695246,0.0,0.0,0.0,0.0,0,0
-0.9741101425641487,305.0,20.0,-0.9741101425641487,-0.9741101425641487,0.95,1.5484919022835073,0.539378415037266,0.6205794060442444,0.35276073619631904,0.08725888510669448,0.0,0.0,0.0,0.0,0,0
-1.0006169919199182,310.0,20.0,-1.0006169919199182,-1.0006169919199182,0.95,1.5796129546392865,0.5225228395673511,0.6944604251542945,0.3547400611620795,0.09728427677842962,0.0,0.0,0.0,0.0,0,0
-1.0242537887464356,315.0,20.0,-1.0242537887464356,-1.0242537887464356,0.95,1.6212013622119565,0.4888116886275231,0.7615785841163862,0.36824324324324326,0.10915580642483606,0.0,0.0,0.0,0.0,0,0
-1.0381013930934027,320.0,20.0,-1.0381013930934027,-1.0381013930934027,0.95,1.6458220838025837,0.4556405055496686,0.8186098750885619,0.3879003558718861,0.12328644786782764,0.0,0.0,0.0,0.0,0,0
-1.053263551409135,325.0,20.0,-1.053263551409135,-1.053263551409135,0.95,1.6840401515555814,0.4213893867478653,0.8600075939436044,0.4070175438596491,0.14142149723274106,0.0,0.0,0.0,0.0,0,0
-1.0750620222790683,330.0,20.0,-1.0750620222790683,-1.0750620222790683,0.95,1.7282459160247483,0.3876782358080355,0.9127474124036223,0.4134275618374558,0.16276090321891848,0.0,0.0,0.0,0.0,0,0
-1.0767323488835827,335.0,20.0,-1.0767323488835827,-1.0767323488835827,0.95,1.7545794161832875,0.34858643701623593,0.952434332341147,0.5035460992907801,0.18035882908404155,0.0,0.0,0.0,0.0,0,0
-1.0825454016589247,340.0,20.0,-1.0825454016589247,-1.0825454016589247,0.95,1.7838811184021397,0.3034003584584628,1.002358692776365,0.574468085106383,0.18925308287010414,0.0,0.0,0.0,0.0,0,0
-1.0989441790652126,345.0,20.0,-1.0989441790652126,-1.0989441790652126,0.95,1.8109413612508585,0.26881585048583134,1.0558435766625351,0.5659722222222222,0.18930942440626924,0.0,0.0,0.0,0.0,0,0
-1.10517057679509,350.0,20.0,-1.10517057679509,-1.10517057679509,0.95,1.8216231262174971,0.2191224811088901,1.1094980353910788,0.5563380281690141,0.17623334533669427,0.0,0.0,0.0,0.0,0,0
-1.1186088713036155,355.0,20.0,-1.1186088713036155,-1.1186088713036155,0.95,1.8406003608290291,0.17429321850811796,1.175676389026541,0.5512367491166078,0.15272727272727274,0.0,0.0,0.0,0.0,0,0
-0.9556713176705232,0.0,25.0,-0.9556713176705232,-0.9556713176705232,0.95,1.4192581095549173,0.12005491114738889,1.2599542663761136,0.5703422053231939,0.16543958423559982,0.0,0.0,0.0,0.0,0,0
-1.01004297667085,5.0,25.0,-1.01004297667085,-1.01004297667085,0.95,1.4192581095549173,0.20553757724061214,1.3807955238966174,0.5424354243542435,0.1472662407699328,0.0,0.0,0.0,0.0,0,0
-1.0949827452841756,10.0,25.0,-1.0949827452841756,-1.0949827452841756,0.95,1.4200857022938214,0.50993597605714,1.3785528621044287,0.4517374517374517,0.12290117304301158,0.0,0.0,0.0,0.0,0,0
-1.1461524990422258,15.0,25.0,-1.1461524990422258,-1.1461524990422258,0.95,1.4289126964684362,0.6466478854461847,1.358788410546449,0.2677165354330709,0.10631741140215717,0.0,0.0,0.0,0.0,0,0
-1.2031665671427096,20.0,25.0,-1.2031665671427096,-1.2031665671427096,0.95,1.432697479951883,0.8022272150742658,1.3478105855735605,0.07421875,0.09188597902322888,0.0,0.0,0.0,0.0,0,0
-1.2771945032381737,25.0,25.0,-1.2771945032381737,-1.2771945032381737,0.95,1.4361773073418767,1.0429183326413223,1.3679759885643694,0.0,0.07972094687257766,0.0,0.0,0.0,0.0,0,0
-1.3643384017846523,30.0,25.0,-1.3643384017846523,-1.3643384017846523,0.95,1.4438665648235736,1.1898578916847662,1.5573092117361247,0.0,0.07068734657442535,0.0,0.0,0.0,0.0,0,0
-1.4087851671164704,35.0,25.0,-1.4087851671164704,-1.4087851671164704,0.95,1.4691895957332752,1.249430580792061,1.6350067345005799,0.0,0.06404588990632565,0.0,0.0,0.0,0.0,0,0
-1.4762846443871143,40.0,25.0,-1.4762846443871143,-1.4762846443871143,0.95,1.5725581748044386,1.3293502123309555,1.6596952855303995,0.0,0.06159276198051303,0.0,0.0,0.0,0.0,0,0
-1.7938258096333826,45.0,25.0,-1.7938258096333826,-1.7938258096333826,0.95,1.6897471283235816,1.4084280308964314,2.663279802319368,0.0,0.05871962572206044,0.0,0.0,0.0,0.0,0,0
-1.9223159773091236,50.0,25.0,-1.9223159773091236,-1.9223159773091236,0.95,1.7968596284803862,1.4355336471865265,2.97875485648135,0.0,0.05976810527284439,0.0,0.0,0.0,0.0,0,0
-1.9530438433222752,55.0,25.0,-1.9530438433222752,-1.9530438433222752,0.95,1.9039835465821866,1.4493308914168948,2.9164708073407066,0.0,0.05661054994388328,0.0,0.0,0.0,0.0,0,0
-1.961598957677658,60.0,25.0,-1.961598957677658,-1.961598957677658,0.95,1.9857384234395632,1.4176325271529802,2.858724683197207,0.017857142857142856,0.057855952276515486,0.0,0.0,0.0,0.0,0,0
-1.9348522288677867,65.0,25.0,-1.9348522288677867,-1.9348522288677867,0.95,2.041323433648179,1.333771003813861,2.7885000096569343,0.12244897959183673,0.059225315580148714,0.0,0.0,0.0,0.0,0,0
-1.9748687365385982,70.0,25.0,-1.9748687365385982,-1.9748687365385982,0.95,2.0690152324447055,1.1752865648828512,3.0860107053952555,0.18061674008810572,0.059690651170740044,0.0,0.0,0.0,0.0,0,0
-1.9499005840777728,75.0,25.0,-1.9499005840777728,-1.9499005840777728,0.95,2.0961002169189795,1.1380650253550257,2.9978202539289875,0.22510822510822512,0.06306268227735745,0.0,0.0,0.0,0.0,0,0
-1.931923742334581,80.0,25.0,-1.931923742334581,-1.931923742334581,0.95,2.140658084679149,1.1738380790771896,2.82838901701516,0.24896265560165975,0.06626531385509199,0.0,0.0,0.0,0.0,0,0
-1.8862401126715942,85.0,25.0,-1.8862401126715942,-1.8862401126715942,0.95,2.1799032883613956,1.0635366358328742,2.719249051559561,0.31417624521072796,0.07057980785437384,0.0,0.0,0.0,0.0,0,0
-1.843522173053346,90.0,25.0,-1.843522173053346,-1.843522173053346,0.95,2.176688878733931,0.9616928266472584,2.6660921270247857,0.34099616858237547,0.07576910074374578,0.0,0.0,0.0,0.0,0,0
-1.8360684932193023,95.0,25.0,-1.8360684932193023,-1.8360684932193023,0.95,2.2420565266602006,0.9812788652342198,2.5134336027156063,0.3443223443223443,0.07983588340883836,0.0,0.0,0.0,0.0,0,0
-1.79491088592753,100.0,25.0,-1.79491088592753,-1.79491088592753,0.95,2.1917604437455953,0.9534549236793249,2.459221534097993,0.34962406015037595,0.08228176318063958,0.0,0.0,0.0,0.0,0,0
-1.7621286263050295,105.0,25.0,-1.7621286263050295,-1.7621286263050295,0.95,2.201993145334026,0.9368260708410654,2.330386194297441,0.35471698113207545,0.08647791818942363,0.0,0.0,0.0,0.0,0,0
-1.6855724267613332,110.0,25.0,-1.6855724267613332,-1.6855724267613332,0.95,2.123877761584981,0.891837837080182,2.1865758096381365,0.3358208955223881,0.09080717488789238,0.0,0.0,0.0,0.0,0,0
-1.6561414256091727,115.0,25.0,-1.6561414256091727,-1.6561414256091727,0.95,2.0563802073295765,1.0367635417276626,2.0273235587114353,0.32432432432432434,0.09503942783788741,0.0,0.0,0.0,0.0,0,0
-1.5769738420239485,120.0,25.0,-1.5769738420239485,-1.5769738420239485,0.95,1.9573708601446205,1.0371072250945463,1.8687244964995848,0.32432432432432434,0.09838438550616362,0.0,0.0,0.0,0.0,0,0
-1.4876828619879583,125.0,25.0,-1.4876828619879583,-1.4876828619879583,0.95,1.8589400848225401,0.9869546960532273,1.7154799421898679,0.315018315018315,0.10472230188318517,0.0,0.0,0.0,0.0,0,0
-1.3870625627005457,130.0,25.0,-1.3870625627005457,-1.3870625627005457,0.95,1.7612405465729597,0.9079144822521437,1.5508180473179753,0.32116788321167883,0.12323891442977904,0.0,0.0,0.0,0.0,0,0
-1.2842991474419552,135.0,25.0,-1.2842991474419552,-1.2842991474419552,0.95,1.6523068809020698,0.8259231980258139,1.3875823822986941,0.3,0.1471164758072836,0.0,0.0,0.0,0.0,0,0
-1.1964420891381673,140.0,25.0,-1.1964420891381673,-1.1964420891381673,0.95,1.547424356875273,0.7789717239194521,1.2202949510100694,0.22344322344322345,0.1748917748917749,0.0,0.0,0.0,0.0,0,0
-1.0965119931889993,145.0,25.0,-1.0965119931889993,-1.0965119931889993,0.95,1.4332435128153485,0.7223981099281395,1.0557543599703592,0.21323529411764705,0.20517173088892662,0.0,0.0,0.0,0.0,0,0
-0.9951480950283269,150.0,25.0,-0.9951480950283269,-0.9951480950283269,0.95,1.3618896876823072,0.5915786246767587,0.8935518989804742,0.2089041095890411,0.22941142427223798,0.0,0.0,0.0,0.0,0,0
-0.8915569237198211,155.0,25.0,-0.8915569237198211,-0.8915569237198211,0.95,1.2573394350895413,0.5301335284293647,0.7285177369733197,0.2604166666666667,0.23216549498674657,0.0,0.0,0.0,0.0,0,0
-0.8185360159276808,160.0,25.0,-0.8185360159276808,-0.8185360159276808,0.95,1.2266458428542135,0.4471319505606156,0.573089565977094,0.27177700348432055,0.22853201517415794,0.0,0.0,0.0,0.0,0,0
-0.7374783196832589,165.0,25.0,-0.7374783196832589,-0.7374783196832589,0.95,1.1934377750977214,0.3812729979350179,0.4213776028794256,0.40559440559440557,0.2223669309173273,0.0,0.0,0.0,0.0,0,0
-0.6995374788092054,170.0,25.0,-0.6995374788092054,-0.6995374788092054,0.95,1.1816302082314765,0.2907839862108337,0.4435181592359072,0.5669014084507042,0.21437719249401416,0.0,0.0,0.0,0.0,0,0
-0.6635923967080849,175.0,25.0,-0.6635923967080849,-0.6635923967080849,0.95,1.1621059812528958,0.1986247147346561,0.4435181592359072,0.6178571428571429,0.2018111254851229,0.0,0.0,0.0,0.0,0,0
-0.6368385200569905,180.0,25.0,-0.6368385200569905,-0.6368385200569905,0.95,1.154373032842936,0.09801347550957105,0.4480580378839787,0.6142857142857143,0.17207327056897256,0.0,0.0,0.0,0.0,0,0
-0.663088842471594,185.0,25.0,-0.663088842471594,-0.663088842471594,0.95,1.1646834867880325,0.17743749875738846,0.4549025531377011,0.6086956521739131,0.13224749513272235,0.0,0.0,0.0,0.0,0,0
-0.6040024534070187,190.0,25.0,-0.6040024534070187,-0.6040024534070187,0.95,0.9852063384862365,0.21968212029716816,0.46275617244258327,0.6068965517241379,0.1096163207505421,0.0,0.0,0.0,0.0,0,0
-0.6202814522712398,195.0,25.0,-0.6202814522712398,-0.6202814522712398,0.95,1.0087544300268165,0.2528336320487199,0.4603331989589683,0.6151202749140894,0.09358578697139044,0.0,0.0,0.0,0.0,0,0
-0.4586513696199769,200.0,25.0,-0.4586513696199769,-0.4586513696199769,0.95,0.5964281538047417,0.2865447829885479,0.45894418872961557,0.6629213483146067,0.08083040612542922,0.0,0.0,0.0,0.0,0,0
-0.41724703166605265,205.0,25.0,-0.41724703166605265,-0.41724703166605265,0.95,0.4808218901945111,0.3202559339283759,0.4603331989589681,0.7022900763358778,0.0705048448516382,0.0,0.0,0.0,0.0,0,0
-0.4202229806083063,210.0,25.0,-0.4202229806083063,-0.4202229806083063,0.95,0.4431046048120759,0.3371115093982908,0.45496808409530265,0.5503875968992248,0.06143492890480842,0.0,0.0,0.0,0.0,0,0
-0.5433981885753949,215.0,25.0,-0.5433981885753949,-0.5433981885753949,0.95,0.7197361392620512,0.35481452738872576,0.456747442421098,0.4738675958188153,0.054140237773387404,0.0,0.0,0.0,0.0,0,0
-0.41356571827547267,220.0,25.0,-0.41356571827547267,-0.41356571827547267,0.95,0.4233681015067271,0.3326386194269304,0.45321488310093144,0.5224489795918368,0.050639317162039066,0.0,0.0,0.0,0.0,0,0
-0.4152077668835254,225.0,25.0,-0.4152077668835254,-0.4152077668835254,0.95,0.43896989468222825,0.3326386194269304,0.44932239799212437,0.5587044534412956,0.0480287447257384,0.0,0.0,0.0,0.0,0,0
-0.5673155287233251,230.0,25.0,-0.5673155287233251,-0.5673155287233251,0.95,0.7958562917397254,0.33747581024519646,0.46273278462713335,0.5107913669064749,0.0463520424677931,0.0,0.0,0.0,0.0,0,0
-0.4429847317568119,235.0,25.0,-0.4429847317568119,-0.4429847317568119,0.95,0.4967852028022644,0.3117559159347533,0.4887229130239654,0.5584905660377358,0.04534560444827917,0.0,0.0,0.0,0.0,0,0
-0.46100146417837334,240.0,25.0,-0.46100146417837334,-0.46100146417837334,0.95,0.5330390761801678,0.31046271146513504,0.5004608431403094,0.5494505494505495,0.046243325705568265,0.0,0.0,0.0,0.0,0,0
-0.5531059462829508,245.0,25.0,-0.5531059462829508,-0.5531059462829508,0.95,0.740258138391295,0.3262051188379451,0.5100248229499781,0.5205479452054794,0.047522429699140854,0.0,0.0,0.0,0.0,0,0
-0.5916125078697537,250.0,25.0,-0.5916125078697537,-0.5916125078697537,0.95,0.8265033819766763,0.32941651759108703,0.5225228395673511,0.5197368421052632,0.0506220369722231,0.0,0.0,0.0,0.0,0,0
-0.6015671140317367,255.0,25.0,-0.6015671140317367,-0.6015671140317367,0.95,0.8406437497043058,0.32970317881769323,0.539378415037266,0.5196078431372549,0.054089625064201334,0.0,0.0,0.0,0.0,0,0
-0.6978024965226174,260.0,25.0,-0.6978024965226174,-0.6978024965226174,0.95,1.059997079566558,0.3539670848682057,0.539378415037266,0.4953271028037383,0.05802613614199337,0.0,0.0,0.0,0.0,0,0
-0.7052757178799475,265.0,25.0,-0.7052757178799475,-0.7052757178799475,0.95,1.076903985489992,0.3539670848682057,0.5398340907186607,0.48936170212765956,0.06211631130767707,0.0,0.0,0.0,0.0,0,0
-0.7516984901935492,270.0,25.0,-0.7516984901935492,-0.7516984901935492,0.95,1.1809720994587631,0.36681627562739705,0.5398340907186607,0.47352941176470587,0.06685293028579123,0.0,0.0,0.0,0.0,0,0
-0.7418728145572816,275.0,25.0,-0.7418728145572816,-0.7418728145572816,0.95,1.1674692607062078,0.3543140728455534,0.539378415037266,0.4853801169590643,0.07112165274483517,0.0,0.0,0.0,0.0,0,0
-0.7577433506552851,280.0,25.0,-0.7577433506552851,-0.7577433506552851,0.95,1.2080053910045219,0.3539670848682057,0.539378415037266,0.4879518072289157,0.0751284397213034,0.0,0.0,0.0,0.0,0,0
-0.7666452792291791,285.0,25.0,-0.7666452792291791,-0.7666452792291791,0.95,1.2057378292578487,0.3928159763658847,0.5245238234647183,0.44984802431610943,0.08057267125770207,0.0,0.0,0.0,0.0,0,0
-0.7232375134882914,290.0,25.0,-0.7232375134882914,-0.7232375134882914,0.95,1.086274023404576,0.4079663346942683,0.5225228395673511,0.4389438943894389,0.08627260499178001,0.0,0.0,0.0,0.0,0,0
-0.7675930702720895,295.0,25.0,-0.7675930702720895,-0.7675930702720895,0.95,1.1608140975573618,0.4549025531377012,0.5163067067425983,0.3953488372093023,0.09337115324836805,0.0,0.0,0.0,0.0,0,0
-0.7816500052432748,300.0,25.0,-0.7816500052432748,-0.7816500052432748,0.95,1.162670832158756,0.4719561131576082,0.5535401265344917,0.39792387543252594,0.10182407782732063,0.0,0.0,0.0,0.0,0,0
-0.8090024106466325,305.0,25.0,-0.8090024106466325,-0.8090024106466325,0.95,1.193123922164039,0.45859700553147653,0.625248893966692,0.3920863309352518,0.11085617165923094,0.0,0.0,0.0,0.0,0,0
-0.834240091587851,310.0,25.0,-0.834240091587851,-0.834240091587851,0.95,1.22877934322549,0.4382449622177784,0.696806386007324,0.4103448275862069,0.12135638895126881,0.0,0.0,0.0,0.0,0,0
-0.846707225522132,315.0,25.0,-0.846707225522132,-0.846707225522132,0.95,1.2237282190145067,0.4213893867478635,0.7749833901882118,0.4187725631768953,0.1342237061769616,0.0,0.0,0.0,0.0,0,0
-0.8617066981506061,320.0,25.0,-0.8617066981506061,-0.8617066981506061,0.95,1.2498790195238147,0.3876782358080355,0.8318328318759882,0.4312267657992565,0.14868400800369402,0.0,0.0,0.0,0.0,0,0
-0.8867584189916008,325.0,25.0,-0.8867584189916008,-0.8867584189916008,0.95,1.2850115013514098,0.3708226603381206,0.888774988944954,0.421455938697318,0.16843102295520393,0.0,0.0,0.0,0.0,0,0
-0.8837118779492357,330.0,25.0,-0.8837118779492357,-0.8837118779492357,0.95,1.3132052525304703,0.3371115093982908,0.9437986095858545,0.6179775280898876,0.1930539504896296,0.0,0.0,0.0,0.0,0,0
-0.8949601092893568,335.0,25.0,-0.8949601092893568,-0.8949601092893568,0.95,1.3331456105793225,0.3034003584584628,0.9894448376211054,0.6150943396226415,0.21343373092556805,0.0,0.0,0.0,0.0,0,0
-0.9058986627120861,340.0,25.0,-0.9058986627120861,-0.9058986627120861,0.95,1.3554140249165667,0.269689207518633,1.026135196771755,0.6022304832713755,0.2277409860191317,0.0,0.0,0.0,0.0,0,0
-0.9186242028743737,345.0,25.0,-0.9186242028743737,-0.9186242028743737,0.95,1.3744694247279727,0.235978056578805,1.0754579009178429,0.5902255639097744,0.2270244597482783,0.0,0.0,0.0,0.0,0,0
-0.9289831796946149,350.0,25.0,-0.9289831796946149,-0.9289831796946149,0.95,1.397082201593122,0.20226690563897343,1.1162130784692788,0.5946969696969697,0.2076302884215776,0.0,0.0,0.0,0.0,0,0
-0.9299816582238982,355.0,25.0,-0.9299816582238982,-0.9299816582238982,0.95,1.397092369215544,0.1517001792292323,1.1691720992149268,0.5907335907335908,0.1758420242776543,0.0,0.0,0.0,0.0,0,0
-0.787199184080272,0.0,30.0,-0.787199184080272,-0.787199184080272,0.95,1.1088210199504895,0.1179890282894025,1.0870442706634313,0.5758754863813229,0.19837868058143868,0.0,0.0,0.0,0.0,0,0
-0.8068097484801566,5.0,30.0,-0.8068097484801566,-0.8068097484801566,0.95,1.1095317825783606,0.1461570691488066,1.1294531198905369,0.5590551181102362,0.17296709273864563,0.0,0.0,0.0,0.0,0,0
-0.8674314673753577,10.0,30.0,-0.8674314673753577,-0.8674314673753577,0.95,1.1115772590473103,0.3939710618836387,1.0931159668046468,0.4897119341563786,0.14684838160136285,0.0,0.0,0.0,0.0,0,0
-0.9156637144379496,15.0,30.0,-0.9156637144379496,-0.9156637144379496,0.95,1.119282970310134,0.5518183170945388,1.0994076564738025,0.448559670781893,0.12517905459175552,0.0,0.0,0.0,0.0,0,0
-0.9574039816903084,20.0,30.0,-0.9574039816903084,-0.9574039816903084,0.95,1.123665335930506,0.6344219250703773,1.0816269848632036,0.21074380165289255,0.1066420664206642,0.0,0.0,0.0,0.0,0,0
-1.0102890446214638,25.0,30.0,-1.0102890446214638,-1.0102890446214638,0.95,1.1219636217542388,0.7854252885463315,1.0773958178218166,0.04201680672268908,0.09244218061674009,0.0,0.0,0.0,0.0,0,0
-1.0317757957084976,30.0,30.0,-1.0317757957084976,-1.0317757957084976,0.95,1.1232739546662194,0.8845153660246527,1.0453494893433861,0.0,0.08118556701030928,0.0,0.0,0.0,0.0,0,0
-1.1072829689969799,35.0,30.0,-1.1072829689969799,-1.1072829689969799,0.95,1.1379681939534336,0.9439122263152164,1.2644705393472089,0.0,0.07341463414634146,0.0,0.0,0.0,0.0,0,0
-1.1264703853419462,40.0,30.0,-1.1264703853419462,-1.1264703853419462,0.95,1.1700608057151012,0.9639661487379756,1.2698181034856466,0.0,0.06777486147564887,0.0,0.0,0.0,0.0,0,0
-1.1710262637075157,45.0,30.0,-1.1710262637075157,-1.1710262637075157,0.95,1.2710254610722562,0.9915378402786758,1.2589264768357764,0.0,0.06900433387741318,0.0,0.0,0.0,0.0,0,0
-1.2472620960337495,50.0,30.0,-1.2472620960337495,-1.2472620960337495,0.95,1.3741512729070229,1.071671235664577,1.3187351118191835,0.0,0.06313379129865881,0.0,0.0,0.0,0.0,0,0
-1.5415282750660064,55.0,30.0,-1.5415282750660064,-1.5415282750660064,0.95,1.4673150541206543,1.154467352624263,2.2694972166022707,0.013888888888888888,0.059204931972789115,0.0,0.0,0.0,0.0,0,0
-1.5576966342184346,60.0,30.0,-1.5576966342184346,-1.5576966342184346,0.95,1.5306159200414031,1.1641454600761203,2.2466148807494717,0.07239819004524888,0.06035558328134747,0.0,0.0,0.0,0.0,0,0
-1.5513497093830277,65.0,30.0,-1.5513497093830277,-1.5513497093830277,0.95,1.564912046606239,1.0561901578900614,2.3253494050720667,0.2,0.05949283126690137,0.0,0.0,0.0,0.0,0,0
-1.5390124726213317,70.0,30.0,-1.5390124726213317,-1.5390124726213317,0.95,1.5821621947780342,1.0676824121292663,2.2478950911747253,0.22746781115879827,0.06116685996671877,0.0,0.0,0.0,0.0,0,0
-1.5305159705433045,75.0,30.0,-1.5305159705433045,-1.5305159705433045,0.95,1.6168197985704231,1.0658615048312252,2.1709856148835533,0.2542372881355932,0.06778725539387857,0.0,0.0,0.0,0.0,0,0
-1.5302850208451353,80.0,30.0,-1.5302850208451353,-1.5302850208451353,0.95,1.6720917929891737,1.0635366358328742,2.093459898267063,0.27800829875518673,0.07522477522477522,0.0,0.0,0.0,0.0,0,0
-1.539849838404491,85.0,30.0,-1.539849838404491,-1.539849838404491,0.95,1.742215408740764,1.049864389780791,2.0400230967371966,0.29508196721311475,0.08556309904153354,0.0,0.0,0.0,0.0,0,0
-1.5309161418764972,90.0,30.0,-1.5309161418764972,-1.5309161418764972,0.95,1.7698354243410286,1.0639332281146419,1.948476588156545,0.30120481927710846,0.092584224531807,0.0,0.0,0.0,0.0,0,0
-1.5181401051746024,95.0,30.0,-1.5181401051746024,-1.5181401051746024,0.95,1.7866909998109417,1.0622856528322782,1.873791390390847,0.3055555555555556,0.0984463773945397,0.0,0.0,0.0,0.0,0,0
-1.4883568338591617,100.0,30.0,-1.4883568338591617,-1.4883568338591617,0.95,1.7656970605908253,1.0398421337283739,1.8123914733904032,0.30980392156862746,0.10736927524471268,0.0,0.0,0.0,0.0,0,0
-1.4466808251728516,105.0,30.0,-1.4466808251728516,-1.4466808251728516,0.95,1.721940946915114,1.0291462349199585,1.7295303742366777,0.3176470588235294,0.11542437713222371,0.0,0.0,0.0,0.0,0,0
-1.4034256811919772,110.0,30.0,-1.4034256811919772,-1.4034256811919772,0.95,1.668701971521541,1.0166787922437779,1.6567882780896643,0.32421875,0.12490160062975597,0.0,0.0,0.0,0.0,0,0
-1.348896522482365,115.0,30.0,-1.348896522482365,-1.348896522482365,0.95,1.6012796696418832,0.979884383894819,1.5849283658817597,0.3281853281853282,0.13420700722118215,0.0,0.0,0.0,0.0,0,0
-1.2784253890159192,120.0,30.0,-1.2784253890159192,-1.2784253890159192,0.95,1.5170017922923105,0.9122059584200224,1.50762606330929,0.3333333333333333,0.1459574700705188,0.0,0.0,0.0,0.0,0,0
-1.1966307965941683,125.0,30.0,-1.1966307965941683,-1.1966307965941683,0.95,1.424339676875532,0.8282619797312152,1.415195586240027,0.33969465648854963,0.1607253129736709,0.0,0.0,0.0,0.0,0,0
-1.1040372134113896,130.0,30.0,-1.1040372134113896,-1.1040372134113896,0.95,1.3260305579004763,0.7344003129467445,1.312338454028201,0.3805970149253731,0.18149136031543547,0.0,0.0,0.0,0.0,0,0
-1.0089666425874075,135.0,30.0,-1.0089666425874075,-1.0089666425874075,0.95,1.2149287240480688,0.6541859101561482,1.180087191835149,0.3557312252964427,0.20899120163914667,0.0,0.0,0.0,0.0,0,0
-0.9118499769183978,140.0,30.0,-0.9118499769183978,-0.9118499769183978,0.95,1.1176624049349286,0.573089565977094,1.0309323835643904,0.36220472440944884,0.234170476608004,0.0,0.0,0.0,0.0,0,0
-0.8117510114378155,145.0,30.0,-0.8117510114378155,-0.8117510114378155,0.95,1.0293213460241926,0.4719561131576082,0.8758949729847963,0.3694029850746269,0.2517500481664633,0.0,0.0,0.0,0.0,0,0
-0.7185389782125574,150.0,30.0,-0.7185389782125574,-0.7185389782125574,0.95,0.9325710831904566,0.39901752494200526,0.7193882911671302,0.3409090909090909,0.2657324510185546,0.0,0.0,0.0,0.0,0,0
-0.6765981955223964,155.0,30.0,-0.6765981955223964,-0.6765981955223964,0.95,0.9290108958954103,0.38930201088390864,0.5645023340555483,0.3345724907063197,0.26908643892339545,0.0,0.0,0.0,0.0,0,0
-0.6164394353545061,160.0,30.0,-0.6164394353545061,-0.6164394353545061,0.95,0.8727018345447726,0.37082266033811884,0.4324411420907972,0.3345724907063197,0.2665938443744779,0.0,0.0,0.0,0.0,0,0
-0.5864919107280191,165.0,30.0,-0.5864919107280191,-0.5864919107280191,0.95,0.9385870067041929,0.3034003584584628,0.3769904353505211,0.5904059040590406,0.2593789607097592,0.0,0.0,0.0,0.0,0,0
-0.5481825358775071,170.0,30.0,-0.5481825358775071,-0.5481825358775071,0.95,0.9244721620919378,0.2022669056389752,0.3769904353505211,0.6642066420664207,0.25121133060007456,0.0,0.0,0.0,0.0,0,0
-0.5039635393054498,175.0,30.0,-0.5039635393054498,-0.5039635393054498,0.95,0.8663490282716764,0.1179890282894025,0.3773670610562048,0.6641509433962264,0.23802359171882523,0.0,0.0,0.0,0.0,0,0
-0.4857202106167779,180.0,30.0,-0.4857202106167779,-0.4857202106167779,0.95,0.8404669117520437,0.0842778773495727,0.378494689584231,0.6615969581749049,0.20322930336052947,0.0,0.0,0.0,0.0,0,0
-0.5045362051698742,185.0,30.0,-0.5045362051698742,-0.5045362051698742,0.95,0.8325475122016779,0.1685557546991472,0.3773670610562049,0.6496350364963503,0.16080642587371669,0.0,0.0,0.0,0.0,0,0
-0.5033400073311739,190.0,30.0,-0.5033400073311739,-0.5033400073311739,0.95,0.8018378397013877,0.21912248110888832,0.3769904353505211,0.6642335766423357,0.13566181981711886,0.0,0.0,0.0,0.0,0,0
-0.46930160016988426,195.0,30.0,-0.46930160016988426,-0.46930160016988426,0.95,0.7110566931120171,0.23639584605105946,0.37821278245222434,0.6877323420074349,0.11855524079320114,0.0,0.0,0.0,0.0,0,0
-0.4747027931330481,200.0,30.0,-0.4747027931330481,-0.4747027931330481,0.95,0.7122118356690285,0.269689207518633,0.3769904353505211,0.7185185185185186,0.10505014165579889,0.0,0.0,0.0,0.0,0,0
-0.35118545031237974,205.0,30.0,-0.35118545031237974,-0.35118545031237974,0.95,0.4087547755293498,0.2865447829885479,0.37957399279862686,0.7884615384615384,0.09394500150621853,0.0,0.0,0.0,0.0,0,0
-0.39524485542806576,210.0,30.0,-0.39524485542806576,-0.39524485542806576,0.95,0.5050391718126206,0.317699326409477,0.3863529515381241,0.8278388278388278,0.0843801652892562,0.0,0.0,0.0,0.0,0,0
-0.48466492802740935,215.0,30.0,-0.48466492802740935,-0.48466492802740935,0.95,0.6928855409432723,0.32576406408987757,0.38980066803240976,0.7138047138047138,0.07720294258755797,0.0,0.0,0.0,0.0,0,0
-0.3538559932456186,220.0,30.0,-0.3538559932456186,-0.3538559932456186,0.95,0.3734655660110598,0.2934271910021776,0.40257687636260125,0.6953125,0.07163446556559676,0.0,0.0,0.0,0.0,0,0
-0.37711525926264194,225.0,30.0,-0.37711525926264194,-0.37711525926264194,0.95,0.4207998783332579,0.2882868035033397,0.4059853373049245,0.6477272727272727,0.06867083778422096,0.0,0.0,0.0,0.0,0,0
-0.4205592328761637,230.0,30.0,-0.4205592328761637,-0.4205592328761637,0.95,0.5118450912294374,0.2882868035033397,0.41722905773142605,0.6055776892430279,0.06696495713641148,0.0,0.0,0.0,0.0,0,0
-0.4117222583881506,235.0,30.0,-0.4117222583881506,-0.4117222583881506,0.95,0.4851628550677199,0.2844188730011521,0.42962044515627673,0.6085271317829457,0.06668895824045178,0.0,0.0,0.0,0.0,0,0
-0.4101182631375324,240.0,30.0,-0.4101182631375324,-0.4101182631375324,0.95,0.47746880958176086,0.2807976800409022,0.4382449622177802,0.6062992125984252,0.06830096728937458,0.0,0.0,0.0,0.0,0,0
-0.4448626322492598,245.0,30.0,-0.4448626322492598,-0.4448626322492598,0.95,0.558031514999695,0.2709047717708005,0.4551005376876933,0.5985130111524164,0.0712969786293294,0.0,0.0,0.0,0.0,0,0
-0.47714896751558245,250.0,30.0,-0.47714896751558245,-0.47714896751558245,0.95,0.6333333812307552,0.27373143421616586,0.4572453115912412,0.5892857142857143,0.0734571776784725,0.0,0.0,0.0,0.0,0,0
-0.48117510247024003,255.0,30.0,-0.48117510247024003,-0.48117510247024003,0.95,0.6385165736100922,0.269689207518633,0.4719561131576082,0.5964285714285714,0.07736389684813753,0.0,0.0,0.0,0.0,0,0
-0.4697995606219494,260.0,30.0,-0.4697995606219494,-0.4697995606219494,0.95,0.6104367683030412,0.269689207518633,0.4719561131576082,0.597864768683274,0.08134457577354513,0.0,0.0,0.0,0.0,0,0
-0.5662038798280609,265.0,30.0,-0.5662038798280609,-0.5662038798280609,0.95,0.8353191511089896,0.2865447829885479,0.47247681809880016,0.5767918088737202,0.08486916951080774,0.0,0.0,0.0,0.0,0,0
-0.589743846453181,270.0,30.0,-0.589743846453181,-0.589743846453181,0.95,0.8944632227082717,0.2865447829885479,0.4719561131576082,0.5766666666666667,0.0896381261344765,0.0,0.0,0.0,0.0,0,0
-0.5971553593088316,275.0,30.0,-0.5971553593088316,-0.5971553593088316,0.95,0.9143102880135073,0.2865447829885479,0.4719561131576082,0.5819397993311036,0.09391873251093683,0.0,0.0,0.0,0.0,0,0
-0.5925831193718835,280.0,30.0,-0.5925831193718835,-0.5925831193718835,0.95,0.8983955761654392,0.2906731721949527,0.4719561131576082,0.5743243243243243,0.09893037336024219,0.0,0.0,0.0,0.0,0,0
-0.6051346186352417,285.0,30.0,-0.6051346186352417,-0.6051346186352417,0.95,0.9216460166765348,0.30638042625023887,0.45721149643820386,0.54421768707483,0.10495517928286853,0.0,0.0,0.0,0.0,0,0
-0.6371911278701868,290.0,30.0,-0.6371911278701868,-0.6371911278701868,0.95,0.9557524734156365,0.3547377941058134,0.4551005376876933,0.4756944444444444,0.11149479863599085,0.0,0.0,0.0,0.0,0,0
-0.6495029917340853,295.0,30.0,-0.6495029917340853,-0.6495029917340853,0.95,0.9437729787311382,0.3769904353505211,0.49216943460554574,0.4529616724738676,0.11906997540800358,0.0,0.0,0.0,0.0,0,0
-0.6289224035337321,300.0,30.0,-0.6289224035337321,-0.6289224035337321,0.95,0.8657745113590534,0.3876782358080355,0.5234173214427298,0.45161290322580644,0.12753055322324844,0.0,0.0,0.0,0.0,0,0
-0.6665918939344194,305.0,30.0,-0.6665918939344194,-0.6665918939344194,0.95,0.9020747610669968,0.40453381127794863,0.5946335497376085,0.44029850746268656,0.13722328104383522,0.0,0.0,0.0,0.0,0,0
-0.7067927435166226,310.0,30.0,-0.7067927435166226,-0.7067927435166226,0.95,0.9592192782530194,0.3876782358080355,0.6753301283477413,0.4264705882352941,0.149683006030617,0.0,0.0,0.0,0.0,0,0
-0.7239677575678797,315.0,30.0,-0.7239677575678797,-0.7239677575678797,0.95,0.9601587360835118,0.3708226603381206,0.7516402420021511,0.40711462450592883,0.16326753190097065,0.0,0.0,0.0,0.0,0,0
-0.7453304654681733,320.0,30.0,-0.7453304654681733,-0.7453304654681733,0.95,0.9919069850989518,0.3539670848682057,0.8366672372098005,0.4909090909090909,0.17758690731820556,0.0,0.0,0.0,0.0,0,0
-0.7508214795337051,325.0,30.0,-0.7508214795337051,-0.7508214795337051,0.95,1.0171416224138738,0.3202559339283759,0.9084769515626371,0.632183908045977,0.1974763799104923,0.0,0.0,0.0,0.0,0,0
-0.7727398282207505,330.0,30.0,-0.7727398282207505,-0.7727398282207505,0.95,1.043828480196236,0.3034003584584628,0.965125693802869,0.6192307692307693,0.21639234128317097,0.0,0.0,0.0,0.0,0,0
-0.7854546307861368,335.0,30.0,-0.7854546307861368,-0.7854546307861368,0.95,1.056274611602309,0.2839024532386231,1.0127436114943205,0.6121673003802282,0.2376995407828559,0.0,0.0,0.0,0.0,0,0
-0.7941105225857564,340.0,30.0,-0.7941105225857564,-0.7941105225857564,0.95,1.0696159528199716,0.2528336320487181,1.0549710253854063,0.6068702290076335,0.2502354048964218,0.0,0.0,0.0,0.0,0,0
-0.7959978765015483,345.0,30.0,-0.7959978765015483,-0.7959978765015483,0.95,1.0866194901279869,0.22356597528030953,1.0677487434082642,0.6147859922178989,0.24284029649595687,0.0,0.0,0.0,0.0,0,0
-0.8018914207295528,350.0,30.0,-0.8018914207295528,-0.8018914207295528,0.95,1.1087953980897822,0.20226690563897343,1.0746369930487645,0.6085271317829457,0.22899608401566393,0.0,0.0,0.0,0.0,0,0
-0.7890661736729069,355.0,30.0,-0.7890661736729069,-0.7890661736729069,0.95,1.1087953980897822,0.1348446037593174,1.086717532728816,0.5984251968503937,0.206769344277414,0.0,0.0,0.0,0.0,0,0
-0.6380647932824896,0.0,35.0,-0.6380647932824896,-0.6380647932824896,0.95,0.8870363184718286,0.13870180625235512,0.831508559648259,0.5930232558139535,0.2612103174603175,0.0,0.0,0.0,0.0,0,0
-0.6680339848845123,5.0,35.0,-0.6680339848845123,-0.6680339848845123,0.95,0.8875590102027888,0.25655956308667927,0.8256406902856379,0.5753968253968254,0.25101134681795756,0.0,0.0,0.0,0.0,0,0
-0.7001213226938551,10.0,35.0,-0.7001213226938551,-0.7001213226938551,0.95,0.8956388492845176,0.353169732587211,0.8127060977456793,0.49603174603174605,0.21511136171412462,0.0,0.0,0.0,0.0,0,0
-0.7297279456424646,15.0,35.0,-0.7297279456424646,-0.7297279456424646,0.95,0.9023406301786807,0.44326581748949717,0.815033486914954,0.4578313253012048,0.18704654043532118,0.0,0.0,0.0,0.0,0,0
-0.7512117590128398,20.0,35.0,-0.7512117590128398,-0.7512117590128398,0.95,0.9017239048812904,0.5358849869060595,0.7906306788055907,0.41106719367588934,0.1607201850016518,0.0,0.0,0.0,0.0,0,0
-0.7946336121167046,25.0,35.0,-0.7946336121167046,-0.7946336121167046,0.95,0.9068643795090571,0.6073718221658582,0.7924687757129748,0.18072289156626506,0.13876822835867206,0.0,0.0,0.0,0.0,0,0
-0.8036572494154204,30.0,35.0,-0.8036572494154204,-0.8036572494154204,0.95,0.9055682731313754,0.6302478554584183,0.7506810306683476,0.03802281368821293,0.12184042787017364,0.0,0.0,0.0,0.0,0,0
-0.9063031753731327,35.0,35.0,-0.9063031753731327,-0.9063031753731327,0.95,0.9147104210097335,0.719346186060456,1.0423298418165012,0.0,0.1121013786380727,0.0,0.0,0.0,0.0,0,0
-0.9231955492069112,40.0,35.0,-0.9231955492069112,-0.9231955492069112,0.95,0.9352677478042601,0.7422693407958204,1.0540844595450076,0.0,0.10376602564102565,0.0,0.0,0.0,0.0,0,0
-0.951501833740174,45.0,35.0,-0.951501833740174,-0.951501833740174,0.95,0.9942566789237781,0.7849673255479761,1.0302293231346746,0.0,0.09402149430465281,0.0,0.0,0.0,0.0,0,0
-1.003972882569129,50.0,35.0,-1.003972882569129,-1.003972882569129,0.95,1.078756830074532,0.8622048201946874,1.0483929134366803,0.05179282868525897,0.0872172935149319,0.0,0.0,0.0,0.0,0,0
-1.0608328335291894,55.0,35.0,-1.0608328335291894,-1.0608328335291894,0.95,1.1427557243531496,0.9232071134836161,1.1285150616681026,0.092,0.08639269406392694,0.0,0.0,0.0,0.0,0,0
-1.0899236058299875,60.0,35.0,-1.0899236058299875,-1.0899236058299875,0.95,1.178411019472556,0.9480710022409865,1.1790840778606169,0.13229571984435798,0.08341774414586188,0.0,0.0,0.0,0.0,0,0
-1.2337719040045139,65.0,35.0,-1.2337719040045139,-1.2337719040045139,0.95,1.212622297871918,0.9912512532716224,1.6771832870482242,0.18385650224215247,0.0799486461251167,0.0,0.0,0.0,0.0,0,0
-1.247171526305391,70.0,35.0,-1.247171526305391,-1.247171526305391,0.95,1.2418179395088884,0.9271884499636115,1.7803158242904267,0.2643171806167401,0.08532934131736528,0.0,0.0,0.0,0.0,0,0
-1.2666595146899693,75.0,35.0,-1.2666595146899693,-1.2666595146899693,0.95,1.3126306733549193,0.9377168696434435,1.7434947204442146,0.28695652173913044,0.0903728308802474,0.0,0.0,0.0,0.0,0,0
-1.2799333998840574,80.0,35.0,-1.2799333998840574,-1.2799333998840574,0.95,1.3679695020949036,0.9020965656199543,1.7547478995299466,0.3146551724137931,0.09837658625814565,0.0,0.0,0.0,0.0,0,0
-1.2730492013308643,85.0,35.0,-1.2730492013308643,-1.2730492013308643,0.95,1.3990127640029062,0.9019947244674401,1.6776437274168838,0.3146551724137931,0.1060267217156947,0.0,0.0,0.0,0.0,0,0
-1.2689692980927993,90.0,35.0,-1.2689692980927993,-1.2689692980927993,0.95,1.415868339472821,0.8966648998306259,1.644857432142679,0.3275862068965517,0.11699244652020989,0.0,0.0,0.0,0.0,0,0
-1.2525369901381722,95.0,35.0,-1.2525369901381722,-1.2525369901381722,0.95,1.4327239149427378,0.9097383975313971,1.5374630638187936,0.3235294117647059,0.12784618959107807,0.0,0.0,0.0,0.0,0,0
-1.2233437058414607,100.0,35.0,-1.2233437058414607,-1.2233437058414607,0.95,1.415868339472821,0.8904887109601571,1.471381066769833,0.3347107438016529,0.13832971418510476,0.0,0.0,0.0,0.0,0,0
-1.1868961199864614,105.0,35.0,-1.1868961199864614,-1.1868961199864614,0.95,1.382157188532993,0.8764899244355568,1.3929763871908334,0.3333333333333333,0.1504014272970562,0.0,0.0,0.0,0.0,0,0
-1.1435762482669272,110.0,35.0,-1.1435762482669272,-1.1435762482669272,0.95,1.332301190494327,0.842778773495727,1.3403401825496535,0.3512396694214876,0.16197352587244285,0.0,0.0,0.0,0.0,0,0
-1.0859615998624235,115.0,35.0,-1.0859615998624235,-1.0859615998624235,0.95,1.2707250953594453,0.8006316884093784,1.250462721730509,0.3510204081632653,0.17095633081239325,0.0,0.0,0.0,0.0,0,0
-1.0250821172252407,120.0,35.0,-1.0250821172252407,-1.0250821172252407,0.95,1.1967458583639328,0.7454045916710859,1.1832199347418928,0.35772357723577236,0.18632883023096558,0.0,0.0,0.0,0.0,0,0
-0.9602305393810695,125.0,35.0,-0.9602305393810695,-0.9602305393810695,0.95,1.1177818812565297,0.6853902034833003,1.1135830016436992,0.3662551440329218,0.2087660062432312,0.0,0.0,0.0,0.0,0,0
-0.8834173922357761,130.0,35.0,-0.8834173922357761,-0.8834173922357761,0.95,1.032759051270458,0.6118433359875459,1.030041672182668,0.4015748031496063,0.2312983099698677,0.0,0.0,0.0,0.0,0,0
-0.8109619282709986,135.0,35.0,-0.8109619282709986,-0.8109619282709986,0.95,0.9481727667363439,0.549668208050325,0.935833236985678,0.3968253968253968,0.2505711597903508,0.0,0.0,0.0,0.0,0,0
-0.7345149781067881,140.0,35.0,-0.7345149781067881,-0.7345149781067881,0.95,0.8709100068226882,0.47510707447920275,0.8282269857618073,0.3968253968253968,0.26763856415898774,0.0,0.0,0.0,0.0,0,0
-0.6589871909187617,145.0,35.0,-0.6589871909187617,-0.6589871909187617,0.95,0.7922120470859824,0.4161111004699661,0.7110532516807382,0.3968871595330739,0.2846434075942273,0.0,0.0,0.0,0.0,0,0
-0.5679370058503849,150.0,35.0,-0.5679370058503849,-0.5679370058503849,0.95,0.7047465208908295,0.35264594852920317,0.5899451414470089,0.49609375,0.3001626706273428,0.0,0.0,0.0,0.0,0,0
-0.536523976477121,155.0,35.0,-0.536523976477121,-0.536523976477121,0.95,0.7325471316217459,0.32576406408987757,0.45510053768769154,0.5171102661596958,0.30638659028219817,0.0,0.0,0.0,0.0,0,0
-0.4763532179853649,160.0,35.0,-0.4763532179853649,-0.4763532179853649,0.95,0.727852924086216,0.30551146681158253,0.3398821811373858,0.7613636363636364,0.30427133910351134,0.0,0.0,0.0,0.0,0,0
-0.4217765554275981,165.0,35.0,-0.4217765554275981,-0.4217765554275981,0.95,0.6779840974468835,0.2191224811088901,0.3247476462249501,0.8538461538461538,0.2973328714928992,0.0,0.0,0.0,0.0,0,0
-0.38642432828643053,170.0,35.0,-0.38642432828643053,-0.38642432828643053,0.95,0.6444681239336263,0.14615706914880827,0.32531432262618876,0.8923076923076924,0.2872987961585283,0.0,0.0,0.0,0.0,0,0
-0.37305691211618175,175.0,35.0,-0.37305691211618175,-0.37305691211618175,0.95,0.6433183134283731,0.08949848057534182,0.33251077549489727,0.8977272727272727,0.27171916010498687,0.0,0.0,0.0,0.0,0,0
-0.3876834681478245,180.0,35.0,-0.3876834681478245,-0.3876834681478245,0.95,0.6774739882328479,0.0842778773495727,0.33212724369879837,0.8740740740740741,0.23527216174183516,0.0,0.0,0.0,0.0,0,0
-0.3686588246812488,185.0,35.0,-0.3686588246812488,-0.3686588246812488,0.95,0.6022368050937642,0.14195122661931073,0.3265196326248631,0.8935361216730038,0.19523169520247766,0.0,0.0,0.0,0.0,0,0
-0.39150186402344556,190.0,35.0,-0.39150186402344556,-0.39150186402344556,0.95,0.632732054925664,0.19698553094181934,0.3176993264094773,0.9026217228464419,0.1661246761836521,0.0,0.0,0.0,0.0,0,0
-0.3673313155348396,195.0,35.0,-0.3673313155348396,-0.3673313155348396,0.95,0.5609515412673972,0.2191224811088901,0.317699326409477,0.9125475285171103,0.14718523954292903,0.0,0.0,0.0,0.0,0,0
-0.3440716286300868,200.0,35.0,-0.3440716286300868,-0.3440716286300868,0.95,0.4888234504732316,0.24364166544461519,0.3197580975493307,0.9230769230769231,0.13411882677362746,0.0,0.0,0.0,0.0,0,0
-0.27512925241413255,205.0,35.0,-0.27512925241413255,-0.27512925241413255,0.95,0.3168145840253387,0.256694232640055,0.32576406408987757,0.9721115537848606,0.12244210120853195,0.0,0.0,0.0,0.0,0,0
-0.3279157865155542,210.0,35.0,-0.3279157865155542,-0.3279157865155542,0.95,0.4178196939221531,0.27913754555142223,0.3324351428669283,0.9210526315789473,0.11180181851920579,0.0,0.0,0.0,0.0,0,0
-0.42084672814737123,215.0,35.0,-0.42084672814737123,-0.42084672814737123,0.95,0.6286977295044904,0.2733118223343959,0.34422840945905425,0.8501742160278746,0.10424918977313648,0.0,0.0,0.0,0.0,0,0
-0.33440906014470184,220.0,35.0,-0.33440906014470184,-0.33440906014470184,0.95,0.424065728270274,0.2661108955415443,0.3603064251579845,0.9182156133828996,0.09822604724686046,0.0,0.0,0.0,0.0,0,0
-0.31855217492072696,225.0,35.0,-0.31855217492072696,-0.31855217492072696,0.95,0.3569063808439207,0.26406865290057396,0.37139752973975304,0.8307692307692308,0.093988036321384,0.0,0.0,0.0,0.0,0,0
-0.3432134975668321,230.0,35.0,-0.3432134975668321,-0.3432134975668321,0.95,0.3780784339429745,0.25808339500262684,0.39381456660479736,0.7099236641221374,0.09112882707149521,0.0,0.0,0.0,0.0,0,0
-0.3546060592234212,235.0,35.0,-0.3546060592234212,-0.3546060592234212,0.95,0.3969516564922962,0.2447128514273815,0.4079764901806702,0.673469387755102,0.08984047019311503,0.0,0.0,0.0,0.0,0,0
-0.36024133171222983,240.0,35.0,-0.36024133171222983,-0.36024133171222983,0.95,0.40598823183239696,0.25496798802857,0.415970071234239,0.6988847583643123,0.08924923923464921,0.0,0.0,0.0,0.0,0,0
-0.365418438317308,245.0,35.0,-0.365418438317308,-0.365418438317308,0.95,0.4213893867478635,0.23597805657880322,0.41760171015191183,0.6653225806451613,0.09005862542098042,0.0,0.0,0.0,0.0,0,0
-0.36996550284962965,250.0,35.0,-0.36996550284962965,-0.36996550284962965,0.95,0.4262689218511127,0.23597805657880322,0.4258536798579351,0.66,0.09256404915642574,0.0,0.0,0.0,0.0,0,0
-0.4078421820009597,255.0,35.0,-0.4078421820009597,-0.4078421820009597,0.95,0.5185048658258845,0.23804393943678964,0.42371700324563394,0.65,0.09657804243898348,0.0,0.0,0.0,0.0,0,0
-0.39936638215749554,260.0,35.0,-0.39936638215749554,-0.39936638215749554,0.95,0.49081967209415,0.23597805657880322,0.4382449622177802,0.6551724137931034,0.10035963613285381,0.0,0.0,0.0,0.0,0,0
-0.4035536131246169,265.0,35.0,-0.4035536131246169,-0.4035536131246169,0.95,0.5032143430333746,0.23597805657880322,0.4382449622177802,0.6628787878787878,0.1052970467032967,0.0,0.0,0.0,0.0,0,0
-0.40622239696744805,270.0,35.0,-0.40622239696744805,-0.40622239696744805,0.95,0.5083541564521162,0.23639584605105946,0.4382449622177802,0.6577946768060836,0.10930415068015346,0.0,0.0,0.0,0.0,0,0
-0.4972832709083387,275.0,35.0,-0.4972832709083387,-0.4972832709083387,0.95,0.7160514650446427,0.2566139095345006,0.4344558776464733,0.6190476190476191,0.1138930890331762,0.0,0.0,0.0,0.0,0,0
-0.5015446653574956,280.0,35.0,-0.5015446653574956,-0.5015446653574956,0.95,0.7254864653521261,0.26794249345303145,0.42654207249779835,0.6227106227106227,0.11934941620099042,0.0,0.0,0.0,0.0,0,0
-0.4766716557635687,285.0,35.0,-0.4766716557635687,-0.4766716557635687,0.95,0.6599312855986357,0.269689207518633,0.4262201405327117,0.6127819548872181,0.12525073471101367,0.0,0.0,0.0,0.0,0,0
-0.48753314894806626,290.0,35.0,-0.48753314894806626,-0.48753314894806626,0.95,0.6656453792022052,0.2893680132530503,0.43031844198109975,0.5864661654135338,0.13219882703586194,0.0,0.0,0.0,0.0,0,0
-0.5323816213145621,295.0,35.0,-0.5323816213145621,-0.5323816213145621,0.95,0.7244332726057088,0.3371115093982908,0.44455769474700313,0.5280898876404494,0.13977853915288743,0.0,0.0,0.0,0.0,0,0
-0.5597185583651406,300.0,35.0,-0.5597185583651406,-0.5597185583651406,0.95,0.7068986968679676,0.3769904353505211,0.5100458831212933,0.448,0.14854754656622465,0.0,0.0,0.0,0.0,0,0
-0.5654704442455807,305.0,35.0,-0.5654704442455807,-0.5654704442455807,0.95,0.7178043451930977,0.3708226603381206,0.5232671450302266,0.4517374517374517,0.1609158161887791,0.0,0.0,0.0,0.0,0,0
-0.5842753852361298,310.0,35.0,-0.5842753852361298,-0.5842753852361298,0.95,0.7441006618530476,0.3539670848682057,0.5800733971114373,0.46875,0.17435664890601973,0.0,0.0,0.0,0.0,0,0
-0.591010649457294,315.0,35.0,-0.591010649457294,-0.591010649457294,0.95,0.7708158603051936,0.3371115093982908,0.6438187621356255,0.6254826254826255,0.18927633150226894,0.0,0.0,0.0,0.0,0,0
-0.6090825727723501,320.0,35.0,-0.6090825727723501,-0.6090825727723501,0.95,0.7910180212549692,0.3202559339283759,0.7091756818832323,0.6468253968253969,0.20651416260059566,0.0,0.0,0.0,0.0,0,0
-0.6202668028732332,325.0,35.0,-0.6202668028732332,-0.6202668028732332,0.95,0.8047273399045088,0.3034003584584628,0.7545929051056233,0.6612244897959184,0.22572586090479405,0.0,0.0,0.0,0.0,0,0
-0.6378631444205944,330.0,35.0,-0.6378631444205944,-0.6378631444205944,0.95,0.8228049487842812,0.2865447829885479,0.811873691900024,0.6586345381526104,0.2465773270554147,0.0,0.0,0.0,0.0,0,0
-0.6390380690700534,335.0,35.0,-0.6390380690700534,-0.6390380690700534,0.95,0.8343175602669047,0.2528336320487181,0.8361791428457704,0.6694214876033058,0.2720318476309422,0.0,0.0,0.0,0.0,0,0
-0.6446066760920468,340.0,35.0,-0.6446066760920468,-0.6446066760920468,0.95,0.8484550257905369,0.235978056578805,0.8504943770163262,0.6639344262295082,0.2973836964751409,0.0,0.0,0.0,0.0,0,0
-0.6452451530437189,345.0,35.0,-0.6452451530437189,-0.6452451530437189,0.95,0.8581180559762035,0.21912248110888832,0.8426845025482379,0.6345381526104418,0.3092979127134725,0.0,0.0,0.0,0.0,0,0
-0.6404736853216131,350.0,35.0,-0.6404736853216131,-0.6404736853216131,0.95,0.8648604105100333,0.1854113301690603,0.8374126366542798,0.611764705882353,0.29907610248595107,0.0,0.0,0.0,0.0,0,0
-0.6296667542861254,355.0,35.0,-0.6296667542861254,-0.6296667542861254,0.95,0.8679998565579693,0.13930356889325562,0.8315085596482586,0.6023622047244095,0.27731755424063115,0.0,0.0,0.0,0.0,0,0
-0.5311630192881639,0.0,40.0,-0.5311630192881639,-0.5311630192881639,0.95,0.714257827274151,0.12604957109168236,0.6957899824223314,0.6,0.34384164222873903,0.0,0.0,0.0,0.0,0,0
-0.5496649920351202,5.0,40.0,-0.5496649920351202,-0.5496649920351202,0.95,0.7266523443447857,0.1858406142145611,0.6895198652693448,0.5983606557377049,0.3418135754248918,0.0,0.0,0.0,0.0,0,0
-0.5738095212473178,10.0,40.0,-0.5738095212473178,-0.5738095212473178,0.95,0.7372262886576203,0.26231836304654144,0.6877838895987339,0.5860655737704918,0.3073791348600509,0.0,0.0,0.0,0.0,0,0
-0.5956319334689797,15.0,40.0,-0.5956319334689797,-0.5956319334689797,0.95,0.7383185876630679,0.32970317881769323,0.6780188798379672,0.516260162601626,0.2771259575293319,0.0,0.0,0.0,0.0,0,0
-0.614668492715226,20.0,40.0,-0.614668492715226,-0.614668492715226,0.95,0.7381657466081215,0.3939710618836387,0.6651638188219409,0.4538152610441767,0.24107224823281007,0.0,0.0,0.0,0.0,0,0
-0.6397853241977435,25.0,40.0,-0.6397853241977435,-0.6397853241977435,0.95,0.7421254885082441,0.4719561131576082,0.6513973052459816,0.3790322580645161,0.21043989283553713,0.0,0.0,0.0,0.0,0,0
-0.6586563464873973,30.0,40.0,-0.6586563464873973,-0.6586563464873973,0.95,0.738364835720714,0.4878699751594979,0.6366895030943136,0.17829457364341086,0.1837389016770799,0.0,0.0,0.0,0.0,0,0
-0.6796520862712253,35.0,40.0,-0.6796520862712253,-0.6796520862712253,0.95,0.7439651229048002,0.5341576454734842,0.6127835457652933,0.04669260700389105,0.16804148008484562,0.0,0.0,0.0,0.0,0,0
-0.7567753432094475,40.0,40.0,-0.7567753432094475,-0.7567753432094475,0.95,0.7649039640857086,0.5837173314028499,0.8312531800693543,0.029288702928870293,0.1511654220411858,0.0,0.0,0.0,0.0,0,0
-0.778202342710817,45.0,40.0,-0.778202342710817,-0.778202342710817,0.95,0.7921297407381311,0.6295728470889134,0.8409335410838051,0.06276150627615062,0.13896556733982277,0.0,0.0,0.0,0.0,0,0
-0.8152092360020977,50.0,40.0,-0.8152092360020977,-0.8152092360020977,0.95,0.8596343489656432,0.6774973189028487,0.8581270959103107,0.12550607287449392,0.1294862772695285,0.0,0.0,0.0,0.0,0,0
-0.8607935322844652,55.0,40.0,-0.8607935322844652,-0.8607935322844652,0.95,0.9125048537890549,0.7416453206762412,0.9122037733228263,0.17670682730923695,0.12125768967874231,0.0,0.0,0.0,0.0,0,0
-0.8825942231194693,60.0,40.0,-0.8825942231194693,-0.8825942231194693,0.95,0.928089748196834,0.7756735324676551,0.94625378679967,0.19123505976095617,0.11947495312081435,0.0,0.0,0.0,0.0,0,0
-0.9247750978996525,65.0,40.0,-0.9247750978996525,-0.9247750978996525,0.95,0.9809373600709069,0.8114387780533384,1.0113345281948725,0.23293172690763053,0.11667323610563658,0.0,0.0,0.0,0.0,0,0
-0.9586643655791441,70.0,40.0,-0.9586643655791441,-0.9586643655791441,0.95,1.0250525506771573,0.8282896565089855,1.0619012546046172,0.23904382470119523,0.11634814049586777,0.0,0.0,0.0,0.0,0,0
-1.0176342706166341,75.0,40.0,-1.0176342706166341,-1.0176342706166341,0.95,1.0619012546046154,0.8365721016258345,1.2581297245281702,0.3080168776371308,0.1185973459837169,0.0,0.0,0.0,0.0,0,0
-1.037328264189804,80.0,40.0,-1.037328264189804,-1.037328264189804,0.95,1.11246798101436,0.8178290037895714,1.285433588431414,0.3347457627118644,0.12561497667880647,0.0,0.0,0.0,0.0,0,0
-1.0273109339640067,85.0,40.0,-1.0273109339640067,-1.0273109339640067,0.95,1.1293235564842732,0.7987051415349766,1.2386209039462133,0.3375,0.13453661034306197,0.0,0.0,0.0,0.0,0,0
-1.045420403053406,90.0,40.0,-1.045420403053406,-1.045420403053406,0.95,1.146179131954188,0.7730938076760102,1.3165815352912549,0.3547008547008547,0.14453576473609864,0.0,0.0,0.0,0.0,0,0
-1.0229201976089632,95.0,40.0,-1.0229201976089632,-1.0229201976089632,0.95,1.146179131954188,0.7412266512739675,1.260773536618876,0.3605150214592275,0.15609251841323168,0.0,0.0,0.0,0.0,0,0
-0.9958355361229368,100.0,40.0,-0.9958355361229368,-0.9958355361229368,0.95,1.129910913157414,0.7247534494453636,1.1971142127179255,0.3659574468085106,0.16984334203655352,0.0,0.0,0.0,0.0,0,0
-0.9698109610693718,105.0,40.0,-0.9698109610693718,-0.9698109610693718,0.95,1.11246798101436,0.6925003299848145,1.1561509678456625,0.37339055793991416,0.1834499142140689,0.0,0.0,0.0,0.0,0,0
-0.9256414405454041,110.0,40.0,-0.9256414405454041,-0.9256414405454041,0.95,1.0679273939008407,0.6756802221842061,1.0671556846514625,0.3723849372384937,0.19717182497331912,0.0,0.0,0.0,0.0,0,0
-0.8802033591519649,115.0,40.0,-0.8802033591519649,-0.8802033591519649,0.95,1.0114074583355523,0.6376918716866155,1.0197632486056374,0.3872340425531915,0.21098930843145217,0.0,0.0,0.0,0.0,0,0
-0.8311682948288897,120.0,40.0,-0.8311682948288897,-0.8311682948288897,0.95,0.9585875647109132,0.5982486941343249,0.943903893838894,0.3780487804878049,0.2272477693891558,0.0,0.0,0.0,0.0,0,0
-0.777520690379623,125.0,40.0,-0.777520690379623,-0.777520690379623,0.95,0.8933454999054717,0.5593420780505068,0.8764899244355568,0.3877551020408163,0.2439041382193117,0.0,0.0,0.0,0.0,0,0
-0.7140708812014738,130.0,40.0,-0.7140708812014738,-0.7140708812014738,0.95,0.8092955138435048,0.5112232695368453,0.8062849940950518,0.3902439024390244,0.26163906461013575,0.0,0.0,0.0,0.0,0,0
-0.6550262978119519,135.0,40.0,-0.6550262978119519,-0.6550262978119519,0.95,0.748319575140839,0.45384730826682207,0.7250441237312525,0.3902439024390244,0.27986372861699044,0.0,0.0,0.0,0.0,0,0
-0.6135171009989322,140.0,40.0,-0.6135171009989322,-0.6135171009989322,0.95,0.7122984202918432,0.4294871109762395,0.6366279584835746,0.3793103448275862,0.2985515814365947,0.0,0.0,0.0,0.0,0,0
-0.5372523286462704,145.0,40.0,-0.5372523286462704,-0.5372523286462704,0.95,0.6456178617837319,0.3708226603381206,0.5398340907186603,0.48659003831417624,0.3147428229665072,0.0,0.0,0.0,0.0,0,0
-0.471307620911669,150.0,40.0,-0.471307620911669,-0.471307620911669,0.95,0.5899960269192909,0.3088659623630739,0.4485870944289528,0.5405405405405406,0.32739891369945684,0.0,0.0,0.0,0.0,0,0
-0.3861094311105712,155.0,40.0,-0.3861094311105712,-0.3861094311105712,0.95,0.5285795965056229,0.2787244971805306,0.34060844094614273,0.8015564202334631,0.33061655724096295,0.0,0.0,0.0,0.0,0,0
-0.3444191846886786,160.0,40.0,-0.3444191846886786,-0.3444191846886786,0.95,0.5021998772125214,0.23597805657880322,0.2841248245818231,0.8648648648648649,0.3299324831207802,0.0,0.0,0.0,0.0,0,0
-0.3086952122268858,165.0,40.0,-0.3086952122268858,-0.3086952122268858,0.95,0.4723984679106098,0.1685557546991454,0.2791375455514221,0.921875,0.3278057447438555,0.0,0.0,0.0,0.0,0,0
-0.27443336691559966,170.0,40.0,-0.27443336691559966,-0.27443336691559966,0.95,0.4276473978718909,0.10353620706362361,0.2832947573370831,0.9333333333333333,0.32028418152820065,0.0,0.0,0.0,0.0,0,0
-0.25630424902510407,175.0,40.0,-0.25630424902510407,-0.25630424902510407,0.95,0.40263553826171666,0.06742230187965781,0.28468049459897005,0.9277566539923955,0.30091781685700275,0.0,0.0,0.0,0.0,0,0
-0.26822723637895834,180.0,40.0,-0.26822723637895834,-0.26822723637895834,0.95,0.42355984207029124,0.08427787734957093,0.28468049459897005,0.9343629343629344,0.2634455181606131,0.0,0.0,0.0,0.0,0,0
-0.30567365817631864,185.0,40.0,-0.30567365817631864,-0.30567365817631864,0.95,0.4925067303630287,0.126049571091684,0.277982952036576,0.9233716475095786,0.22677354203483968,0.0,0.0,0.0,0.0,0,0
-0.2753704290902321,190.0,40.0,-0.2753704290902321,-0.2753704290902321,0.95,0.3952149224121281,0.1685557546991472,0.276960038558282,0.9409448818897638,0.19618316029526495,0.0,0.0,0.0,0.0,0,0
-0.26916107457673405,195.0,40.0,-0.26916107457673405,-0.26916107457673405,0.95,0.3602853051526268,0.20450825000414685,0.27363231596409826,0.9448818897637795,0.174879669951868,0.0,0.0,0.0,0.0,0,0
-0.3088342493678693,200.0,40.0,-0.3088342493678693,-0.3088342493678693,0.95,0.44421386639238397,0.2210004195517008,0.27723780254467534,0.9341085271317829,0.16227080006607567,0.0,0.0,0.0,0.0,0,0
-0.354752174804222,205.0,40.0,-0.354752174804222,-0.354752174804222,0.95,0.5316760138652441,0.235978056578805,0.28725811136278356,0.8872727272727273,0.15094839461693335,0.0,0.0,0.0,0.0,0,0
-0.28447048683490683,210.0,40.0,-0.28447048683490683,-0.28447048683490683,0.95,0.3565134316760674,0.24393498757974896,0.30044854600124754,0.9423076923076923,0.1411402157164869,0.0,0.0,0.0,0.0,0,0
-0.2649250866804445,215.0,40.0,-0.2649250866804445,-0.2649250866804445,0.95,0.30891994235302667,0.22899912613956863,0.3191744108565823,0.9568627450980393,0.13228990130595156,0.0,0.0,0.0,0.0,0,0
-0.27366659940132115,220.0,40.0,-0.27366659940132115,-0.27366659940132115,0.95,0.3202559339283759,0.22899912613957069,0.336203513614421,0.9573643410852714,0.12518875736762627,0.0,0.0,0.0,0.0,0,0
-0.2826644607651177,225.0,40.0,-0.2826644607651177,-0.2826644607651177,0.95,0.33231340255731023,0.2274512765688508,0.35425022043913923,0.9568627450980393,0.11995221027479092,0.0,0.0,0.0,0.0,0,0
-0.2873574717994114,230.0,40.0,-0.2873574717994114,-0.2873574717994114,0.95,0.33827539860034544,0.22374408972646193,0.36732453714253743,0.9571984435797666,0.11644544855502212,0.0,0.0,0.0,0.0,0,0
-0.30189025838145217,235.0,40.0,-0.30189025838145217,-0.30189025838145217,0.95,0.3539670848682057,0.22430677896731047,0.3826656736331822,0.914396887159533,0.11408083441981746,0.0,0.0,0.0,0.0,0,0
-0.31913236277693335,240.0,40.0,-0.31913236277693335,-0.31913236277693335,0.95,0.36291810314223166,0.20241018775254252,0.39387223925589027,0.7510548523206751,0.11330277353336111,0.0,0.0,0.0,0.0,0,0
-0.3285285962304427,245.0,40.0,-0.3285285962304427,-0.3285285962304427,0.95,0.3708226603381206,0.20226690563897343,0.4023486501276965,0.7095435684647303,0.11474350094657616,0.0,0.0,0.0,0.0,0,0
-0.3409691761187096,250.0,40.0,-0.3409691761187096,-0.3409691761187096,0.95,0.3858927582577525,0.21292683992896777,0.40943981868040535,0.689795918367347,0.11615505888899193,0.0,0.0,0.0,0.0,0,0
-0.33807927621606726,255.0,40.0,-0.33807927621606726,-0.33807927621606726,0.95,0.3876782358080355,0.20226690563897431,0.40943981868040535,0.6991869918699187,0.12016947574262035,0.0,0.0,0.0,0.0,0,0
-0.33951321895689035,260.0,40.0,-0.33951321895689035,-0.33951321895689035,0.95,0.3894483664782183,0.2022669056389752,0.4095916607465138,0.6923076923076923,0.12424868519909842,0.0,0.0,0.0,0.0,0,0
-0.34262746034317215,265.0,40.0,-0.34262746034317215,-0.34262746034317215,0.95,0.3920898460242845,0.2022669056389752,0.41881082868120373,0.6947791164658634,0.12780524914416128,0.0,0.0,0.0,0.0,0,0
-0.3428982722159698,270.0,40.0,-0.3428982722159698,-0.3428982722159698,0.95,0.39240365471028216,0.20347892276768156,0.41881082868120373,0.6963562753036437,0.1330044496034049,0.0,0.0,0.0,0.0,0,0
-0.3466086384513512,275.0,40.0,-0.3466086384513512,-0.3466086384513512,0.95,0.3965790821662128,0.20588937861902765,0.421322287445133,0.6882591093117408,0.1373069735418511,0.0,0.0,0.0,0.0,0,0
-0.4018143798272191,280.0,40.0,-0.4018143798272191,-0.4018143798272191,0.95,0.5201445362111486,0.22374408972646112,0.41743003156675645,0.6653696498054474,0.1434455047714716,0.0,0.0,0.0,0.0,0,0
-0.4063152640868034,285.0,40.0,-0.4063152640868034,-0.4063152640868034,0.95,0.521351981721365,0.23723374549914134,0.41743003156675645,0.6589147286821705,0.14933058702368693,0.0,0.0,0.0,0.0,0,0
-0.413734122047141,290.0,40.0,-0.413734122047141,-0.413734122047141,0.95,0.5260501594173512,0.2530811035148298,0.41743003156675645,0.6431372549019608,0.15585103565185146,0.0,0.0,0.0,0.0,0,0
-0.43427590403131566,295.0,40.0,-0.43427590403131566,-0.43427590403131566,0.95,0.5595257310391407,0.2865447829885479,0.40590132106163834,0.6264591439688716,0.16451401050788092,0.0,0.0,0.0,0.0,0,0
-0.4460089193357429,300.0,40.0,-0.4460089193357429,-0.4460089193357429,0.95,0.563731322362077,0.3106913229546032,0.4364905176788124,0.6627906976744186,0.17325864312793526,0.0,0.0,0.0,0.0,0,0
-0.4518280273602709,305.0,40.0,-0.4518280273602709,-0.4518280273602709,0.95,0.5644472409558373,0.3326386194269304,0.45409758702449593,0.7063492063492064,0.18492100919594434,0.0,0.0,0.0,0.0,0,0
-0.46533816045980275,310.0,40.0,-0.46533816045980275,-0.46533816045980275,0.95,0.5868023996960745,0.3202559339283759,0.47046683665108424,0.6706349206349206,0.19881817062661578,0.0,0.0,0.0,0.0,0,0
-0.4804569358270776,315.0,40.0,-0.4804569358270776,-0.4804569358270776,0.95,0.6062049073557532,0.3034003584584628,0.510950125966018,0.6561264822134387,0.21498413520688986,0.0,0.0,0.0,0.0,0,0
-0.4937345787184693,320.0,40.0,-0.4937345787184693,-0.4937345787184693,0.95,0.619194466164476,0.2865447829885479,0.5584823860221677,0.652,0.23297123727539795,0.0,0.0,0.0,0.0,0,0
-0.5085305509161688,325.0,40.0,-0.5085305509161688,-0.5085305509161688,0.95,0.6387849003021,0.269689207518633,0.5995200128055396,0.6428571428571429,0.2533487799580045,0.0,0.0,0.0,0.0,0,0
-0.5186023279026895,330.0,40.0,-0.5186023279026895,-0.5186023279026895,0.95,0.649942941472504,0.2528336320487181,0.6382406783853163,0.6414342629482072,0.2770072430266605,0.0,0.0,0.0,0.0,0,0
-0.5234982994171345,335.0,40.0,-0.5234982994171345,-0.5234982994171345,0.95,0.6607512891953571,0.235978056578805,0.6566835237212916,0.6396761133603239,0.29788455231223354,0.0,0.0,0.0,0.0,0,0
-0.5252666666790353,340.0,40.0,-0.5252666666790353,-0.5252666666790353,0.95,0.6690513798734793,0.2191224811088901,0.6652772388538608,0.6345381526104418,0.31761721483554933,0.0,0.0,0.0,0.0,0,0
-0.5346884682999337,345.0,40.0,-0.5346884682999337,-0.5346884682999337,0.95,0.6874531468156562,0.20226690563897343,0.6871643422942653,0.6265060240963856,0.32992660039022575,0.0,0.0,0.0,0.0,0,0
-0.5399676044372581,350.0,40.0,-0.5399676044372581,-0.5399676044372581,0.95,0.7096290547774515,0.1854113301690603,0.6890525999360497,0.625,0.3298706389651117,0.0,0.0,0.0,0.0,0,0
-0.5291352408775638,355.0,40.0,-0.5291352408775638,-0.5291352408775638,0.95,0.7096290547774515,0.1348446037593174,0.6939089197260632,0.6190476190476191,0.330824008138352,0.0,0.0,0.0,0.0,0,0
-0.4411206029856003,0.0,45.0,-0.4411206029856003,-0.4411206029856003,0.95,0.5885223318561243,0.09523572956758243,0.5765736070066794,0.6224066390041494,0.3746816638370119,0.0,0.0,0.0,0.0,0,0
-0.4581677511402565,5.0,45.0,-0.4581677511402565,-0.4581677511402565,0.95,0.6000298814245608,0.1419512266193116,0.5765736070066794,0.6147540983606558,0.37289408734842794,0.0,0.0,0.0,0.0,0,0
-0.4739167723730548,10.0,45.0,-0.4739167723730548,-0.4739167723730548,0.95,0.6056521160301127,0.2022669056389752,0.5696242879169976,0.6131687242798354,0.35957355158302823,0.0,0.0,0.0,0.0,0,0
-0.49038900336771785,15.0,45.0,-0.49038900336771785,-0.49038900336771785,0.95,0.6107953132093131,0.26794249345302973,0.554397699044884,0.5951417004048583,0.329026880600125,0.0,0.0,0.0,0.0,0,0
-0.5110652197978444,20.0,45.0,-0.5110652197978444,-0.5110652197978444,0.95,0.6117447529474468,0.3380093881542788,0.5322217910830886,0.5119047619047619,0.302563075690829,0.0,0.0,0.0,0.0,0,0
-0.5260904732380678,25.0,45.0,-0.5260904732380678,-0.5260904732380678,0.95,0.6144723610675332,0.3699367051135103,0.5322217910830886,0.4523809523809524,0.2741796613412418,0.0,0.0,0.0,0.0,0,0
-0.5363675807232766,30.0,45.0,-0.5363675807232766,-0.5363675807232766,0.95,0.6102605984885187,0.3984315742283877,0.5322217910830886,0.404,0.2463728442376129,0.0,0.0,0.0,0.0,0,0
-0.5552695187085256,35.0,45.0,-0.5552695187085256,-0.5552695187085256,0.95,0.618184049551324,0.42039825598463093,0.5225228395673529,0.27734375,0.22163090128755364,0.0,0.0,0.0,0.0,0,0
-0.5935070116956959,40.0,45.0,-0.5935070116956959,-0.5935070116956959,0.95,0.6351317702376479,0.45510053768769154,0.5647574930413861,0.15510204081632653,0.20547605260981058,0.0,0.0,0.0,0.0,0,0
-0.6357532942883138,45.0,45.0,-0.6357532942883138,-0.6357532942883138,0.95,0.6575438293398044,0.5056672640974362,0.6354849911330526,0.12552301255230125,0.18949388342528184,0.0,0.0,0.0,0.0,0,0
-0.6627199650753782,50.0,45.0,-0.6627199650753782,-0.6627199650753782,0.95,0.6929824290378304,0.539378415037266,0.6749984663667432,0.18067226890756302,0.17885736494364554,0.0,0.0,0.0,0.0,0,0
-0.7016186390041599,55.0,45.0,-0.7016186390041599,-0.7016186390041599,0.95,0.7295152584918928,0.5837173314028499,0.740888459562326,0.21338912133891214,0.16961451247165532,0.0,0.0,0.0,0.0,0,0
-0.7261483931129057,60.0,45.0,-0.7261483931129057,-0.7261483931129057,0.95,0.7582656289927345,0.6252313608652545,0.763303197100827,0.242914979757085,0.16271686969361387,0.0,0.0,0.0,0.0,0,0
-0.7576476556397931,65.0,45.0,-0.7576476556397931,-0.7576476556397931,0.95,0.800676344170767,0.6588619272059669,0.8056071746012377,0.2874015748031496,0.1591848574951048,0.0,0.0,0.0,0.0,0,0
-0.7816992469643185,70.0,45.0,-0.7816992469643185,-0.7816992469643185,0.95,0.8292206474088449,0.6742230187965834,0.8450366194810485,0.2980392156862745,0.15647327807945127,0.0,0.0,0.0,0.0,0,0
-0.8046681539995741,75.0,45.0,-0.8046681539995741,-0.8046681539995741,0.95,0.8596343489656402,0.6890379863425995,0.8767002914657115,0.3062015503875969,0.1627676166170424,0.0,0.0,0.0,0.0,0,0
-0.8191662194696618,80.0,45.0,-0.8191662194696618,-0.8191662194696618,0.95,0.8765039489042339,0.6910785942664965,0.9093338115192227,0.3153846153846154,0.16677244199985897,0.0,0.0,0.0,0.0,0,0
-0.8295744194564594,85.0,45.0,-0.8295744194564594,-0.8295744194564594,0.95,0.8935427214597221,0.6910785942664965,0.9267814984545546,0.3230769230769231,0.17536211503304738,0.0,0.0,0.0,0.0,0,0
-0.8329292268931827,90.0,45.0,-0.8329292268931827,-0.8329292268931827,0.95,0.9102010753753849,0.6808856679042081,0.9268052389122647,0.33073929961089493,0.18337442761535752,0.0,0.0,0.0,0.0,0,0
-0.8249322351432218,95.0,45.0,-0.8249322351432218,-0.8249322351432218,0.95,0.9102010753753849,0.6649890903333204,0.9102010753753849,0.32945736434108525,0.19368733229769808,0.0,0.0,0.0,0.0,0,0
-0.8141199106889425,100.0,45.0,-0.8141199106889425,-0.8141199106889425,0.95,0.9102010753753849,0.6424266210531111,0.8936091636974629,0.33969465648854963,0.2054726368159204,0.0,0.0,0.0,0.0,0,0
-0.7870973854335979,105.0,45.0,-0.7870973854335979,-0.7870973854335979,0.95,0.8777513203177447,0.6084194224600434,0.873019744217694,0.3436293436293436,0.21874551456868094,0.0,0.0,0.0,0.0,0,0
-0.7488556234126046,110.0,45.0,-0.7488556234126046,-0.7488556234126046,0.95,0.850484092109861,0.543146143173203,0.8474340064912679,0.3898305084745763,0.23294219904389396,0.0,0.0,0.0,0.0,0,0
-0.725955556022184,115.0,45.0,-0.725955556022184,-0.725955556022184,0.95,0.809067622555899,0.5530387453162846,0.7992410621506931,0.3574144486692015,0.24704760507591872,0.0,0.0,0.0,0.0,0,0
-0.6869691159629301,120.0,45.0,-0.6869691159629301,-0.6869691159629301,0.95,0.7616385813399574,0.5200098115905236,0.7544186672910103,0.36293436293436293,0.2622609213366079,0.0,0.0,0.0,0.0,0,0
-0.6351454101558246,125.0,45.0,-0.6351454101558246,-0.6351454101558246,0.95,0.7079341697364097,0.4761786478379122,0.6826810838530449,0.377431906614786,0.28015065913370996,0.0,0.0,0.0,0.0,0,0
-0.589787590887623,130.0,45.0,-0.589787590887623,-0.589787590887623,0.95,0.6532712532370326,0.44054272967257535,0.6249361286986648,0.37890625,0.2969812762705388,0.0,0.0,0.0,0.0,0,0
-0.5433011488340314,135.0,45.0,-0.5433011488340314,-0.5433011488340314,0.95,0.6271720970019693,0.3898732023816991,0.5562339905071809,0.4409448818897638,0.31355078639497946,0.0,0.0,0.0,0.0,0,0
-0.4885436412874329,140.0,45.0,-0.4885436412874329,-0.4885436412874329,0.95,0.5745982978629108,0.3491552062407636,0.4888116886275231,0.5078740157480315,0.3293591654247392,0.0,0.0,0.0,0.0,0,0
-0.439062301898428,145.0,45.0,-0.439062301898428,-0.439062301898428,0.95,0.5376147466153893,0.3088659623630739,0.4099447486852308,0.5568627450980392,0.3429159737071355,0.0,0.0,0.0,0.0,0,0
-0.3590292459231995,150.0,45.0,-0.3590292459231995,-0.3590292459231995,0.95,0.47819402278385276,0.25661390953450186,0.3451012991214546,0.8267716535433071,0.3489405602729942,0.0,0.0,0.0,0.0,0,0
-0.30662665006065704,155.0,45.0,-0.30662665006065704,-0.30662665006065704,0.95,0.4213893867478635,0.22356597528030953,0.2812867761262113,0.8814229249011858,0.35130628126737073,0.0,0.0,0.0,0.0,0,0
-0.25597584409466634,160.0,45.0,-0.25597584409466634,-0.25597584409466634,0.95,0.35473308227858175,0.18541133016905853,0.24393498757974896,0.9325396825396826,0.35141732283464566,0.0,0.0,0.0,0.0,0,0
-0.22767483791065637,165.0,45.0,-0.22767483791065637,-0.22767483791065637,0.95,0.3206851443073726,0.13484460375931562,0.24393498757974896,0.9529411764705882,0.3496036064044769,0.0,0.0,0.0,0.0,0,0
-0.2198682551245557,170.0,45.0,-0.2198682551245557,-0.2198682551245557,0.95,0.3331292551748747,0.08714660925405898,0.24393498757974896,0.9615384615384616,0.34383342231713826,0.0,0.0,0.0,0.0,0,0
-0.21596694100376643,175.0,45.0,-0.21596694100376643,-0.21596694100376643,0.95,0.33466013186860466,0.06742230187965781,0.24393498757974896,0.9573643410852714,0.3257037037037037,0.0,0.0,0.0,0.0,0,0
-0.18988667531213163,180.0,45.0,-0.18988667531213163,-0.18988667531213163,0.95,0.2605110670543428,0.08427787734957093,0.24393498757974896,0.9637096774193549,0.2916312056737589,0.0,0.0,0.0,0.0,0,0
-0.23463225988588157,185.0,45.0,-0.23463225988588157,-0.23463225988588157,0.95,0.3474299326251695,0.1179890282894025,0.24393498757974896,0.9482071713147411,0.2563633901976713,0.0,0.0,0.0,0.0,0,0
-0.21745675198527187,190.0,45.0,-0.21745675198527187,-0.21745675198527187,0.95,0.2863699007075664,0.1517001792292323,0.24393498757974896,0.96,0.22722865085008728,0.0,0.0,0.0,0.0,0,0
-0.21418687375411083,195.0,45.0,-0.21418687375411083,-0.21418687375411083,0.95,0.258089591213958,0.1854113301690603,0.24393498757974896,0.963855421686747,0.2043057451296687,0.0,0.0,0.0,0.0,0,0
-0.21013043137645826,200.0,45.0,-0.21013043137645826,-0.21013043137645826,0.95,0.23698260771507357,0.20226690563897343,0.25091938221661947,0.9795918367346939,0.1905816179990426,0.0,0.0,0.0,0.0,0,0
-0.21609705396939202,205.0,45.0,-0.21609705396939202,-0.21609705396939202,0.95,0.23723374549914164,0.21066373489303572,0.2692525290022322,0.9877551020408163,0.17886884108258155,0.0,0.0,0.0,0.0,0,0
-0.26391145063791277,210.0,45.0,-0.26391145063791277,-0.26391145063791277,0.95,0.34305627824926177,0.2022669056389752,0.2858842005510663,0.9534883720930233,0.16892801076474545,0.0,0.0,0.0,0.0,0,0
-0.24739667915876604,215.0,45.0,-0.24739667915876604,-0.24739667915876604,0.95,0.29488933974707304,0.19958317165615824,0.3040073730371322,0.9645669291338582,0.15976622241643,0.0,0.0,0.0,0.0,0,0
-0.2497464154358348,220.0,45.0,-0.2497464154358348,-0.2497464154358348,0.95,0.28958666106135983,0.2022669056389752,0.32083107879834516,0.9686274509803922,0.15202774813233724,0.0,0.0,0.0,0.0,0,0
-0.25975622595767633,225.0,45.0,-0.25975622595767633,-0.25975622595767633,0.95,0.3034003584584628,0.2022669056389752,0.33708817564633187,0.9644268774703557,0.145665164063319,0.0,0.0,0.0,0.0,0,0
-0.2628161964013555,230.0,45.0,-0.2628161964013555,-0.2628161964013555,0.95,0.3082461151277039,0.2022669056389752,0.3478040957621205,0.98,0.14203752519770507,0.0,0.0,0.0,0.0,0,0
-0.27064751634360107,235.0,45.0,-0.27064751634360107,-0.27064751634360107,0.95,0.3202559339283777,0.20226690563897431,0.3630749557726062,0.9879032258064516,0.13955869554087955,0.0,0.0,0.0,0.0,0,0
-0.27419983467592857,240.0,45.0,-0.27419983467592857,-0.27419983467592857,0.95,0.3323134025573099,0.1854113301690603,0.369644723438774,0.9748953974895398,0.1387996532558258,0.0,0.0,0.0,0.0,0,0
-0.2748934884770732,245.0,45.0,-0.2748934884770732,-0.2748934884770732,0.95,0.3371115093982908,0.18447311736759642,0.3757224215034309,1.0,0.13956329210566498,0.0,0.0,0.0,0.0,0,0
-0.28097501526512775,250.0,45.0,-0.28097501526512775,-0.28097501526512775,0.95,0.3391291232548771,0.18541133016905853,0.38406778769208805,0.9704641350210971,0.1401840646768699,0.0,0.0,0.0,0.0,0,0
-0.29190111716034267,255.0,45.0,-0.29190111716034267,-0.29190111716034267,0.95,0.3539670848682057,0.1854113301690603,0.39074120017272085,0.9372384937238494,0.14399918007584298,0.0,0.0,0.0,0.0,0,0
-0.29312246366406486,260.0,45.0,-0.29312246366406486,-0.29312246366406486,0.95,0.3539670848682057,0.18541133016905942,0.3923978553647374,0.9291666666666667,0.14838143425060665,0.0,0.0,0.0,0.0,0,0
-0.2946721891134373,265.0,45.0,-0.2946721891134373,-0.2946721891134373,0.95,0.3539670848682057,0.1854113301690603,0.39387223925589027,0.9173553719008265,0.15297065887020989,0.0,0.0,0.0,0.0,0,0
-0.2951312391390264,270.0,45.0,-0.2951312391390264,-0.2951312391390264,0.95,0.3539670848682057,0.18541133016905942,0.39570843935824773,0.9173553719008265,0.1574074074074074,0.0,0.0,0.0,0.0,0,0
-0.2955444622795225,275.0,45.0,-0.2955444622795225,-0.2955444622795225,0.95,0.3539670848682057,0.1854113301690603,0.39570843935824773,0.9132231404958677,0.16202409120240913,0.0,0.0,0.0,0.0,0,0
-0.29353344299577594,280.0,45.0,-0.29353344299577594,-0.29353344299577594,0.95,0.3539670848682057,0.1854113301690603,0.39570843935824773,0.9333333333333333,0.1678110409228234,0.0,0.0,0.0,0.0,0,0
-0.31473818213636734,285.0,45.0,-0.31473818213636734,-0.31473818213636734,0.95,0.3909863736814914,0.20553757724061053,0.39570843935824773,0.9196787148594378,0.1729580945961128,0.0,0.0,0.0,0.0,0,0
-0.3209844377314899,290.0,45.0,-0.3209844377314899,-0.3209844377314899,0.95,0.40501985551747044,0.21603618609693634,0.39256055905327925,0.9317269076305221,0.18019471167693993,0.0,0.0,0.0,0.0,0,0
-0.32736026629955095,295.0,45.0,-0.32736026629955095,-0.32736026629955095,0.95,0.4171411592303026,0.22207891010555697,0.38767823580803373,0.9193548387096774,0.19019281123542014,0.0,0.0,0.0,0.0,0,0
-0.33968792621440236,300.0,45.0,-0.33968792621440236,-0.33968792621440236,0.95,0.4161118125241522,0.2661108955415443,0.38767823580803373,0.9020408163265307,0.1982689828739795,0.0,0.0,0.0,0.0,0,0
-0.35631395448144787,305.0,45.0,-0.35631395448144787,-0.35631395448144787,0.95,0.4352565921922364,0.2882868035033397,0.3873326604632607,0.8669354838709677,0.20984357115604732,0.0,0.0,0.0,0.0,0,0
-0.3791588364922911,310.0,45.0,-0.3791588364922911,-0.3791588364922911,0.95,0.4549973600580698,0.2865447829885479,0.40453381127794863,0.7560975609756098,0.2228246495636075,0.0,0.0,0.0,0.0,0,0
-0.4017091415851128,315.0,45.0,-0.4017091415851128,-0.4017091415851128,0.95,0.4790350828877083,0.2865447829885479,0.43351044747953743,0.6991869918699187,0.23718745683105402,0.0,0.0,0.0,0.0,0,0
-0.41329033952971256,320.0,45.0,-0.41329033952971256,-0.41329033952971256,0.95,0.49403186613563327,0.269689207518633,0.4624089198852449,0.673469387755102,0.25569088009279395,0.0,0.0,0.0,0.0,0,0
-0.42097411794725137,325.0,45.0,-0.42097411794725137,-0.42097411794725137,0.95,0.5061622070296601,0.2528336320487181,0.4878699751594979,0.6666666666666666,0.275714830346931,0.0,0.0,0.0,0.0,0,0
-0.4289442090010888,330.0,45.0,-0.4289442090010888,-0.4289442090010888,0.95,0.5199757476730731,0.235978056578805,0.5106947260057758,0.6571428571428571,0.2976890248812304,0.0,0.0,0.0,0.0,0,0
-0.43443233984794416,335.0,45.0,-0.43443233984794416,-0.43443233984794416,0.95,0.5322217910830886,0.2191224811088901,0.5265561447813496,0.6487603305785123,0.3181469811802776,0.0,0.0,0.0,0.0,0,0
-0.4355471118317554,340.0,45.0,-0.4355471118317554,-0.4355471118317554,0.95,0.5417453370199713,0.20226690563897343,0.5342860272494825,0.6528925619834711,0.33824593128390595,0.0,0.0,0.0,0.0,0,0
-0.44262970426837844,345.0,45.0,-0.44262970426837844,-0.44262970426837844,0.95,0.554397699044884,0.1854113301690603,0.554397699044884,0.6408163265306123,0.35113484646194926,0.0,0.0,0.0,0.0,0,0
-0.45235024165155896,350.0,45.0,-0.45235024165155896,-0.45235024165155896,0.95,0.5765736070066794,0.1685557546991472,0.5740651456144346,0.639344262295082,0.3576132508481341,0.0,0.0,0.0,0.0,0,0
-0.4462433315937555,355.0,45.0,-0.4462433315937555,-0.4462433315937555,0.95,0.5765736070066794,0.13484460375931562,0.5765736070066794,0.6224066390041494,0.36930580056034035,0.0,0.0,0.0,0.0,0,0
-0.3685913894237585,0.0,50.0,-0.3685913894237585,-0.3685913894237585,0.95,0.4878699751594979,0.0842778773495727,0.46569406719770257,0.640495867768595,0.3817458611051387,0.0,0.0,0.0,0.0,0,0
-0.3769875219253212,5.0,50.0,-0.3769875219253212,-0.3769875219253212,0.95,0.4904483388082879,0.11043124039379255,0.46569406719770257,0.6322314049586777,0.38266522210184184,0.0,0.0,0.0,0.0,0,0
-0.39223737269979597,10.0,50.0,-0.39223737269979597,-0.39223737269979597,0.95,0.5012467711399232,0.1580507132343943,0.46569406719770257,0.6419753086419753,0.372373666630751,0.0,0.0,0.0,0.0,0,0
-0.40075701776034406,15.0,50.0,-0.40075701776034406,-0.40075701776034406,0.95,0.5012467711399236,0.2202417594854462,0.44639147773205246,0.664,0.34488552825036756,0.0,0.0,0.0,0.0,0,0
-0.42033292985409393,20.0,50.0,-0.42033292985409393,-0.42033292985409393,0.95,0.5048413384482728,0.269689207518633,0.4651866929611514,0.6532258064516129,0.32242275925359437,0.0,0.0,0.0,0.0,0,0
-0.42538659033767845,25.0,50.0,-0.42538659033767845,-0.42538659033767845,0.95,0.5061622070296601,0.29010401213516246,0.4467441082906757,0.6129032258064516,0.30094974277799763,0.0,0.0,0.0,0.0,0,0
-0.43350341764003364,30.0,50.0,-0.43350341764003364,-0.43350341764003364,0.95,0.5070988131649447,0.31046271146513504,0.4435181592359072,0.5783132530120482,0.2785052088311192,0.0,0.0,0.0,0.0,0,0
-0.44363313140499017,35.0,50.0,-0.44363313140499017,-0.44363313140499017,0.95,0.5099848418482019,0.3326386194269304,0.4435181592359072,0.544,0.26245139788927974,0.0,0.0,0.0,0.0,0,0
-0.4727718481044193,40.0,50.0,-0.4727718481044193,-0.4727718481044193,0.95,0.5293372910099288,0.3539670848682057,0.4793019808457193,0.47280334728033474,0.24635463546354636,0.0,0.0,0.0,0.0,0,0
-0.5150399193452697,45.0,50.0,-0.5150399193452697,-0.5150399193452697,0.95,0.5501882387360862,0.38992974464214375,0.5153524795747564,0.3135593220338983,0.23614035087719298,0.0,0.0,0.0,0.0,0,0
-0.5435112082430643,50.0,50.0,-0.5435112082430643,-0.5435112082430643,0.95,0.572583858777669,0.4213893867478635,0.539378415037266,0.2571428571428571,0.22779825737265416,0.0,0.0,0.0,0.0,0,0
-0.5642969832191067,55.0,50.0,-0.5642969832191067,-0.5642969832191067,0.95,0.5903013397529838,0.44326581748949717,0.576322562875273,0.26720647773279355,0.22253197769760577,0.0,0.0,0.0,0.0,0,0
-0.5931016655294329,60.0,50.0,-0.5931016655294329,-0.5931016655294329,0.95,0.6077970163465855,0.4888116886275231,0.6289620709871241,0.2946058091286307,0.21518783685946424,0.0,0.0,0.0,0.0,0,0
-0.6102802269413913,65.0,50.0,-0.6102802269413913,-0.6102802269413913,0.95,0.6252313608652545,0.5176810353181163,0.6442315207891826,0.3029045643153527,0.21168749011545152,0.0,0.0,0.0,0.0,0,0
-0.6334156088814982,70.0,50.0,-0.6334156088814982,-0.6334156088814982,0.95,0.6573674433266667,0.539378415037266,0.6742230187965816,0.3293172690763052,0.21074444791992494,0.0,0.0,0.0,0.0,0,0
-0.6533610155399139,75.0,50.0,-0.6533610155399139,-0.6533610155399139,0.95,0.6776717871075754,0.5566758689663786,0.7068933338211563,0.336,0.21159801796221742,0.0,0.0,0.0,0.0,0,0
-0.6631451784848496,80.0,50.0,-0.6631451784848496,-0.6631451784848496,0.95,0.6912208774654929,0.5562339905071809,0.724780671266085,0.3359683794466403,0.21605603448275862,0.0,0.0,0.0,0.0,0,0
-0.6727046005011481,85.0,50.0,-0.6727046005011481,-0.6727046005011481,0.95,0.7079341697364097,0.5634844445378686,0.7332219630538229,0.3464566929133858,0.22123350721080087,0.0,0.0,0.0,0.0,0,0
-0.6767813347881463,90.0,50.0,-0.6767813347881463,-0.6767813347881463,0.95,0.7185397464890331,0.5612716351381781,0.7369015720825471,0.35177865612648224,0.22920503376304482,0.0,0.0,0.0,0.0,0,0
-0.6771118714859167,95.0,50.0,-0.6771118714859167,-0.6771118714859167,0.95,0.7247897452063246,0.5555473218273974,0.7359816698253656,0.3568627450980392,0.23930245064146885,0.0,0.0,0.0,0.0,0,0
-0.6596152060906235,100.0,50.0,-0.6596152060906235,-0.6596152060906235,0.95,0.7079341697364097,0.5384527702264073,0.7106204691720048,0.35826771653543305,0.24849513813860163,0.0,0.0,0.0,0.0,0,0
-0.6419470501500949,105.0,50.0,-0.6419470501500949,-0.6419470501500949,0.95,0.6950158230430536,0.5105666424061738,0.6910785942664965,0.36470588235294116,0.2595639016062699,0.0,0.0,0.0,0.0,0,0
-0.6194197005436385,110.0,50.0,-0.6194197005436385,-0.6194197005436385,0.95,0.6742230187965816,0.4842133963377997,0.6633251765527377,0.3715415019762846,0.27317492574644364,0.0,0.0,0.0,0.0,0,0
-0.5896678402675561,115.0,50.0,-0.5896678402675561,-0.5896678402675561,0.95,0.6405118678567518,0.4551005376876933,0.6299329371739332,0.3779527559055118,0.287031200756382,0.0,0.0,0.0,0.0,0,0
-0.5535539188154877,120.0,50.0,-0.5535539188154877,-0.5535539188154877,0.95,0.6068007169169238,0.4213893867478635,0.5899451414470089,0.42,0.3032063012172806,0.0,0.0,0.0,0.0,0,0
-0.5123476991673825,125.0,50.0,-0.5123476991673825,-0.5123476991673825,0.95,0.5623968321198478,0.3884901233459721,0.5434657419318014,0.456,0.31690480012843153,0.0,0.0,0.0,0.0,0,0
-0.4783231158346739,130.0,50.0,-0.4783231158346739,-0.4783231158346739,0.95,0.531906212922827,0.36233272285422397,0.4959257360629286,0.4900398406374502,0.33284612261469754,0.0,0.0,0.0,0.0,0,0
-0.4415701995896846,135.0,50.0,-0.4415701995896846,-0.4415701995896846,0.95,0.5057926564479498,0.33231340255730973,0.43824496221777665,0.5338645418326693,0.3464786422890875,0.0,0.0,0.0,0.0,0,0
-0.39743462206581714,140.0,50.0,-0.39743462206581714,-0.39743462206581714,0.95,0.47766878783563355,0.2963918084827032,0.3852031014569903,0.6403162055335968,0.360208385016125,0.0,0.0,0.0,0.0,0,0
-0.33458341219461235,145.0,50.0,-0.33458341219461235,-0.33458341219461235,0.95,0.4406213433222442,0.25331895980932095,0.3292268888598869,0.873015873015873,0.3718087318087318,0.0,0.0,0.0,0.0,0,0
-0.28722515095257506,150.0,50.0,-0.28722515095257506,-0.28722515095257506,0.95,0.3971480702259745,0.20347892276768068,0.27478476868106055,0.912,0.37622027534418023,0.0,0.0,0.0,0.0,0,0
-0.24935287449403543,155.0,50.0,-0.24935287449403543,-0.24935287449403543,0.95,0.3526459485292019,0.17663389938831262,0.23423332396899457,0.9442231075697212,0.3741186229780174,0.0,0.0,0.0,0.0,0,0
-0.2144503830160699,160.0,50.0,-0.2144503830160699,-0.2144503830160699,0.95,0.30168038372371814,0.15170017922923051,0.21066373489303628,0.9681274900398407,0.3744950952106174,0.0,0.0,0.0,0.0,0,0
-0.17698037226600807,165.0,50.0,-0.17698037226600807,-0.17698037226600807,0.95,0.23670584236581296,0.11043124039379255,0.21066373489303614,0.979757085020243,0.37385003663600097,0.0,0.0,0.0,0.0,0,0
-0.1598445742387355,170.0,50.0,-0.1598445742387355,-0.1598445742387355,0.95,0.2217590796179536,0.06742230187965781,0.21066373489303614,0.9838056680161943,0.3696366990135536,0.0,0.0,0.0,0.0,0,0
-0.16062390551585232,175.0,50.0,-0.16062390551585232,-0.16062390551585232,0.95,0.2217590796179536,0.06726126222067169,0.21066373489303614,0.975609756097561,0.34953198127925117,0.0,0.0,0.0,0.0,0,0
-0.18024607383470784,180.0,50.0,-0.18024607383470784,-0.18024607383470784,0.95,0.25724053235682603,0.0842778773495727,0.21066373489303572,0.963855421686747,0.3171261612226551,0.0,0.0,0.0,0.0,0,0
-0.1713429426474216,185.0,50.0,-0.1713429426474216,-0.1713429426474216,0.95,0.2217590796179536,0.1089015090689254,0.21515166909138483,0.983739837398374,0.2893834367019336,0.0,0.0,0.0,0.0,0,0
-0.18458060613778318,190.0,50.0,-0.18458060613778318,-0.18458060613778318,0.95,0.2236389655363576,0.1517001792292323,0.21912248110888966,0.9758064516129032,0.25868590641636313,0.0,0.0,0.0,0.0,0,0
-0.18110341127481464,195.0,50.0,-0.18110341127481464,-0.18110341127481464,0.95,0.20583660841226545,0.1685557546991454,0.21996193989130805,0.9836065573770492,0.23658816384371414,0.0,0.0,0.0,0.0,0,0
-0.19196976119926565,200.0,50.0,-0.19196976119926565,-0.19196976119926565,0.95,0.21912248110888832,0.1782061941570584,0.23907688086578283,1.0,0.22121291334466084,0.0,0.0,0.0,0.0,0,0
-0.19992867782797447,205.0,50.0,-0.19992867782797447,-0.19992867782797447,0.95,0.22895981327813322,0.17740726369436288,0.25597174637252174,1.0,0.20821727019498606,0.0,0.0,0.0,0.0,0,0
-0.2141711575717032,210.0,50.0,-0.2141711575717032,-0.2141711575717032,0.95,0.2476294350644134,0.17740726369436288,0.27037185779097583,0.9682539682539683,0.1988664366683095,0.0,0.0,0.0,0.0,0,0
-0.220847103433303,215.0,50.0,-0.220847103433303,-0.220847103433303,0.95,0.25424259106651725,0.17740726369436288,0.2865447829885479,0.9683794466403162,0.19061671886292458,0.0,0.0,0.0,0.0,0,0
-0.23092311700094406,220.0,50.0,-0.23092311700094406,-0.23092311700094406,0.95,0.269689207518633,0.17740726369436288,0.30340035845846236,0.9715447154471545,0.18219412772493648,0.0,0.0,0.0,0.0,0,0
-0.24057888203803063,225.0,50.0,-0.24057888203803063,-0.24057888203803063,0.95,0.28206381554114573,0.18120976929395735,0.3168481884052874,0.9676113360323887,0.17430039977155912,0.0,0.0,0.0,0.0,0,0
-0.23982077904727137,230.0,50.0,-0.23982077904727137,-0.23982077904727137,0.95,0.2857909481313274,0.17663389938831262,0.32538369979064896,1.0,0.16878658262044124,0.0,0.0,0.0,0.0,0,0
-0.243173644608534,235.0,50.0,-0.243173644608534,-0.243173644608534,0.95,0.2865447829885479,0.17892183434113498,0.3336617470490293,0.9959016393442623,0.16652714995256432,0.0,0.0,0.0,0.0,0,0
-0.251339207446712,240.0,50.0,-0.251339207446712,-0.251339207446712,0.95,0.2999986797073584,0.17560575125434758,0.349753191000727,1.0,0.16417744711565155,0.0,0.0,0.0,0.0,0,0
-0.25635127367583194,245.0,50.0,-0.25635127367583194,-0.25635127367583194,0.95,0.3034003584584628,0.1854113301690603,0.349753191000727,0.988,0.16467331118493908,0.0,0.0,0.0,0.0,0,0
-0.26371156654224137,250.0,50.0,-0.26371156654224137,-0.26371156654224137,0.95,0.3160327925377548,0.1854113301690603,0.36217604223668626,0.9959839357429718,0.16592674805771365,0.0,0.0,0.0,0.0,0,0
-0.26484242014426707,255.0,50.0,-0.26484242014426707,-0.26484242014426707,0.95,0.3161014264687903,0.1854113301690603,0.3666087664706419,0.996031746031746,0.16941110801004744,0.0,0.0,0.0,0.0,0,0
-0.26729316848226436,260.0,50.0,-0.26729316848226436,-0.26729316848226436,0.95,0.3202559339283777,0.18541133016905853,0.3666087664706419,0.9881422924901185,0.17414782315221058,0.0,0.0,0.0,0.0,0,0
-0.26707089929862515,265.0,50.0,-0.26707089929862515,-0.26707089929862515,0.95,0.3202559339283777,0.1854113301690603,0.36730071740406744,0.9920948616600791,0.17860591944554904,0.0,0.0,0.0,0.0,0,0
-0.26768052151813726,270.0,50.0,-0.26768052151813726,-0.26768052151813726,0.95,0.3202559339283777,0.1854113301690603,0.3681581786141317,0.9881422924901185,0.1827349737797499,0.0,0.0,0.0,0.0,0,0
-0.2680962965202739,275.0,50.0,-0.2680962965202739,-0.2680962965202739,0.95,0.3202559339283777,0.1854113301690603,0.3667822604593157,0.980544747081712,0.18769374744107153,0.0,0.0,0.0,0.0,0,0
-0.26478941810965356,280.0,50.0,-0.26478941810965356,-0.26478941810965356,0.95,0.3202559339283777,0.16889841355876256,0.3678497645944474,0.975,0.19259347322118528,0.0,0.0,0.0,0.0,0,0
-0.26376365194350665,285.0,50.0,-0.26376365194350665,-0.26376365194350665,0.95,0.3159555793653399,0.17663389938831262,0.3678497645944474,0.9873949579831933,0.19819218636253336,0.0,0.0,0.0,0.0,0,0
-0.2672274752230178,290.0,50.0,-0.2672274752230178,-0.2672274752230178,0.95,0.31164927205679605,0.18541133016905853,0.373144254260591,0.9707112970711297,0.20468381165362157,0.0,0.0,0.0,0.0,0,0
-0.2812130293902577,295.0,50.0,-0.2812130293902577,-0.2812130293902577,0.95,0.3355972500405959,0.20029366648187721,0.36784976459444724,0.9506172839506173,0.21376673040152963,0.0,0.0,0.0,0.0,0,0
-0.28051248153826935,300.0,50.0,-0.28051248153826935,-0.28051248153826935,0.95,0.32347815555176584,0.2217590796179536,0.36784976459444724,0.9628099173553719,0.22283536985941402,0.0,0.0,0.0,0.0,0,0
-0.2879064664981508,305.0,50.0,-0.2879064664981508,-0.2879064664981508,0.95,0.33477880725399234,0.24393498757974896,0.35371145347313326,0.9541666666666667,0.23422873422873422,0.0,0.0,0.0,0.0,0,0
-0.30235747735887164,310.0,50.0,-0.30235747735887164,-0.30235747735887164,0.95,0.35294455928790186,0.2661108955415443,0.35371145347313326,0.9377593360995851,0.24575557738178758,0.0,0.0,0.0,0.0,0,0
-0.31505632182664767,315.0,50.0,-0.31505632182664767,-0.31505632182664767,0.95,0.37386755376686887,0.2528336320487181,0.36788125518129533,0.8966942148760331,0.26169248757673197,0.0,0.0,0.0,0.0,0,0
-0.33768955295564435,320.0,50.0,-0.33768955295564435,-0.33768955295564435,0.95,0.39044487332602174,0.2528336320487181,0.37821278245222445,0.7625,0.2772526299740814,0.0,0.0,0.0,0.0,0,0
-0.3472309696023017,325.0,50.0,-0.3472309696023017,-0.3472309696023017,0.95,0.4008248367877265,0.235978056578805,0.3944712712545583,0.7071129707112971,0.29637900781623866,0.0,0.0,0.0,0.0,0,0
-0.35209349707779897,330.0,50.0,-0.35209349707779897,-0.35209349707779897,0.95,0.41189650244286363,0.2191224811088901,0.4063677309087867,0.6903765690376569,0.31676029177496434,0.0,0.0,0.0,0.0,0,0
-0.3587535755795936,335.0,50.0,-0.3587535755795936,-0.3587535755795936,0.95,0.4226886968046634,0.2034789227676798,0.42134225127411185,0.6652719665271967,0.3347424042272127,0.0,0.0,0.0,0.0,0,0
-0.3730201965797497,340.0,50.0,-0.3730201965797497,-0.3730201965797497,0.95,0.4435181592359072,0.20226690563897343,0.4435181592359072,0.6583333333333333,0.3504802364240857,0.0,0.0,0.0,0.0,0,0
-0.3781518636162314,345.0,50.0,-0.3781518636162314,-0.3781518636162314,0.95,0.46569406719770257,0.1854113301690603,0.4447974811863209,0.6567796610169492,0.3579424821463038,0.0,0.0,0.0,0.0,0,0
-0.3756472855322282,350.0,50.0,-0.3756472855322282,-0.3756472855322282,0.95,0.46569406719770257,0.1517001792292323,0.46569406719770257,0.6497890295358649,0.3662382004418558,0.0,0.0,0.0,0.0,0,0
-0.3705146015839763,355.0,50.0,-0.3705146015839763,-0.3705146015839763,0.95,0.4735608404669409,0.1179890282894025,0.46569406719770257,0.6483050847457628,0.37841473509933776,0.0,0.0,0.0,0.0,0,0
-0.2979096259953366,0.0,55.0,-0.2979096259953366,-0.2979096259953366,0.95,0.3950230362174495,0.0842778773495727,0.3769904353505211,0.7541666666666667,0.39227403692242024,0.0,0.0,0.0,0.0,0,0
-0.30327361467268105,5.0,55.0,-0.30327361467268105,-0.30327361467268105,0.95,0.40482037550508476,0.08714660925405898,0.3769904353505211,0.7468879668049793,0.38885309278350516,0.0,0.0,0.0,0.0,0,0
-0.3186218240630089,10.0,55.0,-0.3186218240630089,-0.3186218240630089,0.95,0.4115881361108659,0.130447087425499,0.38632563733014286,0.7520661157024794,0.389793936778509,0.0,0.0,0.0,0.0,0,0
-0.323822563872802,15.0,55.0,-0.323822563872802,-0.323822563872802,0.95,0.41177875723805557,0.17215074641238864,0.3739709168527691,0.7741935483870968,0.3714134462678666,0.0,0.0,0.0,0.0,0,0
-0.33534100646137854,20.0,55.0,-0.33534100646137854,-0.33534100646137854,0.95,0.41272071887651957,0.21912248110888832,0.3769904353505211,0.7877551020408163,0.3485791329599668,0.0,0.0,0.0,0.0,0,0
-0.33359087644216767,25.0,55.0,-0.33359087644216767,-0.33359087644216767,0.95,0.4124852284669037,0.23723374549914164,0.3761092180156558,0.8473895582329317,0.3308980213089802,0.0,0.0,0.0,0.0,0,0
-0.33893713534809383,30.0,55.0,-0.33893713534809383,-0.33893713534809383,0.95,0.4162008616380691,0.24393498757974896,0.36330108207430667,0.7935222672064778,0.3163437655240934,0.0,0.0,0.0,0.0,0,0
-0.35038551721237365,35.0,55.0,-0.35038551721237365,-0.35038551721237365,0.95,0.42233243521013053,0.2661108955415443,0.3609138518705269,0.7530364372469636,0.30140435835351087,0.0,0.0,0.0,0.0,0,0
-0.3716138676314953,40.0,55.0,-0.3716138676314953,-0.3716138676314953,0.95,0.4428404971273709,0.2661108955415443,0.3979922481998901,0.7154811715481172,0.29127593066211993,0.0,0.0,0.0,0.0,0,0
-0.38690582070761304,45.0,55.0,-0.38690582070761304,-0.38690582070761304,0.95,0.4564257378217869,0.28867924679244594,0.40243334732642594,0.6844262295081968,0.2815533980582524,0.0,0.0,0.0,0.0,0,0
-0.40923738866472903,50.0,55.0,-0.40923738866472903,-0.40923738866472903,0.95,0.4610001287925515,0.3265196326248631,0.4213893867478635,0.6213991769547325,0.27209154481881753,0.0,0.0,0.0,0.0,0,0
-0.4482800886126667,55.0,55.0,-0.4482800886126667,-0.4482800886126667,0.95,0.48454196058813875,0.34887082162850064,0.47067731113538147,0.5042372881355932,0.26809078771695594,0.0,0.0,0.0,0.0,0,0
-0.478031763793169,60.0,55.0,-0.478031763793169,-0.478031763793169,0.95,0.49910999013313,0.3714851495203694,0.49269353650206005,0.37656903765690375,0.2612248408739033,0.0,0.0,0.0,0.0,0,0
-0.4963222475036769,65.0,55.0,-0.4963222475036769,-0.4963222475036769,0.95,0.5077693016854402,0.39681685610815154,0.5121757049913646,0.3403361344537815,0.26194118646948833,0.0,0.0,0.0,0.0,0,0
-0.5110110187511304,70.0,55.0,-0.5110110187511304,-0.5110110187511304,0.95,0.5225228395673511,0.4158732692032025,0.5331178690509342,0.3524590163934426,0.26462676529926027,0.0,0.0,0.0,0.0,0,0
-0.5262779582640387,75.0,55.0,-0.5262779582640387,-0.5262779582640387,0.95,0.5390324555668862,0.43451391999790423,0.5549201776996194,0.36693548387096775,0.2646225629061823,0.0,0.0,0.0,0.0,0,0
-0.5359316491187863,80.0,55.0,-0.5359316491187863,-0.5359316491187863,0.95,0.5457253436327143,0.44189678370092395,0.5727988176177488,0.3603238866396761,0.26571049577184547,0.0,0.0,0.0,0.0,0,0
-0.5426888817684035,85.0,55.0,-0.5426888817684035,-0.5426888817684035,0.95,0.5565212115056576,0.45357732433583353,0.573518457877115,0.36693548387096775,0.2716915710393792,0.0,0.0,0.0,0.0,0,0
-0.542645890006296,90.0,55.0,-0.542645890006296,-0.542645890006296,0.95,0.5564991175826978,0.45510053768769154,0.574482024566622,0.37349397590361444,0.27998680085794425,0.0,0.0,0.0,0.0,0,0
-0.5414792043490486,95.0,55.0,-0.5414792043490486,-0.5414792043490486,0.95,0.5565212115056576,0.45357732433583353,0.573518457877115,0.3790322580645161,0.2878587924777301,0.0,0.0,0.0,0.0,0,0
-0.5329199066212551,100.0,55.0,-0.5329199066212551,-0.5329199066212551,0.95,0.5562339905071791,0.43824496221777665,0.5624964240340704,0.39759036144578314,0.29737778145421456,0.0,0.0,0.0,0.0,0,0
-0.5148437887352584,105.0,55.0,-0.5148437887352584,-0.5148437887352584,0.95,0.539378415037266,0.421972494551091,0.5411988157635153,0.41700404858299595,0.30708661417322836,0.0,0.0,0.0,0.0,0,0
-0.4969802945770731,110.0,55.0,-0.4969802945770731,-0.4969802945770731,0.95,0.5225228395673511,0.4035553438202762,0.5225228395673511,0.43548387096774194,0.31682920730182546,0.0,0.0,0.0,0.0,0,0
-0.47185425231093414,115.0,55.0,-0.47185425231093414,-0.47185425231093414,0.95,0.5056672640974362,0.374634929684144,0.48931445700369475,0.464,0.3292591042277103,0.0,0.0,0.0,0.0,0,0
-0.441386772017309,120.0,55.0,-0.441386772017309,-0.441386772017309,0.95,0.4719561131576082,0.3539670848682057,0.45564050554966684,0.4979757085020243,0.3414839797639123,0.0,0.0,0.0,0.0,0,0
-0.4174337190149592,125.0,55.0,-0.4174337190149592,-0.4174337190149592,0.95,0.4594606491693032,0.322115333232181,0.4213893867478635,0.5222672064777328,0.35475120793422055,0.0,0.0,0.0,0.0,0,0
-0.3666751337301889,130.0,55.0,-0.3666751337301889,-0.3666751337301889,0.95,0.42733294705501285,0.30340035845846103,0.37592373647791766,0.7408906882591093,0.3662442199006679,0.0,0.0,0.0,0.0,0,0
-0.32124218701240986,135.0,55.0,-0.32124218701240986,-0.32124218701240986,0.95,0.39992088864629677,0.269689207518633,0.3384583275322728,0.9076305220883534,0.3777662963919745,0.0,0.0,0.0,0.0,0,0
-0.2899075251773522,140.0,55.0,-0.2899075251773522,-0.2899075251773522,0.95,0.3781920382137848,0.2191224811088901,0.3034003584584628,0.92,0.38558075125497665,0.0,0.0,0.0,0.0,0,0
-0.2615054980273388,145.0,55.0,-0.2615054980273388,-0.2615054980273388,0.95,0.3597728941214414,0.1782061941570584,0.269689207518633,0.9437751004016064,0.3916471709557231,0.0,0.0,0.0,0.0,0,0
-0.2280520404771647,150.0,55.0,-0.2280520404771647,-0.2280520404771647,0.95,0.31736174010712376,0.16325981631243103,0.22821409583778532,0.9676113360323887,0.39407330387314793,0.0,0.0,0.0,0.0,0,0
-0.19866968532302462,155.0,55.0,-0.19866968532302462,-0.19866968532302462,0.95,0.28594790009224413,0.14061222896334738,0.19492385592099798,0.9959349593495935,0.39499568593615186,0.0,0.0,0.0,0.0,0,0
-0.1736305357472275,160.0,55.0,-0.1736305357472275,-0.1736305357472275,0.95,0.24503749833244426,0.1179890282894025,0.18447311736759678,1.0,0.3972238882700711,0.0,0.0,0.0,0.0,0,0
-0.15014386393874435,165.0,55.0,-0.15014386393874435,-0.15014386393874435,0.95,0.20982237462421713,0.0842778773495727,0.18058177900665723,1.0,0.3972323626793446,0.0,0.0,0.0,0.0,0,0
-0.13616128371447242,170.0,55.0,-0.13616128371447242,-0.13616128371447242,0.95,0.19640798818294236,0.05056672640974291,0.1782061941570584,0.9959514170040485,0.39291779891304346,0.0,0.0,0.0,0.0,0,0
-0.14012122823407439,175.0,55.0,-0.14012122823407439,-0.14012122823407439,0.95,0.19475274023703507,0.06742230187965781,0.17820619415705838,0.991869918699187,0.37202405469972816,0.0,0.0,0.0,0.0,0,0
-0.14211276559155153,180.0,55.0,-0.14211276559155153,-0.14211276559155153,0.95,0.18872422059296984,0.0842778773495727,0.18058177900665714,0.9959183673469387,0.3458130438253373,0.0,0.0,0.0,0.0,0,0
-0.1535681733323328,185.0,55.0,-0.1535681733323328,-0.1535681733323328,0.95,0.1950837898262164,0.11043124039379255,0.18517677696869445,0.9836734693877551,0.3167821401077752,0.0,0.0,0.0,0.0,0,0
-0.153061102052155,190.0,55.0,-0.153061102052155,-0.153061102052155,0.95,0.18058177900665692,0.13484460375931562,0.18517677696869445,0.9917695473251029,0.2886544319786017,0.0,0.0,0.0,0.0,0,0
-0.16774232896131236,195.0,55.0,-0.16774232896131236,-0.16774232896131236,0.95,0.19005577967041476,0.1517001792292323,0.21026185635646838,0.9877049180327869,0.2659436943407067,0.0,0.0,0.0,0.0,0,0
-0.17765564186656307,200.0,55.0,-0.17765564186656307,-0.17765564186656307,0.95,0.2022669056389752,0.15523135573256752,0.2317641627113245,1.0,0.2483974358974359,0.0,0.0,0.0,0.0,0,0
-0.20812093872359022,205.0,55.0,-0.20812093872359022,-0.20812093872359022,0.95,0.2588037895640862,0.15523135573256752,0.2520991421833663,0.9723320158102767,0.23532203389830508,0.0,0.0,0.0,0.0,0,0
-0.20049143579740905,210.0,55.0,-0.20049143579740905,-0.20049143579740905,0.95,0.235978056578805,0.15523135573256752,0.25953094271411326,0.9759036144578314,0.22624165068447855,0.0,0.0,0.0,0.0,0,0
-0.20313127147187995,215.0,55.0,-0.20313127147187995,-0.20313127147187995,0.95,0.23622873026215768,0.15523135573256752,0.26968920751863257,0.9759036144578314,0.21761120477240306,0.0,0.0,0.0,0.0,0,0
-0.21045663151274155,220.0,55.0,-0.21045663151274155,-0.21045663151274155,0.95,0.252099142183368,0.15523135573256752,0.2832365428250099,1.0,0.21092254689294374,0.0,0.0,0.0,0.0,0,0
-0.21574389395696883,225.0,55.0,-0.21574389395696883,-0.21574389395696883,0.95,0.2528336320487199,0.15805071323439512,0.29226097001471524,0.9796747967479674,0.20601560533601812,0.0,0.0,0.0,0.0,0,0
-0.22467520582743222,230.0,55.0,-0.22467520582743222,-0.22467520582743222,0.95,0.269689207518633,0.16445333845155952,0.3010918602663732,0.9958677685950413,0.2005349256702121,0.0,0.0,0.0,0.0,0,0
-0.22870943080409478,235.0,55.0,-0.22870943080409478,-0.22870943080409478,0.95,0.269689207518633,0.16564686059068964,0.3160420400608972,0.9958847736625515,0.19796610169491524,0.0,0.0,0.0,0.0,0,0
-0.22486182237820762,240.0,55.0,-0.22486182237820762,-0.22486182237820762,0.95,0.269689207518633,0.15170017922923051,0.31624437825378715,1.0,0.1925372234613298,0.0,0.0,0.0,0.0,0,0
-0.2362369332717258,245.0,55.0,-0.2362369332717258,-0.2362369332717258,0.95,0.28574906841703734,0.15845018821956713,0.32929903540007627,1.0,0.19109350618173088,0.0,0.0,0.0,0.0,0,0
-0.2365611786360753,250.0,55.0,-0.2365611786360753,-0.2365611786360753,0.95,0.2865447829885479,0.1548754462318124,0.3328976155308121,1.0,0.19320365033621517,0.0,0.0,0.0,0.0,0,0
-0.24002918449207244,255.0,55.0,-0.24002918449207244,-0.24002918449207244,0.95,0.2865447829885479,0.16855575469914452,0.3330893304874685,1.0,0.19685895499848988,0.0,0.0,0.0,0.0,0,0
-0.2404085695747642,260.0,55.0,-0.2404085695747642,-0.2404085695747642,0.95,0.2865447829885479,0.16855575469914363,0.3346068708182364,1.0,0.20082689852252691,0.0,0.0,0.0,0.0,0,0
-0.24178068452343612,265.0,55.0,-0.24178068452343612,-0.24178068452343612,0.95,0.28740160673156306,0.1685557546991463,0.3371115093982908,0.9959677419354839,0.2034355828220859,0.0,0.0,0.0,0.0,0,0
-0.2412403669181014,270.0,55.0,-0.2412403669181014,-0.2412403669181014,0.95,0.287058877234357,0.16855575469914363,0.3371115093982908,1.0,0.20706130553487218,0.0,0.0,0.0,0.0,0,0
-0.23928975472612005,275.0,55.0,-0.23928975472612005,-0.23928975472612005,0.95,0.28740160673156306,0.16140446544593373,0.33591198268804556,1.0,0.2113923255667902,0.0,0.0,0.0,0.0,0,0
-0.24136750775596838,280.0,55.0,-0.24136750775596838,-0.24136750775596838,0.95,0.2865447829885479,0.16855575469914363,0.3336617470490293,0.9880478087649402,0.21745788667687596,0.0,0.0,0.0,0.0,0,0
-0.24202705931180873,285.0,55.0,-0.24202705931180873,-0.24202705931180873,0.95,0.2865447829885479,0.1525063275736216,0.35371145347313326,0.9914529914529915,0.2232258903041331,0.0,0.0,0.0,0.0,0,0
-0.24327204895804053,290.0,55.0,-0.24327204895804053,-0.24327204895804053,0.95,0.2865447829885479,0.15750083425820322,0.35371145347313326,0.9914893617021276,0.22964827449162084,0.0,0.0,0.0,0.0,0,0
-0.24248597822602738,295.0,55.0,-0.24248597822602738,-0.24248597822602738,0.95,0.2831079019490906,0.1632598163124313,0.35371145347313326,1.0,0.23697262042258305,0.0,0.0,0.0,0.0,0,0
-0.23850639289929054,300.0,55.0,-0.23850639289929054,-0.23850639289929054,0.95,0.269689207518633,0.18541133016905853,0.3371115093982908,1.0,0.24728033472803349,0.0,0.0,0.0,0.0,0,0
-0.24275610729516145,305.0,55.0,-0.24275610729516145,-0.24275610729516145,0.95,0.269689207518633,0.20241018775254221,0.3371115093982908,1.0,0.2575898944950836,0.0,0.0,0.0,0.0,0,0
-0.24009471291448575,310.0,55.0,-0.24009471291448575,-0.24009471291448575,0.95,0.2734549448585101,0.2217590796179536,0.3010918602663732,1.0,0.26957618941586875,0.0,0.0,0.0,0.0,0,0
-0.2550346679599227,315.0,55.0,-0.2550346679599227,-0.2550346679599227,0.95,0.30064839888287404,0.235978056578805,0.30156675681482437,0.9961089494163424,0.28436492090308707,0.0,0.0,0.0,0.0,0,0
-0.2553817145342519,320.0,55.0,-0.2553817145342519,-0.2553817145342519,0.95,0.3003531948968125,0.235978056578805,0.3049836897233026,1.0,0.2994011976047904,0.0,0.0,0.0,0.0,0,0
-0.2598103586984802,325.0,55.0,-0.2598103586984802,-0.2598103586984802,0.95,0.3124143873479081,0.2191224811088901,0.3202559339283777,1.0,0.3159425105923403,0.0,0.0,0.0,0.0,0,0
-0.2648090857367535,330.0,55.0,-0.2648090857367535,-0.2648090857367535,0.95,0.3326386194269304,0.2022669056389752,0.3247476462249501,1.0,0.3329290479078229,0.0,0.0,0.0,0.0,0,0
-0.26855896749862285,335.0,55.0,-0.26855896749862285,-0.26855896749862285,0.95,0.333065401323338,0.2022669056389752,0.3326386194269304,0.9839357429718876,0.3473227206946454,0.0,0.0,0.0,0.0,0,0
-0.29243291912176084,340.0,55.0,-0.29243291912176084,-0.29243291912176084,0.95,0.35481452738872576,0.1854113301690603,0.35481452738872576,0.8454935622317596,0.35759285378467326,0.0,0.0,0.0,0.0,0,0
-0.3034752079550095,345.0,55.0,-0.3034752079550095,-0.3034752079550095,0.95,0.3769904353505211,0.1685557546991472,0.35839969679937317,0.7905982905982906,0.3716195988424309,0.0,0.0,0.0,0.0,0,0
-0.30568302527348373,350.0,55.0,-0.30568302527348373,-0.30568302527348373,0.95,0.3769904353505211,0.1510315454537665,0.3769904353505211,0.7711864406779662,0.38364197530864197,0.0,0.0,0.0,0.0,0,0
-0.300681929535905,355.0,55.0,-0.300681929535905,-0.300681929535905,0.95,0.38062717789326217,0.1179890282894025,0.3769904353505211,0.7531380753138075,0.38947810563897933,0.0,0.0,0.0,0.0,0,0
-0.22545542497662074,0.0,60.0,-0.22545542497662074,-0.22545542497662074,0.95,0.317699326409477,0.0842778773495727,0.30922490030174693,1.0,0.40190476190476193,0.0,0.0,0.0,0.0,0,0
-0.22589992850288557,5.0,60.0,-0.22589992850288557,-0.22589992850288557,0.95,0.32169839263016736,0.08070223272296612,0.3081800530803084,1.0,0.39946695095948825,0.0,0.0,0.0,0.0,0,0
-0.23723175971294172,10.0,60.0,-0.23723175971294172,-0.23723175971294172,0.95,0.3321272436987979,0.10353620706362361,0.31398724187006655,1.0,0.39963542783615696,0.0,0.0,0.0,0.0,0,0
-0.24726733369346313,15.0,60.0,-0.24726733369346313,-0.24726733369346313,0.95,0.3321272436987985,0.14195122661931073,0.31571451823646424,1.0,0.3961094484822574,0.0,0.0,0.0,0.0,0,0
-0.25179591543541446,20.0,60.0,-0.25179591543541446,-0.25179591543541446,0.95,0.33212724369879854,0.16928201450790237,0.3064980573156779,1.0,0.37736642827092975,0.0,0.0,0.0,0.0,0,0
-0.257522619131645,25.0,60.0,-0.257522619131645,-0.257522619131645,0.95,0.33417846330819767,0.18494222376832858,0.31046271146513504,1.0,0.3615942028985507,0.0,0.0,0.0,0.0,0,0
-0.26156364077564515,30.0,60.0,-0.26156364077564515,-0.26156364077564515,0.95,0.3371115093982908,0.19064219084657094,0.3112752795327938,0.987603305785124,0.34825971911255854,0.0,0.0,0.0,0.0,0,0
-0.2709732321897944,35.0,60.0,-0.2709732321897944,-0.2709732321897944,0.95,0.3473798427297109,0.19958317165615824,0.3092249003017471,0.9518072289156626,0.33696739347869575,0.0,0.0,0.0,0.0,0,0
-0.27820612430915015,40.0,60.0,-0.27820612430915015,-0.27820612430915015,0.95,0.3606595952570191,0.19958317165615824,0.31006352418961974,0.9346938775510204,0.3308663903690547,0.0,0.0,0.0,0.0,0,0
-0.2977220892477699,45.0,60.0,-0.2977220892477699,-0.2977220892477699,0.95,0.37580429335722676,0.2166476471575012,0.3337701669926277,0.9020408163265307,0.3234524847428073,0.0,0.0,0.0,0.0,0,0
-0.31091608266182796,50.0,60.0,-0.31091608266182796,-0.31091608266182796,0.95,0.3773556752252031,0.2408661652688861,0.35089630493511315,0.8796680497925311,0.31910840160030485,0.0,0.0,0.0,0.0,0,0
-0.32989464241263267,55.0,60.0,-0.32989464241263267,-0.32989464241263267,0.95,0.38775942456182916,0.269689207518633,0.36447428283297095,0.8375,0.3137218045112782,0.0,0.0,0.0,0.0,0,0
-0.3535867148975085,60.0,60.0,-0.3535867148975085,-0.3535867148975085,0.95,0.4036645607643008,0.2865447829885479,0.39286314912650394,0.7773109243697479,0.3126562355337469,0.0,0.0,0.0,0.0,0,0
-0.36820398143358263,65.0,60.0,-0.36820398143358263,-0.36820398143358263,0.95,0.40462497859686125,0.3038050348442427,0.40327759180177636,0.7041666666666667,0.3112151248164464,0.0,0.0,0.0,0.0,0,0
-0.3894936365287406,70.0,60.0,-0.3894936365287406,-0.3894936365287406,0.95,0.41852247082671307,0.32280893089186596,0.40453381127794863,0.5975103734439834,0.31087941976427924,0.0,0.0,0.0,0.0,0,0
-0.3996784786939664,75.0,60.0,-0.3996784786939664,-0.3996784786939664,0.95,0.4156290044121634,0.3371115093982926,0.4213893867478635,0.5619834710743802,0.3163596966413868,0.0,0.0,0.0,0.0,0,0
-0.4116538042062864,80.0,60.0,-0.4116538042062864,-0.4116538042062864,0.95,0.4213893867478635,0.3491552062407636,0.4256859713796367,0.5061224489795918,0.3181055049924892,0.0,0.0,0.0,0.0,0,0
-0.4207003590928663,85.0,60.0,-0.4207003590928663,-0.4207003590928663,0.95,0.42649541748375336,0.3539670848682057,0.4382449622177784,0.47950819672131145,0.32457223496207444,0.0,0.0,0.0,0.0,0,0
-0.4221109984208723,90.0,60.0,-0.4221109984208723,-0.4221109984208723,0.95,0.43002201580376836,0.3539670848682057,0.4382449622177784,0.47950819672131145,0.32995862311823226,0.0,0.0,0.0,0.0,0,0
-0.4211182061516603,95.0,60.0,-0.4211182061516603,-0.4211182061516603,0.95,0.42603033288918607,0.3539670848682057,0.4382449622177784,0.47346938775510206,0.3350932770151355,0.0,0.0,0.0,0.0,0,0
-0.41449853163620737,100.0,60.0,-0.41449853163620737,-0.41449853163620737,0.95,0.42185587299044547,0.3539670848682057,0.42660866530007413,0.49387755102040815,0.34026863313141953,0.0,0.0,0.0,0.0,0,0
-0.3945393536854438,105.0,60.0,-0.3945393536854438,-0.3945393536854438,0.95,0.41414482825449433,0.3371115093982908,0.4213893867478635,0.6074380165289256,0.34789487562626353,0.0,0.0,0.0,0.0,0,0
-0.37065932908239274,110.0,60.0,-0.37065932908239274,-0.37065932908239274,0.95,0.40302907536035776,0.3202559339283777,0.3976968051444589,0.7004048582995951,0.3564696555976394,0.0,0.0,0.0,0.0,0,0
-0.3444860813856943,115.0,60.0,-0.3444860813856943,-0.3444860813856943,0.95,0.3856047347224657,0.30340035845846103,0.37139752973975304,0.7845528455284553,0.36554101838755304,0.0,0.0,0.0,0.0,0,0
-0.3178120163240156,120.0,60.0,-0.3178120163240156,-0.3178120163240156,0.95,0.37668350268766426,0.28654478298854613,0.3526219229052128,0.926530612244898,0.37582047188220685,0.0,0.0,0.0,0.0,0,0
-0.2917575575664559,125.0,60.0,-0.2917575575664559,-0.2917575575664559,0.95,0.3555087268747783,0.2528336320487199,0.32252549236031547,0.9428571428571428,0.3863514719000892,0.0,0.0,0.0,0.0,0,0
-0.2687613257066276,130.0,60.0,-0.2687613257066276,-0.2687613257066276,0.95,0.335681251547648,0.2191224811088901,0.30072582335660974,0.9547325102880658,0.39240393208221624,0.0,0.0,0.0,0.0,0,0
-0.24527586121839384,135.0,60.0,-0.24527586121839384,-0.24527586121839384,0.95,0.31797793961531534,0.18541133016906208,0.2706008807077639,0.9591836734693877,0.3988708665651044,0.0,0.0,0.0,0.0,0,0
-0.22025470358450314,140.0,60.0,-0.22025470358450314,-0.22025470358450314,0.95,0.294422403383872,0.15523135573256752,0.24328304176267834,0.9714285714285714,0.40315921737569554,0.0,0.0,0.0,0.0,0,0
-0.1994066921099837,145.0,60.0,-0.1994066921099837,-0.1994066921099837,0.95,0.2767750115955405,0.13484460375931562,0.2134115338828564,0.9836734693877551,0.4076267384477344,0.0,0.0,0.0,0.0,0,0
-0.1861837560989857,150.0,60.0,-0.1861837560989857,-0.1861837560989857,0.95,0.2670741479218049,0.13305544777077216,0.18436093995028283,1.0,0.41455407623563745,0.0,0.0,0.0,0.0,0,0
-0.15994345844848015,155.0,60.0,-0.15994345844848015,-0.15994345844848015,0.95,0.2312778942376282,0.1108795398089768,0.15884966320473867,1.0,0.4167877906976744,0.0,0.0,0.0,0.0,0,0
-0.14573342440078124,160.0,60.0,-0.14573342440078124,-0.14573342440078124,0.95,0.20226690563897343,0.1011334528194876,0.1581731957612798,1.0,0.41939853698184776,0.0,0.0,0.0,0.0,0,0
-0.12937031163244392,165.0,60.0,-0.12937031163244392,-0.12937031163244392,0.95,0.18369696951200837,0.06742230187965781,0.15614379343090445,1.0,0.4185506210347601,0.0,0.0,0.0,0.0,0,0
-0.11622422868762687,170.0,60.0,-0.11622422868762687,-0.11622422868762687,0.95,0.16193677038012316,0.05056672640974291,0.15523135573256752,1.0,0.4066444600280505,0.0,0.0,0.0,0.0,0,0
-0.12084263810399748,175.0,60.0,-0.12084263810399748,-0.12084263810399748,0.95,0.1623777856908924,0.06742230187965781,0.1561437934309043,1.0,0.3895259284614068,0.0,0.0,0.0,0.0,0,0
-0.12514865412816545,180.0,60.0,-0.12514865412816545,-0.12514865412816545,0.95,0.1588496632047383,0.0842778773495727,0.16215727803550783,1.0,0.36754911754911757,0.0,0.0,0.0,0.0,0,0
-0.13011541588648456,185.0,60.0,-0.13011541588648456,-0.13011541588648456,0.95,0.15614379343090434,0.10737177774405987,0.16325981631243142,1.0,0.343707056826449,0.0,0.0,0.0,0.0,0,0
-0.13762063296569954,190.0,60.0,-0.13762063296569954,-0.13762063296569954,0.95,0.16325981631243144,0.1179890282894025,0.16964514441228087,0.9959183673469387,0.3170808183742259,0.0,0.0,0.0,0.0,0,0
-0.15694164695319096,195.0,60.0,-0.15694164695319096,-0.15694164695319096,0.95,0.1854113301690603,0.13305544777077216,0.19805301177149515,1.0,0.2969179127250534,0.0,0.0,0.0,0.0,0,0
-0.16414476287825364,200.0,60.0,-0.16414476287825364,-0.16414476287825364,0.95,0.19121877058020806,0.13305544777077216,0.21757357081390952,1.0,0.27986044094721996,0.0,0.0,0.0,0.0,0,0
-0.17238938326182796,205.0,60.0,-0.17238938326182796,-0.17238938326182796,0.95,0.2022669056389752,0.13305544777077216,0.23287503625417938,1.0,0.2669374727984912,0.0,0.0,0.0,0.0,0,0
-0.1856161632503593,210.0,60.0,-0.1856161632503593,-0.1856161632503593,0.95,0.21912248110888832,0.13411883762508037,0.2496526796102326,0.979757085020243,0.25528144052176377,0.0,0.0,0.0,0.0,0,0
-0.18671739817569175,215.0,60.0,-0.18671739817569175,-0.18671739817569175,0.95,0.21912248110888832,0.13411883762508037,0.2557290824922203,0.9839357429718876,0.2464352785699381,0.0,0.0,0.0,0.0,0,0
-0.19453186795421484,220.0,60.0,-0.19453186795421484,-0.19453186795421484,0.95,0.235978056578805,0.1348446037593174,0.26571797753145393,1.0,0.23819625017106885,0.0,0.0,0.0,0.0,0,0
-0.1988251090553295,225.0,60.0,-0.1988251090553295,-0.1988251090553295,0.95,0.235978056578805,0.13545238588540104,0.275752547564931,0.9836734693877551,0.233890053418081,0.0,0.0,0.0,0.0,0,0
-0.20279623195771918,230.0,60.0,-0.20279623195771918,-0.20279623195771918,0.95,0.24181425755656047,0.14195122661931073,0.2823308891210692,1.0,0.22909407665505227,0.0,0.0,0.0,0.0,0,0
-0.20772431447777592,235.0,60.0,-0.20772431447777592,-0.20772431447777592,0.95,0.2528336320487199,0.1372595857460183,0.2891038608871336,1.0,0.2265682165901683,0.0,0.0,0.0,0.0,0,0
-0.21060552053032278,240.0,60.0,-0.21060552053032278,-0.21060552053032278,0.95,0.2528336320487199,0.13870180625235512,0.2991864645909841,1.0,0.22616201859229748,0.0,0.0,0.0,0.0,0,0
-0.2114714271060001,245.0,60.0,-0.2114714271060001,-0.2114714271060001,0.95,0.2528336320487199,0.14195122661931073,0.29940067052673786,1.0,0.22616525423728814,0.0,0.0,0.0,0.0,0,0
-0.21630344179076422,250.0,60.0,-0.21630344179076422,-0.21630344179076422,0.95,0.26143982776217756,0.14195122661931073,0.30495881612426196,1.0,0.22639008549274306,0.0,0.0,0.0,0.0,0,0
-0.21833801857046123,255.0,60.0,-0.21833801857046123,-0.21833801857046123,0.95,0.26404089403851894,0.1348446037593174,0.3160420400608972,1.0,0.22502937720329025,0.0,0.0,0.0,0.0,0,0
-0.22042135375085958,260.0,60.0,-0.22042135375085958,-0.22042135375085958,0.95,0.26811716485959003,0.13665591116719705,0.3160420400608972,1.0,0.22819672131147542,0.0,0.0,0.0,0.0,0,0
-0.22089973015425207,265.0,60.0,-0.22089973015425207,-0.22089973015425207,0.95,0.269689207518633,0.13605414852629827,0.3160420400608972,1.0,0.23320315085721852,0.0,0.0,0.0,0.0,0,0
-0.22089973015425146,270.0,60.0,-0.22089973015425146,-0.22089973015425146,0.95,0.2696892075186315,0.13605414852629827,0.3160420400608972,1.0,0.23623623623623624,0.0,0.0,0.0,0.0,0,0
-0.22020104452801076,275.0,60.0,-0.22020104452801076,-0.22020104452801076,0.95,0.26794249345302973,0.13605414852629827,0.3160420400608972,1.0,0.23979763912310287,0.0,0.0,0.0,0.0,0,0
-0.2173735648256847,280.0,60.0,-0.2173735648256847,-0.2173735648256847,0.95,0.26143982776217695,0.13514849482235847,0.3160420400608972,1.0,0.24342958563724487,0.0,0.0,0.0,0.0,0,0
-0.2205769361087504,285.0,60.0,-0.2205769361087504,-0.2205769361087504,0.95,0.26143982776217695,0.13484460375931562,0.3291594162562028,1.0,0.24847349431029697,0.0,0.0,0.0,0.0,0,0
-0.21726975621544195,290.0,60.0,-0.21726975621544195,-0.21726975621544195,0.95,0.2583083728481648,0.13545238588540104,0.32033324241930294,1.0,0.2547509713882021,0.0,0.0,0.0,0.0,0,0
-0.21322075058831091,295.0,60.0,-0.21322075058831091,-0.21322075058831091,0.95,0.2528336320487199,0.1491627264843077,0.2991864645909841,1.0,0.26307814416624575,0.0,0.0,0.0,0.0,0,0
-0.21674502304534174,300.0,60.0,-0.21674502304534174,-0.21674502304534174,0.95,0.2528336320487199,0.16325981631243103,0.2991864645909841,1.0,0.27309088215687727,0.0,0.0,0.0,0.0,0,0
-0.22017905630967544,305.0,60.0,-0.22017905630967544,-0.22017905630967544,0.95,0.2525765605958467,0.17740726369436288,0.2991864645909841,1.0,0.2825227963525836,0.0,0.0,0.0,0.0,0,0
-0.21433055690920388,310.0,60.0,-0.21433055690920388,-0.21433055690920388,0.95,0.2407527138227707,0.18978699639931318,0.2823308891210692,1.0,0.2942877236852387,0.0,0.0,0.0,0.0,0,0
-0.22013710516017726,315.0,60.0,-0.22013710516017726,-0.22013710516017726,0.95,0.235978056578805,0.19958317165615824,0.3034003584584628,1.0,0.3075806451612903,0.0,0.0,0.0,0.0,0,0
-0.21810785631873886,320.0,60.0,-0.21810785631873886,-0.21810785631873886,0.95,0.25006348928558786,0.2058893786190281,0.2664404637989867,1.0,0.3206036854831985,0.0,0.0,0.0,0.0,0,0
-0.22063012168584978,325.0,60.0,-0.22063012168584978,-0.22063012168584978,0.95,0.24393498757974896,0.20226690563897343,0.28995760097682727,1.0,0.3367611475976495,0.0,0.0,0.0,0.0,0,0
-0.22815851251049776,330.0,60.0,-0.22815851251049776,-0.22815851251049776,0.95,0.2661108955415443,0.20226690563897343,0.28458971153654666,1.0,0.35587481698389456,0.0,0.0,0.0,0.0,0,0
-0.2244333865060198,335.0,60.0,-0.2244333865060198,-0.2244333865060198,0.95,0.2661108955415443,0.1854113301690603,0.2865447829885479,1.0,0.3661652001135396,0.0,0.0,0.0,0.0,0,0
-0.23148997693843848,340.0,60.0,-0.23148997693843848,-0.23148997693843848,0.95,0.2882868035033397,0.17815623915986428,0.28654478298854613,1.0,0.37407623492804354,0.0,0.0,0.0,0.0,0,0
-0.22571454125667395,345.0,60.0,-0.22571454125667395,-0.22571454125667395,0.95,0.2882868035033397,0.15331247591801267,0.2882868035033397,1.0,0.3847923961980991,0.0,0.0,0.0,0.0,0,0
-0.23106823960444609,350.0,60.0,-0.23106823960444609,-0.23106823960444609,0.95,0.31046271146513504,0.1348446037593174,0.2926880163142508,1.0,0.392875422254069,0.0,0.0,0.0,0.0,0,0
-0.2263107682285671,355.0,60.0,-0.2263107682285671,-0.2263107682285671,0.95,0.3109488126708723,0.10737177774405987,0.3003531948968128,1.0,0.3996659010231781,0.0,0.0,0.0,0.0,0,0
-0.1859723699410564,0.0,65.0,-0.1859723699410564,-0.1859723699410564,0.95,0.2540815618123894,0.0842778773495727,0.2530811035148298,1.0,0.4125131440588854,0.0,0.0,0.0,0.0,0,0
-0.18488258680208103,5.0,65.0,-0.18488258680208103,-0.18488258680208103,0.95,0.25808339500262684,0.06742230187965781,0.25917461332446334,1.0,0.41217649554518454,0.0,0.0,0.0,0.0,0,0
-0.19243094996429766,10.0,65.0,-0.19243094996429766,-0.19243094996429766,0.95,0.264068652900574,0.0842778773495727,0.26293607786669954,1.0,0.415848976109215,0.0,0.0,0.0,0.0,0,0
-0.20019715797077225,15.0,65.0,-0.20019715797077225,-0.20019715797077225,0.95,0.26406865290057463,0.11421013434159583,0.2640686529005738,1.0,0.4161683041435284,0.0,0.0,0.0,0.0,0,0
-0.20476244082680303,20.0,65.0,-0.20476244082680303,-0.20476244082680303,0.95,0.2661290752138768,0.13665591116719705,0.2565873317978121,1.0,0.40796863409981987,0.0,0.0,0.0,0.0,0,0
-0.20732931722148,25.0,65.0,-0.20732931722148,-0.20732931722148,0.95,0.2662578516084582,0.14234024729948502,0.2609644590129018,1.0,0.39418433760235144,0.0,0.0,0.0,0.0,0,0
-0.2103215765654175,30.0,65.0,-0.2103215765654175,-0.2103215765654175,0.95,0.269689207518633,0.15170017922923051,0.25808339500262667,1.0,0.38373056994818655,0.0,0.0,0.0,0.0,0,0
-0.213251505339057,35.0,65.0,-0.213251505339057,-0.213251505339057,0.95,0.277933476318019,0.15523135573256752,0.25308110351483015,1.0,0.37385955920041003,0.0,0.0,0.0,0.0,0,0
-0.22105285548031217,40.0,65.0,-0.22105285548031217,-0.22105285548031217,0.95,0.28667043721277086,0.15523135573256752,0.26697403331491454,0.9916666666666667,0.36701804175957836,0.0,0.0,0.0,0.0,0,0
-0.22501006978396923,45.0,65.0,-0.22501006978396923,-0.22501006978396923,0.95,0.2952269980849156,0.1525063275736207,0.26697403331491576,0.9795081967213115,0.36435663423929393,0.0,0.0,0.0,0.0,0,0
-0.23767212741103544,50.0,65.0,-0.23767212741103544,-0.23767212741103544,0.95,0.3013944571320707,0.1685557546991454,0.2897321320082595,0.9745762711864406,0.36076450782333136,0.0,0.0,0.0,0.0,0,0
-0.24569874255570257,55.0,65.0,-0.24569874255570257,-0.24569874255570257,0.95,0.3072493856888968,0.18541133016906208,0.2941663656901026,0.970954356846473,0.35778825378118245,0.0,0.0,0.0,0.0,0,0
-0.25470517899108175,60.0,65.0,-0.25470517899108175,-0.25470517899108175,0.95,0.3147407945344223,0.2022669056389752,0.29996040898897525,0.967479674796748,0.3575321136629038,0.0,0.0,0.0,0.0,0,0
-0.26163665772544015,65.0,65.0,-0.26163665772544015,-0.26163665772544015,0.95,0.3160928472274092,0.21912248110888832,0.30845245373314967,0.9669421487603306,0.35745952197378567,0.0,0.0,0.0,0.0,0,0
-0.2704894411699733,70.0,65.0,-0.2704894411699733,-0.2704894411699733,0.95,0.3202942769197072,0.23597805657880322,0.32184219836289174,0.9708333333333333,0.36077342777830956,0.0,0.0,0.0,0.0,0,0
-0.2699004224008152,75.0,65.0,-0.2699004224008152,-0.2699004224008152,0.95,0.32122315356904335,0.23597805657880322,0.32297202664453195,0.9832635983263598,0.3619129275030961,0.0,0.0,0.0,0.0,0,0
-0.2728904248248752,80.0,65.0,-0.2728904248248752,-0.2728904248248752,0.95,0.3202559339283777,0.25283363204871634,0.32302639189542115,0.9917695473251029,0.3646891314665401,0.0,0.0,0.0,0.0,0,0
-0.2713747650656254,85.0,65.0,-0.2713747650656254,-0.2713747650656254,0.95,0.3202559339283774,0.2528336320487199,0.3202559339283777,1.0,0.3689586683060626,0.0,0.0,0.0,0.0,0,0
-0.27137476506562475,90.0,65.0,-0.27137476506562475,-0.27137476506562475,0.95,0.3202559339283759,0.2528336320487199,0.3202559339283777,1.0,0.3729964171223836,0.0,0.0,0.0,0.0,0,0
-0.2703361382007275,95.0,65.0,-0.2703361382007275,-0.2703361382007275,0.95,0.3202559339283759,0.2528336320487199,0.3161014264687886,1.0,0.3772483284678407,0.0,0.0,0.0,0.0,0,0
-0.2632506076828914,100.0,65.0,-0.2632506076828914,-0.2632506076828914,0.95,0.3034003584584628,0.25283363204871634,0.3147282251493087,1.0,0.38004126805477395,0.0,0.0,0.0,0.0,0,0
-0.25635650078736877,105.0,65.0,-0.25635650078736877,-0.25635650078736877,0.95,0.3034003584584628,0.23597805657880322,0.3040073730371313,1.0,0.3853305785123967,0.0,0.0,0.0,0.0,0,0
-0.2487778344195215,110.0,65.0,-0.2487778344195215,-0.2487778344195215,0.95,0.3041692435914428,0.2191224811088901,0.28931806682288735,1.0,0.3908758096310898,0.0,0.0,0.0,0.0,0,0
-0.23957286484167695,115.0,65.0,-0.23957286484167695,-0.23957286484167695,0.95,0.29445606785504785,0.2022669056389752,0.284894845159656,1.0,0.39693724163848176,0.0,0.0,0.0,0.0,0,0
-0.2262087556808945,120.0,65.0,-0.2262087556808945,-0.2262087556808945,0.95,0.2831917909526235,0.18541133016906208,0.2663168270303182,1.0,0.40399660665472714,0.0,0.0,0.0,0.0,0,0
-0.2124112160712004,125.0,65.0,-0.2124112160712004,-0.2124112160712004,0.95,0.2687932450828009,0.1685557546991454,0.25101991745317465,1.0,0.4084918094520806,0.0,0.0,0.0,0.0,0,0
-0.20054064313654676,130.0,65.0,-0.20054064313654676,-0.20054064313654676,0.95,0.2561799097159887,0.15170017922923051,0.24057453777137458,1.0,0.4132705882352941,0.0,0.0,0.0,0.0,0,0
-0.18332165172189108,135.0,65.0,-0.18332165172189108,-0.18332165172189108,0.95,0.24152244750767382,0.13305544777077216,0.21379524310451406,1.0,0.4185893210283454,0.0,0.0,0.0,0.0,0,0
-0.16552959423356026,140.0,65.0,-0.16552959423356026,-0.16552959423356026,0.95,0.21962364908131674,0.11178598726478098,0.19893455113935324,1.0,0.4216924236713155,0.0,0.0,0.0,0.0,0,0
-0.15218972535823144,145.0,65.0,-0.15218972535823144,-0.15218972535823144,0.95,0.20224133944739547,0.1108795398089768,0.17429321850811624,1.0,0.4241968814578245,0.0,0.0,0.0,0.0,0,0
-0.13487683922013474,150.0,65.0,-0.13487683922013474,-0.13487683922013474,0.95,0.18541133016905853,0.09523572956758243,0.1476134990424629,1.0,0.4273136005994755,0.0,0.0,0.0,0.0,0,0
-0.1298616333835306,155.0,65.0,-0.1298616333835306,-0.1298616333835306,0.95,0.18539004003866275,0.08870363184718144,0.13411883762508053,1.0,0.43217724595681034,0.0,0.0,0.0,0.0,0,0
-0.11725147314520616,160.0,65.0,-0.11725147314520616,-0.11725147314520616,0.95,0.15663073600385727,0.0842778773495727,0.1341188376250803,1.0,0.4297994269340974,0.0,0.0,0.0,0.0,0,0
-0.1055884444275251,165.0,65.0,-0.1055884444275251,-0.1055884444275251,0.95,0.1481393546065843,0.05056672640974291,0.13476408392982256,1.0,0.42570905763952427,0.0,0.0,0.0,0.0,0,0
-0.10121130645728268,170.0,65.0,-0.10121130645728268,-0.10121130645728268,0.95,0.1372595857460183,0.05056672640974469,0.1346631622257568,1.0,0.41450031483313843,0.0,0.0,0.0,0.0,0,0
-0.1074968914397969,175.0,65.0,-0.1074968914397969,-0.1074968914397969,0.95,0.14081604883344473,0.06742230187965781,0.1372595857460183,1.0,0.4035180765491028,0.0,0.0,0.0,0.0,0,0
-0.11143273553583413,180.0,65.0,-0.11143273553583413,-0.11143273553583413,0.95,0.13694551093392443,0.0842778773495727,0.14234024729948472,1.0,0.3870632998962297,0.0,0.0,0.0,0.0,0,0
-0.11513736361069637,185.0,65.0,-0.11513736361069637,-0.11513736361069637,0.95,0.13411883762508037,0.09489349819965691,0.151065816043,1.0,0.3671367052267162,0.0,0.0,0.0,0.0,0,0
-0.12378898825454815,190.0,65.0,-0.12378898825454815,-0.12378898825454815,0.95,0.14195122661931242,0.1021044960943351,0.16592949433295762,1.0,0.34728413405976555,0.0,0.0,0.0,0.0,0,0
-0.1405641732594608,195.0,65.0,-0.1405641732594608,-0.1405641732594608,0.95,0.1662286394123791,0.1108795398089768,0.18541133016905986,1.0,0.32900572534473027,0.0,0.0,0.0,0.0,0,0
-0.1527696058482816,200.0,65.0,-0.1527696058482816,-0.1527696058482816,0.95,0.1854113301690603,0.11215338948365511,0.20226690563897476,1.0,0.3119526627218935,0.0,0.0,0.0,0.0,0,0
-0.15828814381436773,205.0,65.0,-0.15828814381436773,-0.15828814381436773,0.95,0.18867294041557878,0.11215338948365523,0.21912248110888966,1.0,0.29923510778026735,0.0,0.0,0.0,0.0,0,0
-0.1689079773102285,210.0,65.0,-0.1689079773102285,-0.1689079773102285,0.95,0.2022669056389752,0.11589095756761326,0.23287503625417938,0.9919028340080972,0.28816518636605176,0.0,0.0,0.0,0.0,0,0
-0.17844222243690888,215.0,65.0,-0.17844222243690888,-0.17844222243690888,0.95,0.21757357081390818,0.11215338948365523,0.2486197381812394,0.9878048780487805,0.27824595420985904,0.0,0.0,0.0,0.0,0,0
-0.17777079072517563,220.0,65.0,-0.17777079072517563,-0.17777079072517563,0.95,0.21912248110888832,0.1108795398089768,0.2496076533175043,1.0,0.2706861012956419,0.0,0.0,0.0,0.0,0,0
-0.18440214394017926,225.0,65.0,-0.18440214394017926,-0.18440214394017926,0.95,0.21912248110888832,0.1179890282894025,0.2641652781019514,0.9878542510121457,0.26516968243586947,0.0,0.0,0.0,0.0,0,0
-0.18351507792869481,230.0,65.0,-0.18351507792869481,-0.18351507792869481,0.95,0.2191224811088901,0.1179890282894025,0.2654753136511525,1.0,0.26115154572313903,0.0,0.0,0.0,0.0,0,0
-0.19118572893620192,235.0,65.0,-0.19118572893620192,-0.19118572893620192,0.95,0.235978056578805,0.12005491114738889,0.2671231140713308,1.0,0.258187029738445,0.0,0.0,0.0,0.0,0,0
-0.1942340005132768,240.0,65.0,-0.1942340005132768,-0.1942340005132768,0.95,0.235978056578805,0.11902196971839482,0.28034914180862436,1.0,0.25788497217068646,0.0,0.0,0.0,0.0,0,0
-0.1949876726986361,245.0,65.0,-0.1949876726986361,-0.1949876726986361,0.95,0.235978056578805,0.12005491114738714,0.2823308891210692,1.0,0.2584413734150164,0.0,0.0,0.0,0.0,0,0
-0.19504456022133185,250.0,65.0,-0.19504456022133185,-0.19504456022133185,0.95,0.235978056578805,0.12005491114738889,0.28255843921185053,1.0,0.2588126159554731,0.0,0.0,0.0,0.0,0,0
-0.1988040723782208,255.0,65.0,-0.1988040723782208,-0.1988040723782208,0.95,0.24050919746960217,0.126049571091684,0.2843520024698356,1.0,0.2606299212598425,0.0,0.0,0.0,0.0,0,0
-0.19854206892763515,260.0,65.0,-0.19854206892763515,-0.19854206892763515,0.95,0.24264322750755418,0.12005491114738714,0.2858842005510667,1.0,0.26420802420226175,0.0,0.0,0.0,0.0,0,0
-0.19936476035943518,265.0,65.0,-0.19936476035943518,-0.19936476035943518,0.95,0.24517663272033055,0.1179890282894025,0.2871874007958093,1.0,0.2677599593643422,0.0,0.0,0.0,0.0,0,0
-0.20262276166547719,270.0,65.0,-0.20262276166547719,-0.20262276166547719,0.95,0.24517663272033055,0.1190219697183957,0.2991864645909841,1.0,0.270906432748538,0.0,0.0,0.0,0.0,0,0
-0.19768406277995398,275.0,65.0,-0.19768406277995398,-0.19768406277995398,0.95,0.24137652490116598,0.1179890282894025,0.2865447829885479,1.0,0.27416144489495026,0.0,0.0,0.0,0.0,0,0
-0.19539235791390852,280.0,65.0,-0.19539235791390852,-0.19539235791390852,0.95,0.23701775056024751,0.1179890282894025,0.2843520024698356,1.0,0.27818874691773143,0.0,0.0,0.0,0.0,0,0
-0.19529009000819697,285.0,65.0,-0.19529009000819697,-0.19529009000819697,0.95,0.23661351262927527,0.11798902828940072,0.28458971153654666,1.0,0.2835368165617654,0.0,0.0,0.0,0.0,0,0
-0.19503590758800884,290.0,65.0,-0.19503590758800884,-0.19503590758800884,0.95,0.235978056578805,0.11798902828940072,0.28458971153654666,1.0,0.2905936777178103,0.0,0.0,0.0,0.0,0,0
-0.19503590758800884,295.0,65.0,-0.19503590758800884,-0.19503590758800884,0.95,0.235978056578805,0.11798902828940072,0.28458971153654666,1.0,0.2981546917942678,0.0,0.0,0.0,0.0,0,0
-0.19735291264272742,300.0,65.0,-0.19735291264272742,-0.19735291264272742,0.95,0.22899912613956863,0.13305544777077216,0.2899576009768277,1.0,0.30537531042217414,0.0,0.0,0.0,0.0,0,0
-0.19403252259196999,305.0,65.0,-0.19403252259196999,-0.19403252259196999,0.95,0.22024175948544797,0.15043145285676912,0.2733118223343941,1.0,0.3149774312679524,0.0,0.0,0.0,0.0,0,0
-0.19809302712383448,310.0,65.0,-0.19809302712383448,-0.19809302712383448,0.95,0.2191224811088901,0.15523135573256752,0.28654478298854613,1.0,0.32583515192210843,0.0,0.0,0.0,0.0,0,0
-0.19770460301397694,315.0,65.0,-0.19770460301397694,-0.19770460301397694,0.95,0.21644080465572865,0.16325981631243047,0.2812533082943114,1.0,0.3382492453643812,0.0,0.0,0.0,0.0,0,0
-0.1984599828199388,320.0,65.0,-0.1984599828199388,-0.1984599828199388,0.95,0.2091214631578477,0.17740726369436288,0.281838326532836,1.0,0.3471030517470146,0.0,0.0,0.0,0.0,0,0
-0.19075911364832673,325.0,65.0,-0.19075911364832673,-0.19075911364832673,0.95,0.20273080825708348,0.17740726369436288,0.2612598976876105,1.0,0.3581332125056638,0.0,0.0,0.0,0.0,0,0
-0.20043419328492362,330.0,65.0,-0.20043419328492362,-0.20043419328492362,0.95,0.21664764715750076,0.1854113301690603,0.269689207518633,1.0,0.36508231792391405,0.0,0.0,0.0,0.0,0,0
-0.197902639023755,335.0,65.0,-0.197902639023755,-0.197902639023755,0.95,0.2217590796179536,0.17000827431665935,0.2667877543896348,1.0,0.3747141768292683,0.0,0.0,0.0,0.0,0,0
-0.1943532438241261,340.0,65.0,-0.1943532438241261,-0.1943532438241261,0.95,0.22239874059316048,0.1685557546991454,0.2530192356483023,1.0,0.38294755347201875,0.0,0.0,0.0,0.0,0,0
-0.19657045031166348,345.0,65.0,-0.19657045031166348,-0.19657045031166348,0.95,0.24393498757974896,0.1503629116783025,0.24562290944075305,1.0,0.3967587034813926,0.0,0.0,0.0,0.0,0,0
-0.1898484494492043,350.0,65.0,-0.1898484494492043,-0.1898484494492043,0.95,0.24402223585780888,0.12055413011591941,0.2484040903084035,1.0,0.404659717964439,0.0,0.0,0.0,0.0,0,0
-0.1864278081950395,355.0,65.0,-0.1864278081950395,-0.1864278081950395,0.95,0.24912099868403292,0.1011334528194876,0.2459841820662178,1.0,0.40893506493506493,0.0,0.0,0.0,0.0,0,0
-0.1568974352044209,0.0,70.0,-0.1568974352044209,-0.1568974352044209,0.95,0.20684424987382957,0.0842778773495727,0.2123610636699835,1.0,0.42188311014221946,0.0,0.0,0.0,0.0,0,0
-0.15257661691081495,5.0,70.0,-0.15257661691081495,-0.15257661691081495,0.95,0.21066373489303628,0.06742230187965781,0.2058221899347439,1.0,0.42537391486246207,0.0,0.0,0.0,0.0,0,0
-0.15547282887401404,10.0,70.0,-0.15547282887401404,-0.15547282887401404,0.95,0.2109629305062594,0.06919895759465658,0.21515166909138445,1.0,0.4247815559532582,0.0,0.0,0.0,0.0,0,0
-0.16039446192365242,15.0,70.0,-0.16039446192365242,-0.16039446192365242,0.95,0.21664764715750054,0.0842778773495727,0.21066373489303614,1.0,0.428404875463699,0.0,0.0,0.0,0.0,0,0
-0.16201226153292803,20.0,70.0,-0.16201226153292803,-0.16201226153292803,0.95,0.21090340467980775,0.10113345281948583,0.20947014582453383,1.0,0.43171197960917584,0.0,0.0,0.0,0.0,0,0
-0.16364073037027024,25.0,70.0,-0.16364073037027024,-0.16364073037027024,0.95,0.2166476471575012,0.1021044960943351,0.2058221899347439,1.0,0.42681765266165733,0.0,0.0,0.0,0.0,0,0
-0.16583449129893066,30.0,70.0,-0.16583449129893066,-0.16583449129893066,0.95,0.2166476471575012,0.1108795398089768,0.2058221899347439,1.0,0.41968040370058873,0.0,0.0,0.0,0.0,0,0
-0.16578409978571723,35.0,70.0,-0.16578409978571723,-0.16578409978571723,0.95,0.2166476471575012,0.1108795398089768,0.2056206238818902,1.0,0.41277615673197166,0.0,0.0,0.0,0.0,0,0
-0.16832709764372722,40.0,70.0,-0.16832709764372722,-0.16832709764372722,0.95,0.22283717009181506,0.1108795398089768,0.20588937861902798,1.0,0.40510911159375323,0.0,0.0,0.0,0.0,0,0
-0.17226179115480322,45.0,70.0,-0.17226179115480322,-0.17226179115480322,0.95,0.22821286891089418,0.1108795398089768,0.21302703455280542,1.0,0.40160065667966344,0.0,0.0,0.0,0.0,0,0
-0.17497622360021253,50.0,70.0,-0.17497622360021253,-0.17497622360021253,0.95,0.23066463418785413,0.1108795398089768,0.21996193989130672,1.0,0.39991850870938167,0.0,0.0,0.0,0.0,0,0
-0.18213484721575385,55.0,70.0,-0.18213484721575385,-0.18213484721575385,0.95,0.23639584605105946,0.1179890282894025,0.2323170068919178,1.0,0.3961977955303873,0.0,0.0,0.0,0.0,0,0
-0.19085465369870933,60.0,70.0,-0.19085465369870933,-0.19085465369870933,0.95,0.24517663272032886,0.13484460375931562,0.2362913986829954,1.0,0.3952974276527331,0.0,0.0,0.0,0.0,0,0
-0.1913074805506798,65.0,70.0,-0.1913074805506798,-0.1913074805506798,0.95,0.24517663272032886,0.1366559111671988,0.23629139868299415,1.0,0.3980358753382102,0.0,0.0,0.0,0.0,0,0
-0.19634273508071803,70.0,70.0,-0.19634273508071803,-0.19634273508071803,0.95,0.24517663272032886,0.15170017922923051,0.2413881487411154,1.0,0.3983853284162264,0.0,0.0,0.0,0.0,0,0
-0.1972898560755214,75.0,70.0,-0.1972898560755214,-0.1972898560755214,0.95,0.24517663272032886,0.15170017922923051,0.24517663272032886,1.0,0.40115411401850565,0.0,0.0,0.0,0.0,0,0
-0.19751296855516481,80.0,70.0,-0.19751296855516481,-0.19751296855516481,0.95,0.24413313265321848,0.1580507132343943,0.2413881487411154,1.0,0.40608936338473706,0.0,0.0,0.0,0.0,0,0
-0.19937303870136455,85.0,70.0,-0.19937303870136455,-0.19937303870136455,0.95,0.24181425755656183,0.16855575469914363,0.24203358801581568,1.0,0.4078052626392037,0.0,0.0,0.0,0.0,0,0
-0.19745443590283848,90.0,70.0,-0.19745443590283848,-0.19745443590283848,0.95,0.23701775056024574,0.1685557546991454,0.24203358801581534,1.0,0.41207168176447423,0.0,0.0,0.0,0.0,0,0
-0.19789972091380628,95.0,70.0,-0.19789972091380628,-0.19789972091380628,0.95,0.235978056578805,0.16855575469914363,0.24547823842999347,1.0,0.4117358934169279,0.0,0.0,0.0,0.0,0,0
-0.19059690567232931,100.0,70.0,-0.19059690567232931,-0.19059690567232931,0.95,0.22934807266152862,0.1594526498520682,0.23597805657880322,1.0,0.4165442976015663,0.0,0.0,0.0,0.0,0,0
-0.18420509457748332,105.0,70.0,-0.18420509457748332,-0.18420509457748332,0.95,0.2202417594854462,0.15170017922923051,0.2327333839039888,1.0,0.4166911261129048,0.0,0.0,0.0,0.0,0,0
-0.17812292975919658,110.0,70.0,-0.17812292975919658,-0.17812292975919658,0.95,0.21912248110888832,0.1348446037593174,0.2270511455032476,1.0,0.4210731707317073,0.0,0.0,0.0,0.0,0,0
-0.17064999044322718,115.0,70.0,-0.17064999044322718,-0.17064999044322718,0.95,0.2129268399289662,0.13484460375931562,0.20707241412724722,1.0,0.42441690250805114,0.0,0.0,0.0,0.0,0,0
-0.16097074573768405,120.0,70.0,-0.16097074573768405,-0.16097074573768405,0.95,0.2022669056389752,0.11798902828940072,0.2022669056389752,1.0,0.4268624781170978,0.0,0.0,0.0,0.0,0,0
-0.14668745822197934,125.0,70.0,-0.14668745822197934,-0.14668745822197934,0.95,0.18625410894255567,0.10113345281948583,0.1876098057603425,1.0,0.43076773377444777,0.0,0.0,0.0,0.0,0,0
-0.1346620346765499,130.0,70.0,-0.1346620346765499,-0.1346620346765499,0.95,0.1753719520823746,0.08949726067525487,0.1685557546991454,1.0,0.4347488096394908,0.0,0.0,0.0,0.0,0,0
-0.12684903162996441,135.0,70.0,-0.12684903162996441,-0.12684903162996441,0.95,0.16687019715215354,0.08870363184718144,0.15170017922923051,1.0,0.4369290573372206,0.0,0.0,0.0,0.0,0,0
-0.11769240795123943,140.0,70.0,-0.11769240795123943,-0.11769240795123943,0.95,0.1510871772012146,0.08870363184718144,0.14032651643583294,1.0,0.4366115462721207,0.0,0.0,0.0,0.0,0,0
-0.10864393030853611,145.0,70.0,-0.10864393030853611,-0.10864393030853611,0.95,0.13618347361290226,0.0842778773495727,0.13240428610392813,1.0,0.4420981583261016,0.0,0.0,0.0,0.0,0,0
-0.09824246025370797,150.0,70.0,-0.09824246025370797,-0.09824246025370797,0.95,0.1293985388490952,0.07097561330965536,0.11495656554662423,1.0,0.44566368274136103,0.0,0.0,0.0,0.0,0,0
-0.09117239176289557,155.0,70.0,-0.09117239176289557,-0.09117239176289557,0.95,0.11599586110370311,0.06726126222067169,0.11183492706498563,1.0,0.4446991404011461,0.0,0.0,0.0,0.0,0,0
-0.09075411769836819,160.0,70.0,-0.09075411769836819,-0.09075411769836819,0.95,0.12186577110923491,0.05056672640974291,0.11746451060895399,1.0,0.4390613171839515,0.0,0.0,0.0,0.0,0,0
-0.08881003231009943,165.0,70.0,-0.08881003231009943,-0.08881003231009943,0.95,0.11798902828940072,0.05056672640974291,0.11589095756761367,1.0,0.43395165823496346,0.0,0.0,0.0,0.0,0,0
-0.09280028167901012,170.0,70.0,-0.09280028167901012,-0.09280028167901012,0.95,0.11798902828940072,0.06652772388538608,0.11589095756761326,1.0,0.42470935596973614,0.0,0.0,0.0,0.0,0,0
-0.09208146606671087,175.0,70.0,-0.09208146606671087,-0.09208146606671087,0.95,0.11189861954871931,0.06742230187965781,0.12186577110923477,1.0,0.4142753359970941,0.0,0.0,0.0,0.0,0,0
-0.09851093838661833,180.0,70.0,-0.09851093838661833,-0.09851093838661833,0.95,0.11589095756761326,0.08070223272296612,0.12791598871532595,1.0,0.40334406294706726,0.0,0.0,0.0,0.0,0,0
-0.10195610163560981,185.0,70.0,-0.10195610163560981,-0.10195610163560981,0.95,0.1179890282894025,0.0842778773495727,0.13476408392982256,1.0,0.38771744860305746,0.0,0.0,0.0,0.0,0,0
-0.11353263909535757,190.0,70.0,-0.11353263909535757,-0.11353263909535757,0.95,0.1348446037593174,0.08870363184718144,0.149675558519341,1.0,0.37373737373737376,0.0,0.0,0.0,0.0,0,0
-0.1229974865017495,195.0,70.0,-0.1229974865017495,-0.1229974865017495,0.95,0.15170017922923051,0.08870363184718144,0.16056602739304776,1.0,0.3583785617367707,0.0,0.0,0.0,0.0,0,0
-0.1373739869688183,200.0,70.0,-0.1373739869688183,-0.1373739869688183,0.95,0.1685557546991472,0.09523572956758243,0.1845710107890553,1.0,0.3461056849486602,0.0,0.0,0.0,0.0,0,0
-0.1456570961683785,205.0,70.0,-0.1456570961683785,-0.1456570961683785,0.95,0.18268031560024336,0.10113345281948583,0.18920642689363873,1.0,0.33426275217319995,0.0,0.0,0.0,0.0,0,0
-0.15235399352895398,210.0,70.0,-0.15235399352895398,-0.15235399352895398,0.95,0.1854113301690603,0.10113345281948583,0.2116243930258336,1.0,0.32459122551400355,0.0,0.0,0.0,0.0,0,0
-0.15918662284969026,215.0,70.0,-0.15918662284969026,-0.15918662284969026,0.95,0.19883401208582324,0.09818459119353412,0.2204274808679097,1.0,0.3140621256887327,0.0,0.0,0.0,0.0,0,0
-0.1642399161182112,220.0,70.0,-0.1642399161182112,-0.1642399161182112,0.95,0.2022669056389752,0.10113345281948583,0.23219916263099868,1.0,0.30601610611084795,0.0,0.0,0.0,0.0,0,0
-0.16820734315601837,225.0,70.0,-0.16820734315601837,-0.16820734315601837,0.95,0.2022669056389752,0.1011334528194876,0.24806887078222556,1.0,0.3008136441871382,0.0,0.0,0.0,0.0,0,0
-0.1697761155973574,230.0,70.0,-0.1697761155973574,-0.1697761155973574,0.95,0.20584454461793913,0.1011334528194876,0.2486197381812394,1.0,0.2961526528079429,0.0,0.0,0.0,0.0,0,0
-0.17454308884787786,235.0,70.0,-0.17454308884787786,-0.17454308884787786,0.95,0.21711638935111952,0.1011334528194876,0.2496526796102326,1.0,0.2940676656882435,0.0,0.0,0.0,0.0,0,0
-0.1789736751739151,240.0,70.0,-0.1789736751739151,-0.1789736751739151,0.95,0.21912248110888832,0.1011334528194876,0.2641652781019514,1.0,0.2922722029988466,0.0,0.0,0.0,0.0,0,0
-0.17930118406121537,245.0,70.0,-0.17930118406121537,-0.17930118406121537,0.95,0.21912248110888832,0.1011334528194876,0.2654753136511525,1.0,0.29238329238329236,0.0,0.0,0.0,0.0,0,0
-0.17990187262224938,250.0,70.0,-0.17990187262224938,-0.17990187262224938,0.95,0.21912248110888832,0.10353620706362361,0.2654753136511525,1.0,0.295054226597954,0.0,0.0,0.0,0.0,0,0
-0.1801431601592075,255.0,70.0,-0.1801431601592075,-0.1801431601592075,0.95,0.21912248110888832,0.10353620706362188,0.2664404637989867,1.0,0.2961763798951588,0.0,0.0,0.0,0.0,0,0
-0.18014316015920806,260.0,70.0,-0.18014316015920806,-0.18014316015920806,0.95,0.21912248110888868,0.10353620706362361,0.2664404637989867,1.0,0.2986078886310905,0.0,0.0,0.0,0.0,0,0
-0.1805350711647854,265.0,70.0,-0.1805350711647854,-0.1805350711647854,0.95,0.2208624807875843,0.10113345281948938,0.26762686257951723,1.0,0.2996423573316747,0.0,0.0,0.0,0.0,0,0
-0.18059087150983094,270.0,70.0,-0.18059087150983094,-0.18059087150983094,0.95,0.22024175948544691,0.10353620706362188,0.2664404637989867,1.0,0.30217800062676275,0.0,0.0,0.0,0.0,0,0
-0.17999018294879732,275.0,70.0,-0.17999018294879732,-0.17999018294879732,0.95,0.2202417594854468,0.1011334528194876,0.2664404637989867,1.0,0.304673930206853,0.0,0.0,0.0,0.0,0,0
-0.1796621943118079,280.0,70.0,-0.1796621943118079,-0.1796621943118079,0.95,0.21912248110888877,0.10233482994155563,0.26571797753145393,1.0,0.30780243378668576,0.0,0.0,0.0,0.0,0,0
-0.1793011840612158,285.0,70.0,-0.1793011840612158,-0.1793011840612158,0.95,0.21912248110888832,0.10113345281948938,0.2654753136511525,1.0,0.31318504190844615,0.0,0.0,0.0,0.0,0,0
-0.18012475327381328,290.0,70.0,-0.18012475327381328,-0.18012475327381328,0.95,0.21912248110888832,0.10161897445691134,0.2682840688641204,1.0,0.31894013738959764,0.0,0.0,0.0,0.0,0,0
-0.17909943591914185,295.0,70.0,-0.17909943591914185,-0.17909943591914185,0.95,0.21711638935111952,0.10353620706362361,0.2654753136511525,1.0,0.32359029560321273,0.0,0.0,0.0,0.0,0,0
-0.17879077209504152,300.0,70.0,-0.17879077209504152,-0.17879077209504152,0.95,0.2091214631578488,0.1108795398089768,0.26968920751863124,1.0,0.3295981127306429,0.0,0.0,0.0,0.0,0,0
-0.17349660495609218,305.0,70.0,-0.17349660495609218,-0.17349660495609218,0.95,0.2039935863859142,0.11798902828940161,0.2496076533175043,1.0,0.3369360096071367,0.0,0.0,0.0,0.0,0,0
-0.17681015159607213,310.0,70.0,-0.17681015159607213,-0.17681015159607213,0.95,0.2022669056389752,0.13305544777077216,0.25055810959115604,1.0,0.345056287634174,0.0,0.0,0.0,0.0,0,0
-0.18086756279569183,315.0,70.0,-0.18086756279569183,-0.18086756279569183,0.95,0.2022669056389752,0.13305544777077216,0.26678775438963476,1.0,0.35368458526165897,0.0,0.0,0.0,0.0,0,0
-0.17322283619053327,320.0,70.0,-0.17322283619053327,-0.17322283619053327,0.95,0.19064219084657094,0.1348446037593174,0.2530192356483022,1.0,0.36125226860254084,0.0,0.0,0.0,0.0,0,0
-0.17471002260077648,325.0,70.0,-0.17471002260077648,-0.17471002260077648,0.95,0.1854113301690603,0.1491627264843077,0.25301923564830175,1.0,0.3691467703127892,0.0,0.0,0.0,0.0,0,0
-0.1736916181720033,330.0,70.0,-0.1736916181720033,-0.1736916181720033,0.95,0.1854113301690603,0.15523135573256752,0.24287698868494917,1.0,0.37744218971212834,0.0,0.0,0.0,0.0,0,0
-0.16615096442213234,335.0,70.0,-0.16615096442213234,-0.16615096442213234,0.95,0.17740726369436288,0.1517001792292323,0.22905205654831648,1.0,0.3882466281310212,0.0,0.0,0.0,0.0,0,0
-0.16222635228077395,340.0,70.0,-0.16222635228077395,-0.16222635228077395,0.95,0.180581779006657,0.1476134990424565,0.21236106366998808,1.0,0.3975076047492886,0.0,0.0,0.0,0.0,0,0
-0.1679378123057696,345.0,70.0,-0.1679378123057696,-0.1679378123057696,0.95,0.19958317165615824,0.13484460375931562,0.21757357081390952,1.0,0.40497601918465226,0.0,0.0,0.0,0.0,0,0
-0.16091654956168597,350.0,70.0,-0.16091654956168597,-0.16091654956168597,0.95,0.19986736958644588,0.1179890282894025,0.20588937861902798,1.0,0.41051352172591915,0.0,0.0,0.0,0.0,0,0
-0.16016542511203405,355.0,70.0,-0.16016542511203405,-0.16016542511203405,0.95,0.2036279045558123,0.1011334528194876,0.21372360033934887,1.0,0.41662390969728064,0.0,0.0,0.0,0.0,0,0
