score,azimuth_deg,elevation_deg,frame0_score,frame0_distance_only_score,frame0_distance_percentile,frame0_pred_to_observed_tail_m,frame0_pred_to_observed_median_m,frame0_observed_to_predicted_tail_m,frame0_pred_boundary_support_0p35m,frame0_iou_diagnostic,frame0_structure_penalty_m,frame0_tangent_p80_rad,frame0_curvature_log_p80,frame0_bump_support,frame0_predicted_bump_count,frame0_observed_bump_count
-1.126353853432748,0.0,20.0,-1.126353853432748,-1.126353853432748,0.95,1.7763122773901776,0.3664161518817227,1.0931613002679756,0.49065420560747663,0.09401765713532745,0.0,0.0,0.0,0.0,0,0
-1.1732576430828991,5.0,20.0,-1.1732576430828991,-1.1732576430828991,0.95,1.7997372182238998,0.3667299836725836,1.2429827217437635,0.49065420560747663,0.06138864063607507,0.0,0.0,0.0,0.0,0,0
-1.2677250986027273,10.0,20.0,-1.2677250986027273,-1.2677250986027273,0.95,1.8341568267191513,0.4696740714578108,1.4249087335357902,0.3958333333333333,0.043537642500766506,0.0,0.0,0.0,0.0,0,0
-1.397148451525009,15.0,20.0,-1.397148451525009,-1.397148451525009,0.95,1.8705004784208918,0.6534199061148691,1.6426030195692105,0.25057471264367814,0.03863647849598221,0.0,0.0,0.0,0.0,0,0
-1.576323089408729,20.0,20.0,-1.576323089408729,-1.576323089408729,0.95,1.9220239367887135,1.001535095855521,1.8871577063729492,0.14659685863874344,0.04114817042142758,0.0,0.0,0.0,0.0,0,0
-1.7484186895342988,25.0,20.0,-1.7484186895342988,-1.7484186895342988,0.95,1.9854029804090012,1.5309521512030833,1.8949667271685995,0.022222222222222223,0.04515232495991448,0.0,0.0,0.0,0.0,0,0
-1.8645431626002638,30.0,20.0,-1.8645431626002638,-1.8645431626002638,0.95,2.039308746591258,1.7034220737677523,2.0918565820872894,0.0,0.04387710431010467,0.0,0.0,0.0,0.0,0,0
-1.930446235834319,35.0,20.0,-1.930446235834319,-1.930446235834319,0.95,2.0954045012817186,1.7986161026471499,2.1705216386393755,0.0,0.04263739545997611,0.0,0.0,0.0,0.0,0,0
-2.4371780443272506,40.0,20.0,-2.4371780443272506,-2.4371780443272506,0.95,2.189419100377706,1.9920561278631697,3.8535854888415018,0.0,0.04005156550762004,0.0,0.0,0.0,0.0,0,0
-2.5785975805783283,45.0,20.0,-2.5785975805783283,-2.5785975805783283,0.95,2.2994819820337584,1.9318746303612484,4.303344520698051,0.0,0.03654926497796616,0.0,0.0,0.0,0.0,0,0
-2.602692527696372,50.0,20.0,-2.602692527696372,-2.602692527696372,0.95,2.4189093801316,1.936632326288442,4.203882776286486,0.0,0.033716029646853655,0.0,0.0,0.0,0.0,0,0
-2.587700687534387,55.0,20.0,-2.587700687534387,-2.587700687534387,0.95,2.4684699384460593,1.9329826747628802,4.068268173860972,0.0,0.03194398862268898,0.0,0.0,0.0,0.0,0,0
-2.5499347814594224,60.0,20.0,-2.5499347814594224,-2.5499347814594224,0.95,2.5355895538429416,1.8051297587095498,3.937666080979432,0.0,0.03151129319666763,0.0,0.0,0.0,0.0,0,0
-2.4780322225419895,65.0,20.0,-2.4780322225419895,-2.4780322225419895,0.95,2.603056401041137,1.5815202513441975,3.803969763278161,0.09562841530054644,0.02999657437333373,0.0,0.0,0.0,0.0,0,0
-2.448089711911444,70.0,20.0,-2.448089711911444,-2.448089711911444,0.95,2.631848939424072,1.547834463085357,3.6782469325457328,0.11170212765957446,0.02843157370225987,0.0,0.0,0.0,0.0,0,0
-2.3738894083873747,75.0,20.0,-2.3738894083873747,-2.3738894083873747,0.95,2.5547718923942107,1.5221092623493926,3.538390662956998,0.13144329896907217,0.026785714285714284,0.0,0.0,0.0,0.0,0,0
-2.296840020776703,80.0,20.0,-2.296840020776703,-2.296840020776703,0.95,2.458728240882341,1.5195886192484866,3.388669121339348,0.1371571072319202,0.026562702679330672,0.0,0.0,0.0,0.0,0,0
-2.2159340672643832,85.0,20.0,-2.2159340672643832,-2.2159340672643832,0.95,2.3633275965564366,1.5008705697423481,3.2365783998617417,0.1375921375921376,0.029690697875529675,0.0,0.0,0.0,0.0,0,0
-2.1339386455048768,90.0,20.0,-2.1339386455048768,-2.1339386455048768,0.95,2.267202626056127,1.4844681491026075,3.077999519362691,0.13559322033898305,0.03287999884378026,0.0,0.0,0.0,0.0,0,0
-2.05152376130822,95.0,20.0,-2.05152376130822,-2.05152376130822,0.95,2.168729408620971,1.4764649540752197,2.9129963706974396,0.13333333333333333,0.036542342368501284,0.0,0.0,0.0,0.0,0,0
-1.9607236618238468,100.0,20.0,-1.9607236618238468,-1.9607236618238468,0.95,2.0773913776089254,1.4593550553531212,2.7389586707868534,0.19811320754716982,0.04274208984231217,0.0,0.0,0.0,0.0,0,0
-1.935330743741506,105.0,20.0,-1.935330743741506,-1.935330743741506,0.95,2.08975338326615,1.5178528521616543,2.5682473975056364,0.22095671981776766,0.05016762632109085,0.0,0.0,0.0,0.0,0,0
-1.8308319760530287,110.0,20.0,-1.8308319760530287,-1.8308319760530287,0.95,2.0091796600099645,1.410231642152504,2.392526453102491,0.23529411764705882,0.05908302891461829,0.0,0.0,0.0,0.0,0,0
-1.7051668511142635,115.0,20.0,-1.7051668511142635,-1.7051668511142635,0.95,1.8941708286581678,1.2841836126496045,2.2042303305142004,0.24604966139954854,0.06372994972468278,0.0,0.0,0.0,0.0,0,0
-1.5921695256885287,120.0,20.0,-1.5921695256885287,-1.5921695256885287,0.95,1.8022381329557338,1.1699052313436429,2.0160927595821994,0.25225225225225223,0.06583407378155132,0.0,0.0,0.0,0.0,0,0
-1.4597133207811646,125.0,20.0,-1.4597133207811646,-1.4597133207811646,0.95,1.6778533388356842,1.038497899139319,1.817147507911593,0.25339366515837103,0.06859652692986026,0.0,0.0,0.0,0.0,0,0
-1.3566255989792892,130.0,20.0,-1.3566255989792892,-1.3566255989792892,0.95,1.6063514090088766,0.9184020888978055,1.6235236381907343,0.21396396396396397,0.07556838055264078,0.0,0.0,0.0,0.0,0,0
-1.2707924044149776,135.0,20.0,-1.2707924044149776,-1.2707924044149776,0.95,1.5667004622826277,0.7940432798720654,1.4453269464502476,0.15730337078651685,0.09965685916624079,0.0,0.0,0.0,0.0,0,0
-1.202360115570567,140.0,20.0,-1.202360115570567,-1.202360115570567,0.95,1.588136235288614,0.6560491701525756,1.2765158546434112,0.1603563474387528,0.14239576645460028,0.0,0.0,0.0,0.0,0,0
-1.065787446627451,145.0,20.0,-1.065787446627451,-1.065787446627451,0.95,1.461282467358393,0.49560311426627524,1.0934947244700997,0.16,0.19623076117684013,0.0,0.0,0.0,0.0,0,0
-1.0889300701318088,150.0,20.0,-1.0889300701318088,-1.0889300701318088,0.95,1.6997993880437967,0.45242054592064357,0.913682063429768,0.32515337423312884,0.24650192202086765,0.0,0.0,0.0,0.0,0,0
-1.0208702340621534,155.0,20.0,-1.0208702340621534,-1.0208702340621534,0.95,1.6811754503324419,0.41758466046482473,0.7337620341251216,0.39436619718309857,0.25475710277095753,0.0,0.0,0.0,0.0,0,0
-0.9523559387736438,160.0,20.0,-0.9523559387736438,-0.9523559387736438,0.95,1.6858441139994604,0.34907818619261566,0.5633926008169381,0.5009940357852882,0.24326471030204153,0.0,0.0,0.0,0.0,0,0
-0.9855995546581332,165.0,20.0,-0.9855995546581332,-0.9855995546581332,0.95,1.8176943129927159,0.33123703276091016,0.5071387841086183,0.5107212475633528,0.22180114523685582,0.0,0.0,0.0,0.0,0,0
-0.9804977993624322,170.0,20.0,-0.9804977993624322,-0.9804977993624322,0.95,1.8502934789322865,0.26152106462098934,0.5134362671128962,0.5335892514395394,0.19983451393513754,0.0,0.0,0.0,0.0,0,0
-0.9840244351451558,175.0,20.0,-0.9840244351451558,-0.9840244351451558,0.95,1.8629327510112794,0.23433960473516707,0.5370353159764583,0.5399239543726235,0.15682600961356497,0.0,0.0,0.0,0.0,0,0
-1.0308752354745447,180.0,20.0,-1.0308752354745447,-1.0308752354745447,0.95,1.8024158013427312,0.3463438952056319,0.6955994568518689,0.5057692307692307,0.11041131557651032,0.0,0.0,0.0,0.0,0,0
-1.0432395180229521,185.0,20.0,-1.0432395180229521,-1.0432395180229521,0.95,1.7326798754904678,0.40512698042328754,0.7787135452869031,0.45792563600782776,0.07591695165237686,0.0,0.0,0.0,0.0,0,0
-1.0634818227270408,190.0,20.0,-1.0634818227270408,-1.0634818227270408,0.95,1.7481416104310492,0.42538422220843547,0.802614757906003,0.4277456647398844,0.058365817091454275,0.0,0.0,0.0,0.0,0,0
-1.0292211436667194,195.0,20.0,-1.0292211436667194,-1.0292211436667194,0.95,1.60952662843734,0.4526273488478955,0.8496264750037501,0.40152963671128106,0.04311489385490475,0.0,0.0,0.0,0.0,0,0
-0.8247793670052784,200.0,20.0,-0.8247793670052784,-0.8247793670052784,0.95,1.0809862817919078,0.434218107553048,0.8935180309124883,0.39549180327868855,0.02959589463599018,0.0,0.0,0.0,0.0,0,0
-0.8109767825168919,205.0,20.0,-0.8109767825168919,-0.8109767825168919,0.95,1.0073926184791655,0.44408221543337156,0.9312679465996218,0.3581780538302277,0.01783717983752764,0.0,0.0,0.0,0.0,0,0
-0.7368510508860754,210.0,20.0,-0.7368510508860754,-0.7368510508860754,0.95,0.7910818651384922,0.43342167111248137,0.9616843840311282,0.2835820895522388,0.009381440856648741,0.0,0.0,0.0,0.0,0,0
-0.7162037470354349,215.0,20.0,-0.7162037470354349,-0.7162037470354349,0.95,0.7326539127571987,0.4111763286516066,0.9707325006014577,0.2233502538071066,0.0041153670770633834,0.0,0.0,0.0,0.0,0,0
-0.7349243191409087,220.0,20.0,-0.7349243191409087,-0.7349243191409087,0.95,0.7676333161222609,0.3992366424317884,0.9870602959172766,0.18703241895261846,0.0016475375395298437,0.0,0.0,0.0,0.0,0,0
-0.7478588869866328,225.0,20.0,-0.7478588869866328,-0.7478588869866328,0.95,0.7944859112862845,0.41825889338980926,1.0012763049324014,0.24819277108433735,0.0014351691988950276,0.0,0.0,0.0,0.0,0,0
-0.7574993620614329,230.0,20.0,-0.7574993620614329,-0.7574993620614329,0.95,0.8189959888489423,0.430123569577723,1.0171588679382724,0.31919642857142855,0.0015788581358877633,0.0,0.0,0.0,0.0,0,0
-0.7535007415787655,235.0,20.0,-0.7535007415787655,-0.7535007415787655,0.95,0.8110030224141461,0.4418810516006901,1.009957259438645,0.33860045146726864,0.0021548117154811717,0.0,0.0,0.0,0.0,0,0
-0.7551639413478706,240.0,20.0,-0.7551639413478706,-0.7551639413478706,0.95,0.8066515981744339,0.44408221543337245,1.0175438961048218,0.32903225806451614,0.004595215569671577,0.0,0.0,0.0,0.0,0,0
-0.7482423864370963,245.0,20.0,-0.7482423864370963,-0.7482423864370963,0.95,0.7945013123650232,0.44217457449719566,1.0098642702145428,0.325678496868476,0.007421939877096828,0.0,0.0,0.0,0.0,0,0
-0.8759058006780733,250.0,20.0,-0.8759058006780733,-0.8759058006780733,0.95,1.0821636197219107,0.4805421317633102,1.0079829157575624,0.2909090909090909,0.010500192903245989,0.0,0.0,0.0,0.0,0,0
-0.937242183999692,255.0,20.0,-0.937242183999692,-0.937242183999692,0.95,1.2399016565636343,0.48159033398435536,0.99851832990981,0.2874564459930314,0.014070573873143831,0.0,0.0,0.0,0.0,0,0
-0.9361080909627442,260.0,20.0,-0.9361080909627442,-0.9361080909627442,0.95,1.2420251918921734,0.4726591765155487,0.9970120816390656,0.281198003327787,0.017879444509676247,0.0,0.0,0.0,0.0,0,0
-1.0024203820489803,265.0,20.0,-1.0024203820489803,-1.0024203820489803,0.95,1.4051961146989635,0.4820561213629286,0.9891528931559209,0.2746031746031746,0.022155304553904357,0.0,0.0,0.0,0.0,0,0
-1.007541702479385,270.0,20.0,-1.007541702479385,-1.007541702479385,0.95,1.4019674409320921,0.5173590448870293,0.9880763827749621,0.29604130808950085,0.025462372272086805,0.0,0.0,0.0,0.0,0,0
-1.0142372406827405,275.0,20.0,-1.0142372406827405,-1.0142372406827405,0.95,1.425626644855034,0.518224550937319,0.9800416394280493,0.30579964850615116,0.028632735777295897,0.0,0.0,0.0,0.0,0,0
-1.0245746499753996,280.0,20.0,-1.0245746499753996,-1.0245746499753996,0.95,1.4468329087103575,0.5234656492931605,0.9800416394280493,0.3003533568904594,0.03210211016780914,0.0,0.0,0.0,0.0,0,0
-1.0311378748509914,285.0,20.0,-1.0311378748509914,-1.0311378748509914,0.95,1.4593750217502899,0.5243749751652542,0.9789574081661626,0.284452296819788,0.035397696436109266,0.0,0.0,0.0,0.0,0,0
-1.022678519432697,290.0,20.0,-1.022678519432697,-1.022678519432697,0.95,1.4405817177631668,0.5136734450598421,0.9791623254795352,0.26763110307414106,0.038986574491533914,0.0,0.0,0.0,0.0,0,0
-1.0191189276904293,295.0,20.0,-1.0191189276904293,-1.0191189276904293,0.95,1.4346042780976604,0.5029719149544283,0.9730402900425962,0.23725834797891038,0.04303814002089864,0.0,0.0,0.0,0.0,0,0
-0.9561330511026762,300.0,20.0,-0.9561330511026762,-0.9561330511026762,0.95,1.2878303046028465,0.48482249116741033,0.9705256089358305,0.2283609576427256,0.04740517595508695,0.0,0.0,0.0,0.0,0,0
-0.9774872005276936,305.0,20.0,-0.9774872005276936,-0.9774872005276936,0.95,1.3553944767363126,0.47086732463818803,0.9622150205768389,0.22941176470588234,0.05233706860496978,0.0,0.0,0.0,0.0,0,0
-0.9924529938686018,310.0,20.0,-0.9924529938686018,-0.9924529938686018,0.95,1.3964560516963798,0.4708627280676756,0.9542461207091213,0.22406639004149378,0.05780258429543543,0.0,0.0,0.0,0.0,0,0
-0.9878022961469103,315.0,20.0,-0.9878022961469103,-0.9878022961469103,0.95,1.4250850981651282,0.43152238271329985,0.9444563051874948,0.2622641509433962,0.0640680784467159,0.0,0.0,0.0,0.0,0,0
-1.008942352302972,320.0,20.0,-1.008942352302972,-1.008942352302972,0.95,1.4959823783603476,0.42495503724285777,0.9353298846797916,0.29521829521829523,0.07048581368110064,0.0,0.0,0.0,0.0,0,0
-1.0115226597828615,325.0,20.0,-1.0115226597828615,-1.0115226597828615,0.95,1.5278765674829102,0.4066581440057089,0.9452647697617762,0.3760869565217391,0.07795373799984882,0.0,0.0,0.0,0.0,0,0
-1.0199784992416643,330.0,20.0,-1.0199784992416643,-1.0199784992416643,0.95,1.5781044745617372,0.3830466668597071,0.946845225753225,0.43736263736263736,0.09021965986816276,0.0,0.0,0.0,0.0,0,0
-1.0378477670051494,335.0,20.0,-1.0378477670051494,-1.0378477670051494,0.95,1.6484511974392049,0.3649014022355942,0.936632948120161,0.46916299559471364,0.10626684328324122,0.0,0.0,0.0,0.0,0,0
-1.0309023078172943,340.0,20.0,-1.0309023078172943,-1.0309023078172943,0.95,1.6704486982914433,0.3317474332678154,0.9364740915078864,0.5433255269320844,0.11911273931698994,0.0,0.0,0.0,0.0,0,0
-1.0489908033771713,345.0,20.0,-1.0489908033771713,-1.0489908033771713,0.95,1.7149217249539395,0.32962033390738693,0.925809408457811,0.5083532219570406,0.13142794388161327,0.0,0.0,0.0,0.0,0,0
-1.061310958901741,350.0,20.0,-1.061310958901741,-1.061310958901741,0.95,1.7325351691059443,0.30707426064225274,0.9725970949188919,0.516209476309227,0.1398909079950577,0.0,0.0,0.0,0.0,0,0
-1.0971938903202572,355.0,20.0,-1.0971938903202572,-1.0971938903202572,0.95,1.768139177151417,0.34490861434274206,1.0182505895300822,0.5085158150851582,0.1175490855513917,0.0,0.0,0.0,0.0,0,0
-0.9618292882551116,0.0,25.0,-0.9618292882551116,-0.9618292882551116,0.95,1.3659792854396264,0.3648731859686572,1.0945351899736795,0.49414519906323184,0.12305604460093897,0.0,0.0,0.0,0.0,0,0
-0.9911210085853875,5.0,25.0,-0.9911210085853875,-0.9911210085853875,0.95,1.3636276867175494,0.3576045275820105,1.2222714696937038,0.4929906542056075,0.07840936984956341,0.0,0.0,0.0,0.0,0,0
-1.0482535545633194,10.0,25.0,-1.0482535545633194,-1.0482535545633194,0.95,1.3866781748449561,0.3982097722378815,1.3651101919515398,0.4724770642201835,0.060832897489539746,0.0,0.0,0.0,0.0,0,0
-1.1238669332890152,15.0,25.0,-1.1238669332890152,-1.1238669332890152,0.95,1.4274454249748088,0.5194284495920611,1.4182442506631288,0.31529411764705884,0.05282644031063753,0.0,0.0,0.0,0.0,0,0
-1.220476112678273,20.0,25.0,-1.220476112678273,-1.220476112678273,0.95,1.4754809224068293,0.772434012437203,1.4261519428171192,0.19362745098039216,0.055521472392638035,0.0,0.0,0.0,0.0,0,0
-1.3553475742416032,25.0,25.0,-1.3553475742416032,-1.3553475742416032,0.95,1.5333738573636526,1.1291460919255705,1.476941271354237,0.09523809523809523,0.06118407337919533,0.0,0.0,0.0,0.0,0,0
-1.3932253166203294,30.0,25.0,-1.3932253166203294,-1.3932253166203294,0.95,1.5592460825521575,1.1813114355901253,1.5177934741358243,0.05249343832020997,0.06002138413685847,0.0,0.0,0.0,0.0,0,0
-1.4240621587987066,35.0,25.0,-1.4240621587987066,-1.4240621587987066,0.95,1.5794392138800335,1.265460855809157,1.5151433705109485,0.028645833333333332,0.0590543994158452,0.0,0.0,0.0,0.0,0,0
-1.478729841931232,40.0,25.0,-1.478729841931232,-1.478729841931232,0.95,1.5991556251507684,1.3670178315936092,1.5892525358900886,0.0,0.054816667025931756,0.0,0.0,0.0,0.0,0,0
-1.8217277964846312,45.0,25.0,-1.8217277964846312,-1.8217277964846312,0.95,1.684275541600602,1.4975360042723889,2.6945343151051717,0.0,0.051006380926978394,0.0,0.0,0.0,0.0,0,0
-1.956775594899019,50.0,25.0,-1.956775594899019,-1.956775594899019,0.95,1.7708961566209331,1.4969791028205435,3.0966894261820395,0.0,0.04814340588988476,0.0,0.0,0.0,0.0,0,0
-1.974759914368331,55.0,25.0,-1.974759914368331,-1.974759914368331,0.95,1.881224587147617,1.5162829917417147,2.972797326295422,0.0,0.046888710846591124,0.0,0.0,0.0,0.0,0,0
-2.069331205731644,60.0,25.0,-2.069331205731644,-2.069331205731644,0.95,1.9704866342244696,1.4400334941244795,3.2845127140429455,0.0,0.045981078665077474,0.0,0.0,0.0,0.0,0,0
-2.0146404769199244,65.0,25.0,-2.0146404769199244,-2.0146404769199244,0.95,2.005562675172962,1.3115229007485234,3.1921617151601835,0.13505747126436782,0.04485116653258246,0.0,0.0,0.0,0.0,0,0
-1.9707082518868442,70.0,25.0,-1.9707082518868442,-1.9707082518868442,0.95,1.9928382730746153,1.282348177995089,3.0761689447455796,0.16056338028169015,0.04338973277834838,0.0,0.0,0.0,0.0,0,0
-1.9121890030441009,75.0,25.0,-1.9121890030441009,-1.9121890030441009,0.95,1.9414649765456173,1.243224382244537,2.9688009271273867,0.17403314917127072,0.04278571428571429,0.0,0.0,0.0,0.0,0,0
-1.848033459130583,80.0,25.0,-1.848033459130583,-1.848033459130583,0.95,1.8664711694448568,1.2245880309695243,2.852736649888192,0.17886178861788618,0.04293749223754014,0.0,0.0,0.0,0.0,0,0
-1.7806714372271832,85.0,25.0,-1.7806714372271832,-1.7806714372271832,0.95,1.7771872716267287,1.2211915586768978,2.7271434917992816,0.17287234042553193,0.046184347949230854,0.0,0.0,0.0,0.0,0,0
-1.7068086920392176,90.0,25.0,-1.7068086920392176,-1.7068086920392176,0.95,1.6869883217546409,1.2307302947290806,2.5670667483639535,0.17435897435897435,0.051224707135250264,0.0,0.0,0.0,0.0,0,0
-1.6351730538539857,95.0,25.0,-1.6351730538539857,-1.6351730538539857,0.95,1.605229515812006,1.1946794217964696,2.4467177332687173,0.17268041237113402,0.05620529327610873,0.0,0.0,0.0,0.0,0,0
-1.5637749921641695,100.0,25.0,-1.5637749921641695,-1.5637749921641695,0.95,1.5411573966515775,1.1799964343476912,2.29518520350278,0.21483375959079284,0.06442379114806965,0.0,0.0,0.0,0.0,0,0
-1.4886817373363717,105.0,25.0,-1.4886817373363717,-1.4886817373363717,0.95,1.4805834746575204,1.1594076184947903,2.135385771398663,0.2725,0.07493898380297315,0.0,0.0,0.0,0.0,0,0
-1.3905523626522382,110.0,25.0,-1.3905523626522382,-1.3905523626522382,0.95,1.4015316717850155,1.0483831610943317,1.986646550619188,0.2881773399014778,0.08694501672746517,0.0,0.0,0.0,0.0,0,0
-1.2919150982128593,115.0,25.0,-1.2919150982128593,-1.2919150982128593,0.95,1.3020281319183462,0.9575957028654202,1.8419416301361753,0.28780487804878047,0.09445846254598686,0.0,0.0,0.0,0.0,0,0
-1.1856041486079665,120.0,25.0,-1.1856041486079665,-1.1856041486079665,0.95,1.198571371806298,0.8587470957135205,1.6842245345974989,0.2956730769230769,0.10041168398353265,0.0,0.0,0.0,0.0,0,0
-1.0786143342701136,125.0,25.0,-1.0786143342701136,-1.0786143342701136,0.95,1.0901429297236493,0.7598086374843493,1.53119295889817,0.30193236714975846,0.11783927706954979,0.0,0.0,0.0,0.0,0,0
-1.0634572868508718,130.0,25.0,-1.0634572868508718,-1.0634572868508718,0.95,1.191191093561857,0.70600559934905,1.3573723438100118,0.28863636363636364,0.1496074562324195,0.0,0.0,0.0,0.0,0,0
-0.9807472600343865,135.0,25.0,-0.9807472600343865,-0.9807472600343865,0.95,1.1650303803092146,0.598759724047927,1.1822763795766522,0.3052391799544419,0.192476946551381,0.0,0.0,0.0,0.0,0,0
-0.9045641787009318,140.0,25.0,-0.9045641787009318,-0.9045641787009318,0.95,1.1465978455992005,0.5034384735190437,1.0273468901196843,0.36771300448430494,0.23697801042226532,0.0,0.0,0.0,0.0,0,0
-0.8025052801209078,145.0,25.0,-0.8025052801209078,-0.8025052801209078,0.95,1.0683839912619681,0.3762884505986233,0.8989285288547233,0.4365256124721604,0.27155676941084667,0.0,0.0,0.0,0.0,0,0
-0.7221873429356497,150.0,25.0,-0.7221873429356497,-0.7221873429356497,0.95,0.9864832899538465,0.3563528181647371,0.7400907053820442,0.4651685393258427,0.29287330035546494,0.0,0.0,0.0,0.0,0,0
-0.6619749288176064,155.0,25.0,-0.6619749288176064,-0.6619749288176064,0.95,0.9713781496877844,0.3076151186434375,0.6100795571265334,0.56,0.2934650719362108,0.0,0.0,0.0,0.0,0,0
-0.683062619634092,160.0,25.0,-0.683062619634092,-0.683062619634092,0.95,1.163289280799192,0.2461351924245072,0.48156885474360145,0.6417910447761194,0.2824723652424294,0.0,0.0,0.0,0.0,0,0
-0.7153153221353836,165.0,25.0,-0.7153153221353836,-0.7153153221353836,0.95,1.3151300762367248,0.20744486316603689,0.4046807671648532,0.6376811594202898,0.25383578808009644,0.0,0.0,0.0,0.0,0,0
-0.7139685297147014,170.0,25.0,-0.7139685297147014,-0.7139685297147014,0.95,1.318505427209527,0.17295555609424942,0.42488220627333817,0.6289308176100629,0.21809351705443866,0.0,0.0,0.0,0.0,0,0
-0.7136803970976194,175.0,25.0,-0.7136803970976194,-0.7136803970976194,0.95,1.2470120660415804,0.1856580931213266,0.5243749751652551,0.6263269639065817,0.17557559681697613,0.0,0.0,0.0,0.0,0,0
-0.7963599057858384,180.0,25.0,-0.7963599057858384,-0.7963599057858384,0.95,1.295715838424222,0.2952555538960594,0.6420918063248022,0.5626326963906582,0.13111829193346947,0.0,0.0,0.0,0.0,0,0
-0.86508072210714,185.0,25.0,-0.86508072210714,-0.86508072210714,0.95,1.3340764185644858,0.3560780632956956,0.7679909536980858,0.49567099567099565,0.09068555490311216,0.0,0.0,0.0,0.0,0,0
-0.8452557618754386,190.0,25.0,-0.8452557618754386,-0.8452557618754386,0.95,1.2544848481552118,0.373468242173865,0.7891721517278267,0.47198275862068967,0.07136746287044007,0.0,0.0,0.0,0.0,0,0
-0.8294285042609101,195.0,25.0,-0.8294285042609101,-0.8294285042609101,0.95,1.1836620863075635,0.37992344092128866,0.8240178181168298,0.45021645021645024,0.05581522350182303,0.0,0.0,0.0,0.0,0,0
-0.7503334274117702,200.0,25.0,-0.7503334274117702,-0.7503334274117702,0.95,0.9650839256931267,0.3730294009806068,0.8562321118146775,0.43015521064301554,0.042343299438458035,0.0,0.0,0.0,0.0,0,0
-0.6954377738209165,205.0,25.0,-0.6954377738209165,-0.6954377738209165,0.95,0.8105081069357273,0.37005869578644024,0.8882428595513041,0.43340857787810383,0.030865355478275926,0.0,0.0,0.0,0.0,0,0
-0.6798906923523754,210.0,25.0,-0.6798906923523754,-0.6798906923523754,0.95,0.7711189563222466,0.3559259309713813,0.9195556805820333,0.4742729306487696,0.02127659574468085,0.0,0.0,0.0,0.0,0,0
-0.6985205211326024,215.0,25.0,-0.6985205211326024,-0.6985205211326024,0.95,0.8237241132448212,0.3451095198128071,0.9371543344030815,0.5153508771929824,0.014179958991292306,0.0,0.0,0.0,0.0,0,0
-0.6363203788482562,220.0,25.0,-0.6363203788482562,-0.6363203788482562,0.95,0.6700072319338198,0.3352663665715676,0.953793051411556,0.5394736842105263,0.009340481881015439,0.0,0.0,0.0,0.0,0,0
-0.6483598075719063,225.0,25.0,-0.6483598075719063,-0.6483598075719063,0.95,0.6746178620529871,0.3531504934786409,0.9588383018541015,0.4948453608247423,0.00662636155952997,0.0,0.0,0.0,0.0,0,0
-0.6599256692962411,230.0,25.0,-0.6599256692962411,-0.6599256692962411,0.95,0.6750103364495774,0.36385202358405433,0.9790402221518151,0.4580152671755725,0.007523370867422314,0.0,0.0,0.0,0.0,0,0
-0.667273282853825,235.0,25.0,-0.667273282853825,-0.667273282853825,0.95,0.6816228478164531,0.37078276199392174,0.987613310402491,0.44974874371859297,0.009745606488877965,0.0,0.0,0.0,0.0,0,0
-0.6736435316302593,240.0,25.0,-0.6736435316302593,-0.6736435316302593,0.95,0.685695308239534,0.3798971548121186,0.9963299106244295,0.4469135802469136,0.012567390799398526,0.0,0.0,0.0,0.0,0,0
-0.6728535435497767,245.0,25.0,-0.6728535435497767,-0.6728535435497767,0.95,0.6816987503648289,0.3834749059731876,0.9978975961446085,0.45169082125603865,0.015831166770417567,0.0,0.0,0.0,0.0,0,0
-0.7434388337468362,250.0,25.0,-0.7434388337468362,-0.7434388337468362,0.95,0.8274091138897967,0.4075809740550874,1.0003239367127406,0.39501039501039503,0.019407596302380894,0.0,0.0,0.0,0.0,0,0
-0.7785514444219126,255.0,25.0,-0.7785514444219126,-0.7785514444219126,0.95,0.9081718240000597,0.4193802061454217,0.99851832990981,0.39191919191919194,0.023425318648682095,0.0,0.0,0.0,0.0,0,0
-0.8335371146574925,260.0,25.0,-0.8335371146574925,-0.8335371146574925,0.95,1.0384589539949094,0.429156013076351,0.9907863634365731,0.3683206106870229,0.027510626825995914,0.0,0.0,0.0,0.0,0,0
-0.8291807080198472,265.0,25.0,-0.8291807080198472,-0.8291807080198472,0.95,1.0267575283878199,0.4335120201215284,0.9907863634365731,0.375968992248062,0.031928056636265065,0.0,0.0,0.0,0.0,0,0
-0.8413911636224688,270.0,25.0,-0.8413911636224688,-0.8413911636224688,0.95,1.0672946305851563,0.41938020614541893,0.9891528931559209,0.376599634369287,0.03516157954235372,0.0,0.0,0.0,0.0,0,0
-0.8347155649940866,275.0,25.0,-0.8347155649940866,-0.8347155649940866,0.95,1.0495950266407035,0.4191370147882728,0.9880763827749621,0.36925795053003535,0.03816996587936963,0.0,0.0,0.0,0.0,0,0
-0.861188608923455,280.0,25.0,-0.861188608923455,-0.861188608923455,0.95,1.119361719777587,0.4201626160502027,0.9800416394280493,0.36607142857142855,0.04130982367758186,0.0,0.0,0.0,0.0,0,0
-0.834600645113987,285.0,25.0,-0.834600645113987,-0.834600645113987,0.95,1.0567345170176732,0.41825889338980926,0.9793684598378617,0.375,0.04466237041188008,0.0,0.0,0.0,0.0,0,0
-0.83071468506481,290.0,25.0,-0.83071468506481,-0.83071468506481,0.95,1.0437122904478824,0.41735967411112007,0.9705866246619985,0.33756805807622503,0.048407901792831574,0.0,0.0,0.0,0.0,0,0
-0.8537014995824904,295.0,25.0,-0.8537014995824904,-0.8537014995824904,0.95,1.0904373738470998,0.4400005136839844,0.9629212204712,0.3320388349514563,0.05245560927122397,0.0,0.0,0.0,0.0,0,0
-0.8425780913220454,300.0,25.0,-0.8425780913220454,-0.8425780913220454,0.95,1.0605493112027318,0.4387627343219478,0.9624813839294367,0.31952662721893493,0.05709255533199195,0.0,0.0,0.0,0.0,0,0
-0.8636112704141641,305.0,25.0,-0.8636112704141641,-0.8636112704141641,0.95,1.120224154001445,0.4341986559685257,0.9539483853464247,0.3151515151515151,0.062334874504623515,0.0,0.0,0.0,0.0,0,0
-0.8617530017787862,310.0,25.0,-0.8617530017787862,-0.8617530017787862,0.95,1.1275363166293009,0.42446238036284023,0.9476319813613558,0.3228511530398323,0.06566878426594726,0.0,0.0,0.0,0.0,0,0
-0.8209210003822002,315.0,25.0,-0.8209210003822002,-0.8209210003822002,0.95,1.0609344120988617,0.40400003032463927,0.9375973003669544,0.38852097130242824,0.07004630398288043,0.0,0.0,0.0,0.0,0,0
-0.8379019137504002,320.0,25.0,-0.8379019137504002,-0.8379019137504002,0.95,1.122732804332979,0.3881384150364011,0.9307331166687975,0.4090909090909091,0.07643937905285911,0.0,0.0,0.0,0.0,0,0
-0.8431247470078256,325.0,25.0,-0.8431247470078256,-0.8431247470078256,0.95,1.168998768505193,0.3598344467274276,0.9365248849013071,0.48564593301435405,0.08731602097783793,0.0,0.0,0.0,0.0,0,0
-0.8488379846950124,330.0,25.0,-0.8488379846950124,-0.8488379846950124,0.95,1.210914242547194,0.33507487957926363,0.9335871048489288,0.5269320843091335,0.10409324395918274,0.0,0.0,0.0,0.0,0,0
-0.860834019741612,335.0,25.0,-0.860834019741612,-0.860834019741612,0.95,1.2499635231329527,0.32827846254651155,0.9431258074170401,0.5700245700245701,0.12089905760217709,0.0,0.0,0.0,0.0,0,0
-0.8779054921104945,340.0,25.0,-0.8779054921104945,-0.8779054921104945,0.95,1.3021023508985092,0.30167243741460786,0.9376968807008662,0.5277777777777778,0.136950545636298,0.0,0.0,0.0,0.0,0,0
-0.8818629883463713,345.0,25.0,-0.8818629883463713,-0.8818629883463713,0.95,1.3213684196732953,0.2977647156579101,0.9236195936614701,0.5203045685279187,0.15425205546692847,0.0,0.0,0.0,0.0,0,0
-0.9051610275734235,350.0,25.0,-0.9051610275734235,-0.9051610275734235,0.95,1.3432697911090639,0.30707426064225274,0.970953959958364,0.5165394402035624,0.16121432417878298,0.0,0.0,0.0,0.0,0,0
-0.9414028010084169,355.0,25.0,-0.9414028010084169,-0.9414028010084169,0.95,1.3705877621720504,0.3539382673174616,1.0182505895300822,0.4987951807228916,0.14473637047922866,0.0,0.0,0.0,0.0,0,0
-0.8331135718128861,0.0,30.0,-0.8331135718128861,-0.8331135718128861,0.95,1.0739454503248058,0.3668903921571461,1.0426000117840117,0.4883720930232558,0.1585014409221902,0.0,0.0,0.0,0.0,0,0
-0.8375223232716879,5.0,30.0,-0.8375223232716879,-0.8375223232716879,0.95,1.0783015221326162,0.385498807613179,1.0324430615030342,0.482837528604119,0.10720833027792036,0.0,0.0,0.0,0.0,0,0
-0.8660301657538383,10.0,30.0,-0.8660301657538383,-0.8660301657538383,0.95,1.1111886917566582,0.45675680289807363,1.0116841755288486,0.45555555555555555,0.07016691536245966,0.0,0.0,0.0,0.0,0,0
-0.9214905481223495,15.0,30.0,-0.9214905481223495,-0.9214905481223495,0.95,1.1520580338337252,0.6075764917950255,1.0103842218517878,0.4382284382284382,0.06315652117178834,0.0,0.0,0.0,0.0,0,0
-0.9893002815004579,20.0,30.0,-0.9893002815004579,-0.9893002815004579,0.95,1.202526842088644,0.7677641913471678,0.9788823594058571,0.2837209302325581,0.06419199213348492,0.0,0.0,0.0,0.0,0,0
-1.0871830858527298,25.0,30.0,-1.0871830858527298,-1.0871830858527298,0.95,1.239288495717447,0.9029256198858431,1.1143590121252323,0.12853470437017994,0.06913243862140932,0.0,0.0,0.0,0.0,0,0
-1.091324448291265,30.0,30.0,-1.091324448291265,-1.091324448291265,0.95,1.2625857018329796,0.8964744614733431,1.1040708241435642,0.13846153846153847,0.0716184005041234,0.0,0.0,0.0,0.0,0,0
-1.1471222158875125,35.0,30.0,-1.1471222158875125,-1.1471222158875125,0.95,1.2821434237044056,0.954437943550906,1.228574444683061,0.11488250652741515,0.07444343184481188,0.0,0.0,0.0,0.0,0,0
-1.1640021689102604,40.0,30.0,-1.1640021689102604,-1.1640021689102604,0.95,1.2914047735989427,1.0423395891030072,1.1908323014929048,0.10852713178294573,0.07290506250773611,0.0,0.0,0.0,0.0,0,0
-1.186819473256928,45.0,30.0,-1.186819473256928,-1.186819473256928,0.95,1.3209163404514255,1.0795919204252309,1.1927008405384285,0.09620253164556962,0.07086296823138928,0.0,0.0,0.0,0.0,0,0
-1.263402792838914,50.0,30.0,-1.263402792838914,-1.263402792838914,0.95,1.3953021742722838,1.1298003190442536,1.315099983294869,0.059431524547803614,0.06890079201574875,0.0,0.0,0.0,0.0,0,0
-1.4953304912418677,55.0,30.0,-1.4953304912418677,-1.4953304912418677,0.95,1.4775964744182664,1.173181130246467,2.0439864756517774,0.0,0.06845443418270836,0.0,0.0,0.0,0.0,0,0
-1.6184561678932992,60.0,30.0,-1.6184561678932992,-1.6184561678932992,0.95,1.5517218652849394,1.1992019498572546,2.4132327224232437,0.05341246290801187,0.06769324592163439,0.0,0.0,0.0,0.0,0,0
-1.5945754866040993,65.0,30.0,-1.5945754866040993,-1.5945754866040993,0.95,1.5899120069305732,1.1679892991157974,2.3323875021457483,0.16483516483516483,0.06609570709774114,0.0,0.0,0.0,0.0,0,0
-1.5868511285667393,70.0,30.0,-1.5868511285667393,-1.5868511285667393,0.95,1.6213397434559904,1.1487702299201725,2.2767278915826985,0.18059299191374664,0.06535298221874537,0.0,0.0,0.0,0.0,0,0
-1.5455630156391884,75.0,30.0,-1.5455630156391884,-1.5455630156391884,0.95,1.6048181891852784,1.106661577850843,2.18381721088647,0.18983957219251338,0.06470514376595655,0.0,0.0,0.0,0.0,0,0
-1.533226583714465,80.0,30.0,-1.533226583714465,-1.533226583714465,0.95,1.533103878020276,1.089254964310332,2.270685165715086,0.2,0.06759368959281661,0.0,0.0,0.0,0.0,0,0
-1.4287715987331038,85.0,30.0,-1.4287715987331038,-1.4287715987331038,0.95,1.4424767373165295,1.0762215738666914,2.0079853746926095,0.19270833333333334,0.0734329597343296,0.0,0.0,0.0,0.0,0,0
-1.3656748594258397,90.0,30.0,-1.3656748594258397,-1.3656748594258397,0.95,1.3622455834624017,1.071556383618142,1.887253445353558,0.18925831202046037,0.08516942079786347,0.0,0.0,0.0,0.0,0,0
-1.3115430354478186,95.0,30.0,-1.3115430354478186,-1.3115430354478186,0.95,1.2974116126187358,1.0702143538144955,1.774284671445949,0.18546365914786966,0.09437611689267318,0.0,0.0,0.0,0.0,0,0
-1.2527832760125126,100.0,30.0,-1.2527832760125126,-1.2527832760125126,0.95,1.2486806656418346,1.0294766078934727,1.678767431129643,0.2375,0.10661475287759835,0.0,0.0,0.0,0.0,0,0
-1.2012662438971022,105.0,30.0,-1.2012662438971022,-1.2012662438971022,0.95,1.1875926496082858,0.928087441831654,1.691115008669212,0.2857142857142857,0.12129135423644576,0.0,0.0,0.0,0.0,0,0
-1.1002564749271802,110.0,30.0,-1.1002564749271802,-1.1002564749271802,0.95,1.1255534356114425,0.8519376401819506,1.4655621757513957,0.293398533007335,0.13756275874218268,0.0,0.0,0.0,0.0,0,0
-1.0255996617531815,115.0,30.0,-1.0255996617531815,-1.0255996617531815,0.95,1.0589055801135066,0.7676793828182743,1.3611516012196536,0.30170316301703165,0.1496870302649586,0.0,0.0,0.0,0.0,0,0
-0.9458411148582806,120.0,30.0,-0.9458411148582806,-0.9458411148582806,0.95,0.9778024460677792,0.6883178387170665,1.2513356538675129,0.30193236714975846,0.1688275925373477,0.0,0.0,0.0,0.0,0,0
-0.8631914075208635,125.0,30.0,-0.8631914075208635,-0.8631914075208635,0.95,0.8946982782461621,0.598759724047927,1.1494576345886847,0.31742243436754175,0.19698867799654904,0.0,0.0,0.0,0.0,0,0
-0.7831612731567311,130.0,30.0,-0.7831612731567311,-0.7831612731567311,0.95,0.8128865716119866,0.5236301805233239,1.044300011982253,0.3397590361445783,0.2325575692179415,0.0,0.0,0.0,0.0,0,0
-0.6871907103465718,135.0,30.0,-0.6871907103465718,-0.6871907103465718,0.95,0.7262625301120367,0.4182588933898083,0.9350698562336848,0.41646489104116224,0.26456396972929047,0.0,0.0,0.0,0.0,0,0
-0.6018368783277929,140.0,30.0,-0.6018368783277929,-0.6018368783277929,0.95,0.6849453493452264,0.314023628932612,0.825162521598446,0.569377990430622,0.2863898832074831,0.0,0.0,0.0,0.0,0,0
-0.5343191637245754,145.0,30.0,-0.5343191637245754,-0.5343191637245754,0.95,0.6199112048289863,0.29098915930809605,0.7130834140176737,0.6466346153846154,0.3064598100842584,0.0,0.0,0.0,0.0,0,0
-0.5369334934783294,150.0,30.0,-0.5369334934783294,-0.5369334934783294,0.95,0.711583358673534,0.290989159308096,0.6000296225457493,0.7045454545454546,0.32148264301935764,0.0,0.0,0.0,0.0,0,0
-0.48923181554259554,155.0,30.0,-0.48923181554259554,-0.48923181554259554,0.95,0.7056018564235513,0.2573324459792463,0.4973286784926391,0.8167420814479638,0.3109522662169036,0.0,0.0,0.0,0.0,0,0
-0.5146648747056057,160.0,30.0,-0.5146648747056057,-0.5146648747056057,0.95,0.8652146298669428,0.21861921739476065,0.39595661390029413,0.8506493506493507,0.2911624977033518,0.0,0.0,0.0,0.0,0,0
-0.5307837221165129,165.0,30.0,-0.5307837221165129,-0.5307837221165129,0.95,0.9566702579960968,0.1819260117920276,0.3434396896867208,0.832258064516129,0.2679411163361276,0.0,0.0,0.0,0.0,0,0
-0.5429874352842814,170.0,30.0,-0.5429874352842814,-0.5429874352842814,0.95,0.9488081210907202,0.15813042583751583,0.4284774132575143,0.8318777292576419,0.23212808409168328,0.0,0.0,0.0,0.0,0,0
-0.5852339214190238,175.0,30.0,-0.5852339214190238,-0.5852339214190238,0.95,0.9653141935998214,0.18140151370127777,0.5371553560204125,0.8053097345132744,0.19050028752156412,0.0,0.0,0.0,0.0,0,0
-0.6429934873278053,180.0,30.0,-0.6429934873278053,-0.6429934873278053,0.95,0.9907374564161239,0.25549718194999427,0.6422099774072323,0.77728285077951,0.14995455922447742,0.0,0.0,0.0,0.0,0,0
-0.7055834558235339,185.0,30.0,-0.7055834558235339,-0.7055834558235339,0.95,1.0418805532735083,0.3133797252727689,0.739682769344839,0.744343891402715,0.11180048907661527,0.0,0.0,0.0,0.0,0,0
-0.6930513395746924,190.0,30.0,-0.6930513395746924,-0.6930513395746924,0.95,0.9687750344699966,0.32170800569514757,0.7832948260557465,0.7070938215102975,0.0877948795809531,0.0,0.0,0.0,0.0,0,0
-0.693190666193355,195.0,30.0,-0.693190666193355,-0.693190666193355,0.95,0.9546071527547934,0.31646067298606334,0.802614757906003,0.6842105263157895,0.07244661969558436,0.0,0.0,0.0,0.0,0,0
-0.649861530192928,200.0,30.0,-0.649861530192928,-0.649861530192928,0.95,0.8243350198089645,0.31523518529957073,0.8347193482222428,0.6736111111111112,0.05907201744225659,0.0,0.0,0.0,0.0,0,0
-0.6111441273261908,205.0,30.0,-0.6111441273261908,-0.6111441273261908,0.95,0.7190294100695317,0.30228796597794366,0.8566433520174339,0.662004662004662,0.047164285946702245,0.0,0.0,0.0,0.0,0,0
-0.6359621299618695,210.0,30.0,-0.6359621299618695,-0.6359621299618695,0.95,0.7625341754578515,0.2896084108044051,0.8882269987493094,0.6351039260969977,0.037164325996282006,0.0,0.0,0.0,0.0,0,0
-0.6705493800216827,215.0,30.0,-0.6705493800216827,-0.6705493800216827,0.95,0.8241230106635311,0.2918522605732181,0.9097797623623775,0.5950782997762863,0.02986697268485663,0.0,0.0,0.0,0.0,0,0
-0.5633052348357033,220.0,30.0,-0.5633052348357033,-0.5633052348357033,0.95,0.5841396699396685,0.278577148705705,0.9270009281519211,0.7174515235457064,0.025578491148167192,0.0,0.0,0.0,0.0,0,0
-0.5746979327764024,225.0,30.0,-0.5746979327764024,-0.5746979327764024,0.95,0.591511381937169,0.2901882984798042,0.9421852215263345,0.7,0.02319491208380097,0.0,0.0,0.0,0.0,0,0
-0.5883160321963168,230.0,30.0,-0.5883160321963168,-0.5883160321963168,0.95,0.5964795288537326,0.3103443730569886,0.9452370015409163,0.6417112299465241,0.022484637385665335,0.0,0.0,0.0,0.0,0,0
-0.5955764215643048,235.0,30.0,-0.5955764215643048,-0.5955764215643048,0.95,0.5993650735328653,0.3170511356412682,0.9517730784660116,0.6137566137566137,0.022656260946322736,0.0,0.0,0.0,0.0,0,0
-0.6068124557464851,240.0,30.0,-0.6068124557464851,-0.6068124557464851,0.95,0.6003497129178836,0.32894939822694924,0.9631377094872029,0.5634920634920635,0.02365231926452152,0.0,0.0,0.0,0.0,0,0
-0.6112251256720647,245.0,30.0,-0.6112251256720647,-0.6112251256720647,0.95,0.5978129001957032,0.3295010492703467,0.9709092569690163,0.5300261096605744,0.025477174957189992,0.0,0.0,0.0,0.0,0,0
-0.6343713216844958,250.0,30.0,-0.6343713216844958,-0.6343713216844958,0.95,0.6195287406487331,0.36385202358405433,0.9749454176508398,0.4813953488372093,0.028282122905027934,0.0,0.0,0.0,0.0,0,0
-0.6312808048081087,255.0,30.0,-0.6312808048081087,-0.6312808048081087,0.95,0.6087028043358138,0.3659507808871353,0.979158958433758,0.4847775175644028,0.031798091269952984,0.0,0.0,0.0,0.0,0,0
-0.6754565885276616,260.0,30.0,-0.6754565885276616,-0.6754565885276616,0.95,0.7086138584041238,0.3745535536894673,0.9760409625450502,0.4563758389261745,0.03592353419150665,0.0,0.0,0.0,0.0,0,0
-0.7383689977528769,265.0,30.0,-0.7383689977528769,-0.7383689977528769,0.95,0.8625846281067466,0.37555528076028344,0.9787376862328101,0.4523809523809524,0.040200859586414485,0.0,0.0,0.0,0.0,0,0
-0.7186412145563332,270.0,30.0,-0.7186412145563332,-0.7186412145563332,0.95,0.8143128722692703,0.37517975860642394,0.9799627648576417,0.45869565217391306,0.043466733440367646,0.0,0.0,0.0,0.0,0,0
-0.7250248644891565,275.0,30.0,-0.7250248644891565,-0.7250248644891565,0.95,0.8359838755319117,0.36795911779478313,0.9787985044560122,0.4605809128630705,0.046351944227417514,0.0,0.0,0.0,0.0,0,0
-0.7078825913431619,280.0,30.0,-0.7078825913431619,-0.7078825913431619,0.95,0.8077140750875181,0.35855937956643574,0.9705866246619985,0.47489539748953974,0.0496799803064804,0.0,0.0,0.0,0.0,0,0
-0.7168979432633076,285.0,30.0,-0.7168979432633076,-0.7168979432633076,0.95,0.8233251975183561,0.3625988278717142,0.970336476932273,0.45665961945031713,0.05315971618653308,0.0,0.0,0.0,0.0,0,0
-0.7176519389494521,290.0,30.0,-0.7176519389494521,-0.7176519389494521,0.95,0.8218086982118507,0.3748042364525663,0.9632751936041303,0.4559139784946237,0.057370764889157135,0.0,0.0,0.0,0.0,0,0
-0.720769035383424,295.0,30.0,-0.720769035383424,-0.720769035383424,0.95,0.8150972295256039,0.38525508379488205,0.9619952085021855,0.420824295010846,0.062127328930254556,0.0,0.0,0.0,0.0,0,0
-0.7335956912718988,300.0,30.0,-0.7335956912718988,-0.7335956912718988,0.95,0.8435277257503646,0.39870501385786306,0.9535772496782715,0.41885964912280704,0.0680914687774846,0.0,0.0,0.0,0.0,0,0
-0.7421444988331459,305.0,30.0,-0.7421444988331459,-0.7421444988331459,0.95,0.8595490426100271,0.4111763286516066,0.945639682021417,0.4087912087912088,0.07477167900916959,0.0,0.0,0.0,0.0,0,0
-0.7306409534701795,310.0,30.0,-0.7306409534701795,-0.7306409534701795,0.95,0.8519764159462065,0.395956613900295,0.9381575781446535,0.4367816091954023,0.08269602162997296,0.0,0.0,0.0,0.0,0,0
-0.7365081435237274,315.0,30.0,-0.7365081435237274,-0.7365081435237274,0.95,0.8862090945894447,0.3745535536894682,0.929470394988256,0.4398148148148148,0.09250148010534268,0.0,0.0,0.0,0.0,0,0
-0.7358916955693694,320.0,30.0,-0.7358916955693694,-0.7358916955693694,0.95,0.913835057639891,0.35341635803339544,0.9191976266838295,0.4779582366589327,0.1036113219824314,0.0,0.0,0.0,0.0,0,0
-0.736528929386203,325.0,30.0,-0.736528929386203,-0.736528929386203,0.95,0.9433694511013165,0.3374065943843145,0.9072805306723953,0.5199063231850117,0.1169469899083633,0.0,0.0,0.0,0.0,0,0
-0.7436213869220467,330.0,30.0,-0.7436213869220467,-0.7436213869220467,0.95,0.9696350405805708,0.32371823206082373,0.9247033633745059,0.5633802816901409,0.1328365300457626,0.0,0.0,0.0,0.0,0,0
-0.7658887142022529,335.0,30.0,-0.7658887142022529,-0.7658887142022529,0.95,0.9996858024230176,0.33875158525728394,0.940908824554332,0.5390070921985816,0.14912280701754385,0.0,0.0,0.0,0.0,0,0
-0.7887958956634252,340.0,30.0,-0.7887958956634252,-0.7887958956634252,0.95,1.0279408216290449,0.37142094027035105,0.9361865143797488,0.49282296650717705,0.1591441283222105,0.0,0.0,0.0,0.0,0,0
-0.7992220696764485,345.0,30.0,-0.7992220696764485,-0.7992220696764485,0.95,1.048528326172039,0.37881443898347433,0.9351527384705586,0.486810551558753,0.16817055347270762,0.0,0.0,0.0,0.0,0,0
-0.8166037846946399,350.0,30.0,-0.8166037846946399,-0.8166037846946399,0.95,1.0691120155868368,0.3702644236517385,0.9789048235212157,0.48333333333333334,0.17421807499567998,0.0,0.0,0.0,0.0,0,0
-0.8313449695004415,355.0,30.0,-0.8313449695004415,-0.8313449695004415,0.95,1.0741480709348625,0.3707307330004297,1.0285004944163543,0.4812206572769953,0.16872002950940612,0.0,0.0,0.0,0.0,0,0
-0.6936105298163587,0.0,35.0,-0.6936105298163587,-0.6936105298163587,0.95,0.8682392239731164,0.357806223095864,0.8269735215056303,0.4988009592326139,0.23220647613015596,0.0,0.0,0.0,0.0,0,0
-0.7035012859288574,5.0,35.0,-0.7035012859288574,-0.7035012859288574,0.95,0.8880949711934228,0.36616793250999397,0.8235598416189995,0.4916864608076009,0.19719516945851187,0.0,0.0,0.0,0.0,0,0
-0.7237124346092108,10.0,35.0,-0.7237124346092108,-0.7237124346092108,0.95,0.9234485082672527,0.39884266662377843,0.8113295540508536,0.4821002386634845,0.15150048402710553,0.0,0.0,0.0,0.0,0,0
-0.7624243067919185,15.0,35.0,-0.7624243067919185,-0.7624243067919185,0.95,0.9661281814348012,0.47473037995375833,0.810023000937373,0.45215311004784686,0.1324306121725568,0.0,0.0,0.0,0.0,0,0
-0.7935934740320112,20.0,35.0,-0.7935934740320112,-0.7935934740320112,0.95,1.0016051639465438,0.5538194176200852,0.7820149931719065,0.41007194244604317,0.1262605752961083,0.0,0.0,0.0,0.0,0,0
-0.869493126491885,25.0,35.0,-0.869493126491885,-0.869493126491885,0.95,1.0331261606090987,0.673397703173747,0.8556545784722964,0.2602040816326531,0.12577519379844962,0.0,0.0,0.0,0.0,0,0
-0.8874387832316426,30.0,35.0,-0.8874387832316426,-0.8874387832316426,0.95,1.056692905300148,0.6853356572381291,0.8492210312898375,0.18877551020408162,0.12702719368563853,0.0,0.0,0.0,0.0,0,0
-0.9305187835475358,35.0,35.0,-0.9305187835475358,-0.9305187835475358,0.95,1.0682402202786085,0.7297662622833082,0.9503161205109303,0.1679790026246719,0.12345897481271752,0.0,0.0,0.0,0.0,0,0
-0.9412774263805086,40.0,35.0,-0.9412774263805086,-0.9412774263805086,0.95,1.0735526424699127,0.7931985273381601,0.9229448989499629,0.1717948717948718,0.12302499078092645,0.0,0.0,0.0,0.0,0,0
-0.9651467551624364,45.0,35.0,-0.9651467551624364,-0.9651467551624364,0.95,1.077557698493056,0.8387214741801918,0.9639230996816973,0.165374677002584,0.12248083242059146,0.0,0.0,0.0,0.0,0,0
-1.0304549695124632,50.0,35.0,-1.0304549695124632,-1.0304549695124632,0.95,1.1426122215794918,0.8775636989369239,1.0689444550096818,0.13216957605985039,0.11689239233943498,0.0,0.0,0.0,0.0,0,0
-1.0727959780236165,55.0,35.0,-1.0727959780236165,-1.0727959780236165,0.95,1.2098739663923297,0.9104003904804076,1.0987165186699126,0.13432835820895522,0.1118662324006873,0.0,0.0,0.0,0.0,0,0
-1.095808750548718,60.0,35.0,-1.095808750548718,-1.095808750548718,0.95,1.2627805524387785,0.8699501067985936,1.1739954317840875,0.2028985507246377,0.10822250607358429,0.0,0.0,0.0,0.0,0,0
-1.2353045955325053,65.0,35.0,-1.2353045955325053,-1.2353045955325053,0.95,1.3211314394455653,0.8852509286699545,1.611587202160634,0.17357512953367876,0.10749489933875765,0.0,0.0,0.0,0.0,0,0
-1.212078127674137,70.0,35.0,-1.212078127674137,-1.212078127674137,0.95,1.3372203756951624,0.8496513093156204,1.5333354043923795,0.18556701030927836,0.1073167187386471,0.0,0.0,0.0,0.0,0,0
-1.2752616918441477,75.0,35.0,-1.2752616918441477,-1.2752616918441477,0.95,1.3327569626025515,0.8604313636639405,1.7873370548764813,0.1978319783197832,0.10962451445835132,0.0,0.0,0.0,0.0,0,0
-1.226194975161399,80.0,35.0,-1.226194975161399,-1.226194975161399,0.95,1.2972279476770954,0.8207648857536058,1.6916502986086372,0.208,0.11570839195860062,0.0,0.0,0.0,0.0,0,0
-1.173531305158733,85.0,35.0,-1.173531305158733,-1.173531305158733,0.95,1.219820414313517,0.7946694503614211,1.6283797121464194,0.20159151193633953,0.12709900871849994,0.0,0.0,0.0,0.0,0,0
-1.102705433338072,90.0,35.0,-1.102705433338072,-1.102705433338072,0.95,1.1431591611083995,0.7478415639608376,1.5188996048822587,0.21243523316062177,0.14002543735451514,0.0,0.0,0.0,0.0,0,0
-1.0505422027168336,95.0,35.0,-1.0505422027168336,-1.0505422027168336,0.95,1.070153010541338,0.7296663607741121,1.4427318600312058,0.20618556701030927,0.1526930155962414,0.0,0.0,0.0,0.0,0,0
-1.0095249848928023,100.0,35.0,-1.0095249848928023,-1.0095249848928023,0.95,1.0273468901196834,0.7089737036807304,1.392384198711972,0.2675324675324675,0.16545654565456547,0.0,0.0,0.0,0.0,0,0
-0.9554419203699547,105.0,35.0,-0.9554419203699547,-0.9554419203699547,0.95,0.974889624879233,0.6684802232909529,1.312020759413021,0.2963917525773196,0.1795854768500198,0.0,0.0,0.0,0.0,0,0
-0.8983728522183934,110.0,35.0,-0.8983728522183934,-0.8983728522183934,0.95,0.9310331191709631,0.6099872160085624,1.2183409981098374,0.3112244897959184,0.19647253906838852,0.0,0.0,0.0,0.0,0,0
-0.8324583133187761,115.0,35.0,-0.8324583133187761,-0.8324583133187761,0.95,0.8775254686438974,0.5416749617642966,1.1124757506357956,0.3208955223880597,0.21245177937306797,0.0,0.0,0.0,0.0,0,0
-0.769903471858329,120.0,35.0,-0.769903471858329,-0.769903471858329,0.95,0.8201763543939693,0.4758280303286738,1.0218295046106316,0.3258145363408521,0.23275705186533213,0.0,0.0,0.0,0.0,0,0
-0.6992447851179228,125.0,35.0,-0.6992447851179228,-0.6992447851179228,0.95,0.7499510096786355,0.40873158162613576,0.9364740915078864,0.37037037037037035,0.25736681280722734,0.0,0.0,0.0,0.0,0,0
-0.610954894418731,130.0,35.0,-0.610954894418731,-0.610954894418731,0.95,0.6799641843918445,0.3304000748382272,0.8501073496816663,0.5615763546798029,0.28152963255092883,0.0,0.0,0.0,0.0,0,0
-0.5362799021064004,135.0,35.0,-0.5362799021064004,-0.5362799021064004,0.95,0.6105584038487508,0.27576792282180235,0.7572469718401643,0.6619718309859155,0.3063281271750327,0.0,0.0,0.0,0.0,0,0
-0.47148987332678405,140.0,35.0,-0.47148987332678405,-0.47148987332678405,0.95,0.5464143930648172,0.23689940157126718,0.664158764959821,0.723404255319149,0.32631728852178865,0.0,0.0,0.0,0.0,0,0
-0.42357442914154364,145.0,35.0,-0.42357442914154364,-0.42357442914154364,0.95,0.4847639909883602,0.23299991956923805,0.5882515238277382,0.7564402810304449,0.3401130921470198,0.0,0.0,0.0,0.0,0,0
-0.45931835614346606,150.0,35.0,-0.45931835614346606,-0.45931835614346606,0.95,0.638957137461644,0.2353174978654006,0.5017484005751428,0.8053097345132744,0.3333428981348637,0.0,0.0,0.0,0.0,0,0
-0.4049367173378322,155.0,35.0,-0.4049367173378322,-0.4049367173378322,0.95,0.5872975348907843,0.22473213221368038,0.41276661922813634,0.893569844789357,0.3178995718619751,0.0,0.0,0.0,0.0,0,0
-0.4165722537946819,160.0,35.0,-0.4165722537946819,-0.4165722537946819,0.95,0.692146819896891,0.19406801881025335,0.3222140224491915,0.893569844789357,0.30199096536724107,0.0,0.0,0.0,0.0,0,0
-0.39393111707442663,165.0,35.0,-0.39393111707442663,-0.39393111707442663,0.95,0.644861542101959,0.15079550745593162,0.35315049347864047,0.9,0.27716935723750036,0.0,0.0,0.0,0.0,0,0
-0.43368429361274025,170.0,35.0,-0.43368429361274025,-0.43368429361274025,0.95,0.691981071524802,0.14506896259138016,0.4387627343219478,0.8906605922551253,0.24107695481741284,0.0,0.0,0.0,0.0,0,0
-0.4742900862025687,175.0,35.0,-0.4742900862025687,-0.4742900862025687,0.95,0.7076912398575398,0.18397955889739204,0.5334943921180398,0.8815489749430524,0.20453652788688137,0.0,0.0,0.0,0.0,0,0
-0.5449955048351401,180.0,35.0,-0.5449955048351401,-0.5449955048351401,0.95,0.7664047088826693,0.24938253403699834,0.6286013737240856,0.8106235565819861,0.1668178751715635,0.0,0.0,0.0,0.0,0,0
-0.5730503758012574,185.0,35.0,-0.5730503758012574,-0.5730503758012574,0.95,0.7630344762048986,0.2741175524344044,0.7089658780446653,0.7793427230046949,0.12764373604238735,0.0,0.0,0.0,0.0,0,0
-0.5912719489781262,190.0,35.0,-0.5912719489781262,-0.5912719489781262,0.95,0.7583897290470251,0.2741175524344044,0.7806641829980642,0.7577937649880095,0.10296824904333436,0.0,0.0,0.0,0.0,0,0
-0.6108600719227918,195.0,35.0,-0.6108600719227918,-0.6108600719227918,0.95,0.7938950042561624,0.26487923726101814,0.802614757906003,0.7357142857142858,0.08890201870999508,0.0,0.0,0.0,0.0,0,0
-0.5436005678935791,200.0,35.0,-0.5436005678935791,-0.5436005678935791,0.95,0.6122593120290386,0.2604116748127012,0.824131795076129,0.724390243902439,0.07666102013928101,0.0,0.0,0.0,0.0,0,0
-0.5541701393051212,205.0,35.0,-0.5541701393051212,-0.5541701393051212,0.95,0.6275734150225091,0.2503919214215686,0.8459484114723446,0.7094430992736077,0.0661779310593886,0.0,0.0,0.0,0.0,0,0
-0.5340201812913763,210.0,35.0,-0.5340201812913763,-0.5340201812913763,0.95,0.565568541920701,0.24670579719096963,0.8677985942347471,0.7083333333333334,0.05749447335897927,0.0,0.0,0.0,0.0,0,0
-0.6248253935676248,215.0,35.0,-0.6248253935676248,-0.6248253935676248,0.95,0.759647524500726,0.2572021639125385,0.8883803085117871,0.654292343387471,0.05019995612776944,0.0,0.0,0.0,0.0,0,0
-0.5178864836630188,220.0,35.0,-0.5178864836630188,-0.5178864836630188,0.95,0.5126488562156539,0.24938253403700852,0.8989442008597222,0.7425474254742548,0.04582928795932136,0.0,0.0,0.0,0.0,0,0
-0.5235811021416464,225.0,35.0,-0.5235811021416464,-0.5235811021416464,0.95,0.5191980287507324,0.2570035811384398,0.911098363449446,0.7612359550561798,0.042067075137052566,0.0,0.0,0.0,0.0,0,0
-0.5328370745364801,230.0,35.0,-0.5328370745364801,-0.5328370745364801,0.95,0.5236172792889072,0.2696808131285022,0.9219407799834217,0.7451523545706371,0.0402166489302562,0.0,0.0,0.0,0.0,0,0
-0.5446959895676622,235.0,35.0,-0.5446959895676622,-0.5446959895676622,0.95,0.5346702516189202,0.27989168539438025,0.9349267196010648,0.7287671232876712,0.03961204055368969,0.0,0.0,0.0,0.0,0,0
-0.544421915534894,240.0,35.0,-0.544421915534894,-0.544421915534894,0.95,0.5320136549829645,0.28126150897705565,0.936803221178937,0.7289972899728997,0.03996631789050196,0.0,0.0,0.0,0.0,0,0
-0.5507590504812653,245.0,35.0,-0.5507590504812653,-0.5507590504812653,0.95,0.5330593031613375,0.28894131284616087,0.936803221178937,0.6890080428954424,0.04087575328173905,0.0,0.0,0.0,0.0,0,0
-0.577564431494857,250.0,35.0,-0.577564431494857,-0.577564431494857,0.95,0.5667222606682725,0.3103443730569886,0.9366359967227685,0.6086956521739131,0.042834842335310645,0.0,0.0,0.0,0.0,0,0
-0.5758496016581027,255.0,35.0,-0.5758496016581027,-0.5758496016581027,0.95,0.5558119113606586,0.31384199171835586,0.9443888121360623,0.6103286384976526,0.04554741772231478,0.0,0.0,0.0,0.0,0,0
-0.5753084800582619,260.0,35.0,-0.5753084800582619,-0.5753084800582619,0.95,0.5465795641570121,0.3187513492060504,0.9500605315336723,0.6052631578947368,0.049038140776159235,0.0,0.0,0.0,0.0,0,0
-0.5828045232096695,265.0,35.0,-0.5828045232096695,-0.5828045232096695,0.95,0.5585593707331263,0.32221402244919106,0.953426724275308,0.5952941176470589,0.053178799406796054,0.0,0.0,0.0,0.0,0,0
-0.6236468754125665,270.0,35.0,-0.6236468754125665,-0.6236468754125665,0.95,0.6560416778253512,0.3222140224491904,0.9548168864236328,0.5802752293577982,0.056191552432892776,0.0,0.0,0.0,0.0,0,0
-0.5818989079918736,275.0,35.0,-0.5818989079918736,-0.5818989079918736,0.95,0.5585593707331263,0.3178205577408013,0.9541977281125145,0.5952941176470589,0.059168932557092095,0.0,0.0,0.0,0.0,0,0
-0.6288927513789995,280.0,35.0,-0.6288927513789995,-0.6288927513789995,0.95,0.6730218249352159,0.3178205577408013,0.9490973460606691,0.5704545454545454,0.0626471089885724,0.0,0.0,0.0,0.0,0,0
-0.6270259453314603,285.0,35.0,-0.6270259453314603,-0.6270259453314603,0.95,0.673740890761629,0.31938579348927587,0.9475989220649637,0.5921658986175116,0.06660604682882473,0.0,0.0,0.0,0.0,0,0
-0.6250484196705605,290.0,35.0,-0.6250484196705605,-0.6250484196705605,0.95,0.6676834260558229,0.3205012298320181,0.9465841523460921,0.5879629629629629,0.07152756529095196,0.0,0.0,0.0,0.0,0,0
-0.6154558994423773,295.0,35.0,-0.6154558994423773,-0.6154558994423773,0.95,0.6262161009901023,0.33225122351564934,0.9389473673866774,0.5283018867924528,0.07716485642017556,0.0,0.0,0.0,0.0,0,0
-0.6280164612271755,300.0,35.0,-0.6280164612271755,-0.6280164612271755,0.95,0.6502419454441857,0.3427756156738285,0.9307988511213329,0.504739336492891,0.0835695416594358,0.0,0.0,0.0,0.0,0,0
-0.6395734564723071,305.0,35.0,-0.6395734564723071,-0.6395734564723071,0.95,0.6647331292709915,0.36488313114165577,0.9227117971776441,0.4821852731591449,0.09103883573208973,0.0,0.0,0.0,0.0,0,0
-0.6387001790425901,310.0,35.0,-0.6387001790425901,-0.6387001790425901,0.95,0.6775358432985915,0.35315049347864225,0.9142355592652911,0.49160671462829736,0.09983602421796166,0.0,0.0,0.0,0.0,0,0
-0.6456530240184729,315.0,35.0,-0.6456530240184729,-0.6456530240184729,0.95,0.7163425314722924,0.3424489633732284,0.9016341299640428,0.5190476190476191,0.11041560682134878,0.0,0.0,0.0,0.0,0,0
-0.6413433923623937,320.0,35.0,-0.6413433923623937,-0.6413433923623937,0.95,0.7306818639225449,0.3295010492703463,0.8913598511561689,0.5614457831325301,0.12324116779434832,0.0,0.0,0.0,0.0,0,0
-0.6352461528065311,325.0,35.0,-0.6352461528065311,-0.6352461528065311,0.95,0.743803390134766,0.3106468750358136,0.8780356872895461,0.5944584382871536,0.13843392416423603,0.0,0.0,0.0,0.0,0,0
-0.6453863135127461,330.0,35.0,-0.6453863135127461,-0.6453863135127461,0.95,0.7675291468163721,0.31706047416923666,0.8620539085223505,0.5640394088669951,0.15573354692297423,0.0,0.0,0.0,0.0,0,0
-0.6657443055223895,335.0,35.0,-0.6657443055223895,-0.6657443055223895,0.95,0.7949409020598068,0.3467531492539666,0.8467877653423693,0.5061728395061729,0.17398425377851848,0.0,0.0,0.0,0.0,0,0
-0.6725725740234874,340.0,35.0,-0.6725725740234874,-0.6725725740234874,0.95,0.8224153226985208,0.3459111121885259,0.830003501334688,0.5037220843672456,0.19478260869565217,0.0,0.0,0.0,0.0,0,0
-0.6785507209755572,345.0,35.0,-0.6785507209755572,-0.6785507209755572,0.95,0.8377382582061511,0.3409658658381243,0.8338508298098849,0.5024875621890548,0.2112543962485346,0.0,0.0,0.0,0.0,0,0
-0.6829195466475468,350.0,35.0,-0.6829195466475468,-0.6829195466475468,0.95,0.8581093244374435,0.32666483306784566,0.8360585349249448,0.5100502512562815,0.2176195613088817,0.0,0.0,0.0,0.0,0,0
-0.6908680720372625,355.0,35.0,-0.6908680720372625,-0.6908680720372625,0.95,0.8639012168054787,0.34939780864824843,0.8323191506169018,0.5012165450121655,0.22325794621026895,0.0,0.0,0.0,0.0,0,0
-0.5823138006753035,0.0,40.0,-0.5823138006753035,-0.5823138006753035,0.95,0.7189510289603075,0.28211215391883027,0.7205837786835152,0.5594059405940595,0.26426522154925086,0.0,0.0,0.0,0.0,0,0
-0.5912957105646691,5.0,40.0,-0.5912957105646691,-0.5912957105646691,0.95,0.74774551959311,0.30041591369133797,0.6939162658930611,0.563855421686747,0.2423907028223575,0.0,0.0,0.0,0.0,0,0
-0.614868514719971,10.0,40.0,-0.614868514719971,-0.614868514719971,0.95,0.789381832400415,0.32379060517648117,0.6852938810860394,0.5315533980582524,0.20561538461538462,0.0,0.0,0.0,0.0,0,0
-0.634612894611455,15.0,40.0,-0.634612894611455,-0.634612894611455,0.95,0.8263892269676147,0.35315049347864225,0.6625940603177829,0.49878934624697335,0.19294907666480135,0.0,0.0,0.0,0.0,0,0
-0.6644455904776634,20.0,40.0,-0.6644455904776634,-0.6644455904776634,0.95,0.851489057588023,0.42824502397790654,0.639551940222903,0.43099273607748184,0.182328190743338,0.0,0.0,0.0,0.0,0,0
-0.6923660403389942,25.0,40.0,-0.6923660403389942,-0.6923660403389942,0.95,0.8702505274959751,0.500693189485559,0.6126664241731539,0.34074074074074073,0.1773710945654443,0.0,0.0,0.0,0.0,0,0
-0.759531718609214,30.0,40.0,-0.759531718609214,-0.759531718609214,0.95,0.8939015735588901,0.5483395416683998,0.7680719468571774,0.2713178294573643,0.17143527991144802,0.0,0.0,0.0,0.0,0,0
-0.773852995369604,35.0,40.0,-0.773852995369604,-0.773852995369604,0.95,0.9127785476900802,0.5750698582755882,0.7415718395688563,0.20418848167539266,0.1695677494499806,0.0,0.0,0.0,0.0,0,0
-0.7751761972603798,40.0,40.0,-0.7751761972603798,-0.7751761972603798,0.95,0.9131545706537689,0.6096015760433429,0.7118740817703278,0.20454545454545456,0.16592278160991292,0.0,0.0,0.0,0.0,0,0
-0.7978312361248479,45.0,40.0,-0.7978312361248479,-0.7978312361248479,0.95,0.9071587596921737,0.6460950309687847,0.7759814118075895,0.20551378446115287,0.16023300033199528,0.0,0.0,0.0,0.0,0,0
-0.8409005278966735,50.0,40.0,-0.8409005278966735,-0.8409005278966735,0.95,0.9524361793817899,0.6936192321944484,0.8455923815439428,0.24876847290640394,0.1547754863244113,0.0,0.0,0.0,0.0,0,0
-0.8794179239787069,55.0,40.0,-0.8794179239787069,-0.8794179239787069,0.95,1.0055783386209918,0.7250203710655938,0.9061140427571395,0.30597014925373134,0.1493094119322227,0.0,0.0,0.0,0.0,0,0
-0.8880771242935163,60.0,40.0,-0.8880771242935163,-0.8880771242935163,0.95,1.048749950330511,0.6526958398540609,0.960254422973856,0.34660421545667447,0.14807166378299938,0.0,0.0,0.0,0.0,0,0
-0.9172937404298327,65.0,40.0,-0.9172937404298327,-0.9172937404298327,0.95,1.089867684853012,0.6517600690865343,1.0143673376087183,0.35185185185185186,0.1481319042789397,0.0,0.0,0.0,0.0,0,0
-0.9226138226977301,70.0,40.0,-0.9226138226977301,-0.9226138226977301,0.95,1.0983699660481967,0.6241837706978415,1.0544173318530345,0.36384439359267734,0.14958201444687932,0.0,0.0,0.0,0.0,0,0
-0.9925798811382248,75.0,40.0,-0.9925798811382248,-0.9925798811382248,0.95,1.1157650788995004,0.6465070725310218,1.2488976041331923,0.2757731958762887,0.15453302228300217,0.0,0.0,0.0,0.0,0,0
-0.9635726398645765,80.0,40.0,-0.9635726398645765,-0.9635726398645765,0.95,1.0812890678705875,0.618500137994686,1.196544239401292,0.22704081632653061,0.16283294595388847,0.0,0.0,0.0,0.0,0,0
-0.9251963589016607,85.0,40.0,-0.9251963589016607,-0.9251963589016607,0.95,1.040429285148144,0.5708306345447844,1.1503312359640683,0.21265822784810126,0.17692307692307693,0.0,0.0,0.0,0.0,0,0
-0.8899229196516096,90.0,40.0,-0.8899229196516096,-0.8899229196516096,0.95,0.9869088978593954,0.5241865177832747,1.1408730348008953,0.21105527638190955,0.1908608665212591,0.0,0.0,0.0,0.0,0,0
-0.8441213372904631,95.0,40.0,-0.8441213372904631,-0.8441213372904631,0.95,0.907128975802875,0.4870271183677082,1.1270518695095444,0.2225,0.20320913494060666,0.0,0.0,0.0,0.0,0,0
-0.801250919590888,100.0,40.0,-0.801250919590888,-0.801250919590888,0.95,0.8561224084330696,0.45935597255823873,1.0985451191453195,0.30673316708229426,0.2150326797385621,0.0,0.0,0.0,0.0,0,0
-0.7616207996000564,105.0,40.0,-0.7616207996000564,-0.7616207996000564,0.95,0.8148300882984886,0.4198686171859054,1.065460697362481,0.3564356435643564,0.23028668904418642,0.0,0.0,0.0,0.0,0,0
-0.7177439670106992,110.0,40.0,-0.7177439670106992,-0.7177439670106992,0.95,0.7812116976951771,0.3775514447910452,1.011958613343409,0.4211822660098522,0.24599510512849038,0.0,0.0,0.0,0.0,0,0
-0.6632910737198832,115.0,40.0,-0.6632910737198832,-0.6632910737198832,0.95,0.7387539206123708,0.33987612925997024,0.940148887713661,0.5221674876847291,0.2606763067574411,0.0,0.0,0.0,0.0,0,0
-0.615637076780419,120.0,40.0,-0.615637076780419,-0.615637076780419,0.95,0.6927325056409658,0.312124628044829,0.8655810818160079,0.5588235294117647,0.2784157287362872,0.0,0.0,0.0,0.0,0,0
-0.5610937919047613,125.0,40.0,-0.5610937919047613,-0.5610937919047613,0.95,0.6420918063248022,0.2866748932958998,0.7888899695693152,0.6463414634146342,0.3006295146645006,0.0,0.0,0.0,0.0,0,0
-0.5005934132826043,130.0,40.0,-0.5005934132826043,-0.5005934132826043,0.95,0.5843494086070309,0.24320631169421858,0.7103469015263353,0.7153465346534653,0.3215224259603744,0.0,0.0,0.0,0.0,0,0
-0.4504715774168615,135.0,40.0,-0.4504715774168615,-0.4504715774168615,0.95,0.527942044140787,0.2135511299238027,0.639239918356259,0.7390300230946882,0.3421471232630031,0.0,0.0,0.0,0.0,0,0
-0.41193041244177686,140.0,40.0,-0.41193041244177686,-0.41193041244177686,0.95,0.49646393069095374,0.19767723322552813,0.5609894837578923,0.7632183908045977,0.3492087506429847,0.0,0.0,0.0,0.0,0,0
-0.3661756342522177,145.0,40.0,-0.3661756342522177,-0.3661756342522177,0.95,0.4506118929385282,0.1930722738695845,0.48352479765603207,0.832183908045977,0.34651817328935025,0.0,0.0,0.0,0.0,0,0
-0.337803694775825,150.0,40.0,-0.337803694775825,-0.337803694775825,0.95,0.43377355690992897,0.19659902313169464,0.41735967411112107,0.8919540229885058,0.34121865959498554,0.0,0.0,0.0,0.0,0,0
-0.3002633710517203,155.0,40.0,-0.3002633710517203,-0.3002633710517203,0.95,0.3906175122190376,0.19696707752790865,0.3558965309800204,0.9419953596287703,0.3326162947028771,0.0,0.0,0.0,0.0,0,0
-0.3305056147262617,160.0,40.0,-0.3305056147262617,-0.3305056147262617,0.95,0.474223365711543,0.17050862127809488,0.36385202358405433,0.9277389277389277,0.31067338791922844,0.0,0.0,0.0,0.0,0,0
-0.3558040256311773,165.0,40.0,-0.3558040256311773,-0.3558040256311773,0.95,0.4883006989335514,0.17340480804861289,0.4387627343219487,0.9255813953488372,0.2808972951673281,0.0,0.0,0.0,0.0,0,0
-0.37206246781429614,170.0,40.0,-0.37206246781429614,-0.37206246781429614,0.95,0.5022062541727991,0.13911989137037484,0.5145411496809192,0.9223529411764706,0.2491887506760411,0.0,0.0,0.0,0.0,0,0
-0.4297265559760278,175.0,40.0,-0.4297265559760278,-0.4297265559760278,0.95,0.5528226452138024,0.203329072002854,0.5886080893704941,0.8938679245283019,0.21612327740000517,0.0,0.0,0.0,0.0,0,0
-0.4545346771864269,180.0,40.0,-0.4545346771864269,-0.4545346771864269,0.95,0.5465589231971907,0.2285009752959089,0.652793336430217,0.8441247002398081,0.18298828993527347,0.0,0.0,0.0,0.0,0,0
-0.4837835374057103,185.0,40.0,-0.4837835374057103,-0.4837835374057103,0.95,0.5866414865781914,0.22572759135429984,0.6955994568518689,0.8120481927710843,0.14732226599137122,0.0,0.0,0.0,0.0,0,0
-0.5064373546143651,190.0,40.0,-0.5064373546143651,-0.5064373546143651,0.95,0.6110051299520657,0.22343285519197997,0.7415787709900974,0.7921760391198044,0.12279762701280164,0.0,0.0,0.0,0.0,0,0
-0.5286467017252982,195.0,40.0,-0.5286467017252982,-0.5286467017252982,0.95,0.6282544566673345,0.22343285519197997,0.793263894212209,0.7682926829268293,0.10835060135438251,0.0,0.0,0.0,0.0,0,0
-0.4922465199736964,200.0,40.0,-0.4922465199736964,-0.4922465199736964,0.95,0.5314873186470026,0.21929404194753488,0.8037899400523448,0.7611940298507462,0.09731261163234721,0.0,0.0,0.0,0.0,0,0
-0.5046253042850721,205.0,40.0,-0.5046253042850721,-0.5046253042850721,0.95,0.5480882966952507,0.2140306021082674,0.8245590432899168,0.7425742574257426,0.08658616123485582,0.0,0.0,0.0,0.0,0,0
-0.5097707023928678,210.0,40.0,-0.5097707023928678,-0.5097707023928678,0.95,0.5447695807097168,0.2140306021082674,0.8454208783276567,0.73,0.07708488707857648,0.0,0.0,0.0,0.0,0,0
-0.5761173387166679,215.0,40.0,-0.5761173387166679,-0.5761173387166679,0.95,0.6699433151275033,0.23494852262537597,0.8668239385384835,0.6730310262529833,0.06949448426995505,0.0,0.0,0.0,0.0,0,0
-0.5273009553078657,220.0,40.0,-0.5273009553078657,-0.5273009553078657,0.95,0.5495199564322677,0.23293640920155784,0.8776324966636497,0.7014925373134329,0.06398375015868986,0.0,0.0,0.0,0.0,0,0
-0.5001042835366765,225.0,40.0,-0.5001042835366765,-0.5001042835366765,0.95,0.48174258129566083,0.23494852262537597,0.8987676749087631,0.7602179836512262,0.061178731582319026,0.0,0.0,0.0,0.0,0,0
-0.5034516128002515,230.0,40.0,-0.5034516128002515,-0.5034516128002515,0.95,0.49250929889077755,0.2317730958730113,0.902750871468948,0.7718309859154929,0.05886687838857404,0.0,0.0,0.0,0.0,0,0
-0.5119952711090784,235.0,40.0,-0.5119952711090784,-0.5119952711090784,0.95,0.4973064584541883,0.2461351924245072,0.9120379114262814,0.7647058823529411,0.05783216176342966,0.0,0.0,0.0,0.0,0,0
-0.5123072925879594,240.0,40.0,-0.5123072925879594,-0.5123072925879594,0.95,0.4937256202513633,0.24206628505462938,0.9211566951549138,0.7598870056497176,0.057359661981546954,0.0,0.0,0.0,0.0,0,0
-0.5165429867326551,245.0,40.0,-0.5165429867326551,-0.5165429867326551,0.95,0.4946930455334442,0.24765689426175064,0.9286821574689906,0.7541899441340782,0.057533775062387056,0.0,0.0,0.0,0.0,0,0
-0.5406116615831091,250.0,40.0,-0.5406116615831091,-0.5406116615831091,0.95,0.5226065992097533,0.27309766371258415,0.9363018495769424,0.707808564231738,0.05904065405246908,0.0,0.0,0.0,0.0,0,0
-0.535526328136709,255.0,40.0,-0.535526328136709,-0.535526328136709,0.95,0.5143408794938964,0.27309766371258415,0.9283565059831697,0.7057356608478803,0.06140077011135394,0.0,0.0,0.0,0.0,0,0
-0.5345675217866197,260.0,40.0,-0.5345675217866197,-0.5345675217866197,0.95,0.508420877599551,0.2785771487057036,0.9279237949331225,0.7042606516290727,0.06487433225326211,0.0,0.0,0.0,0.0,0,0
-0.531735769288213,265.0,40.0,-0.531735769288213,-0.531735769288213,0.95,0.5016658472239917,0.278239782740747,0.9279237949331225,0.7047146401985112,0.06810645956345196,0.0,0.0,0.0,0.0,0,0
-0.5262135895575938,270.0,40.0,-0.5262135895575938,-0.5262135895575938,0.95,0.49214154690596773,0.278239782740747,0.9202691815211606,0.7027027027027027,0.07124984248708394,0.0,0.0,0.0,0.0,0,0
-0.5239739298333537,275.0,40.0,-0.5239739298333537,-0.5239739298333537,0.95,0.48506637430662697,0.278239782740747,0.9196824158347424,0.6953316953316954,0.07423141010382144,0.0,0.0,0.0,0.0,0,0
-0.5205193953780215,280.0,40.0,-0.5205193953780215,-0.5205193953780215,0.95,0.47505444500842503,0.278239782740747,0.9195453077847536,0.6894865525672371,0.07793713420221021,0.0,0.0,0.0,0.0,0,0
-0.5403336889986841,285.0,40.0,-0.5403336889986841,-0.5403336889986841,0.95,0.525594626277774,0.2782397827407479,0.9126197616857405,0.6761904761904762,0.08200860832137734,0.0,0.0,0.0,0.0,0,0
-0.5286192167321188,290.0,40.0,-0.5286192167321188,-0.5286192167321188,0.95,0.5039637633157551,0.2689388795780443,0.9113509297256103,0.6803874092009685,0.08730111904340472,0.0,0.0,0.0,0.0,0,0
-0.5393781203317726,295.0,40.0,-0.5393781203317726,-0.5393781203317726,0.95,0.5132821546396695,0.2914207099406575,0.9111817873775957,0.6658536585365854,0.09322051053665054,0.0,0.0,0.0,0.0,0,0
-0.5424997958756625,300.0,40.0,-0.5424997958756625,-0.5424997958756625,0.95,0.5075860102703971,0.3072650591847643,0.9033328262932105,0.6318407960199005,0.099695984904078,0.0,0.0,0.0,0.0,0,0
-0.5547686545125248,305.0,40.0,-0.5547686545125248,-0.5547686545125248,0.95,0.520808480376549,0.3232149941116021,0.8968092315146783,0.5856079404466501,0.10766518673282842,0.0,0.0,0.0,0.0,0,0
-0.5589679557331041,310.0,40.0,-0.5589679557331041,-0.5589679557331041,0.95,0.5379082672734499,0.32104590316240156,0.8947741958918934,0.6015037593984962,0.11682062688667469,0.0,0.0,0.0,0.0,0,0
-0.5642819123721093,315.0,40.0,-0.5642819123721093,-0.5642819123721093,0.95,0.5605637464329128,0.3103443730569886,0.8884777733668584,0.5964912280701754,0.12776576276825818,0.0,0.0,0.0,0.0,0,0
-0.5655160440064937,320.0,40.0,-0.5655160440064937,-0.5655160440064937,0.95,0.5716802676129077,0.3008940638457808,0.8870908210553794,0.6015228426395939,0.13943186084344888,0.0,0.0,0.0,0.0,0,0
-0.5708278429995247,325.0,40.0,-0.5708278429995247,-0.5708278429995247,0.95,0.5919596722619609,0.29421424179977684,0.8763050889226188,0.5858585858585859,0.15362242199894235,0.0,0.0,0.0,0.0,0,0
-0.5895568476438284,330.0,40.0,-0.5895568476438284,-0.5895568476438284,0.95,0.6285124494412391,0.31642172465788954,0.8616959508930743,0.5637755102040817,0.17074402423970372,0.0,0.0,0.0,0.0,0,0
-0.6011072211435704,335.0,40.0,-0.6011072211435704,-0.6011072211435704,0.95,0.6505884860715099,0.3236930269976823,0.8454208783276567,0.5140664961636828,0.1910808949055078,0.0,0.0,0.0,0.0,0,0
-0.6048118366821644,340.0,40.0,-0.6048118366821644,-0.6048118366821644,0.95,0.6729508231235981,0.3236102524303975,0.8240178181168298,0.5127551020408163,0.21028846153846154,0.0,0.0,0.0,0.0,0,0
-0.6005130353099762,345.0,40.0,-0.6005130353099762,-0.6005130353099762,0.95,0.6863666923247305,0.31398608506704717,0.7960331946071355,0.5153846153846153,0.2265146066646118,0.0,0.0,0.0,0.0,0,0
-0.6011947101122734,350.0,40.0,-0.6011947101122734,-0.6011947101122734,0.95,0.699531999731341,0.3109655595520583,0.7812116976951762,0.5166240409207161,0.24421245421245422,0.0,0.0,0.0,0.0,0,0
-0.5871029275458585,355.0,40.0,-0.5871029275458585,-0.5871029275458585,0.95,0.7127056363294741,0.27412350530548885,0.7495763152142624,0.5390428211586902,0.2602739726027397,0.0,0.0,0.0,0.0,0,0
-0.5331707402461496,0.0,45.0,-0.5331707402461496,-0.5331707402461496,0.95,0.6072540399802351,0.27743971687229924,0.7066196652294978,0.5574572127139364,0.26932570622575713,0.0,0.0,0.0,0.0,0,0
-0.5328844311914851,5.0,45.0,-0.5328844311914851,-0.5328844311914851,0.95,0.6515024149051496,0.26918477216223874,0.658784040211773,0.5970873786407767,0.25140867115354515,0.0,0.0,0.0,0.0,0,0
-0.5372020125537784,10.0,45.0,-0.5372020125537784,-0.5372020125537784,0.95,0.6845119957838279,0.2877480567119592,0.6070172708372651,0.6029411764705882,0.22296077150651247,0.0,0.0,0.0,0.0,0,0
-0.5466765326037853,15.0,45.0,-0.5466765326037853,-0.5466765326037853,0.95,0.7116203919380641,0.29995613748260586,0.5723548966958301,0.5604938271604938,0.2074861888834605,0.0,0.0,0.0,0.0,0,0
-0.5587587226025978,20.0,45.0,-0.5587587226025978,-0.5587587226025978,0.95,0.7319961059767189,0.3321097220510606,0.5366333595808943,0.5122549019607843,0.20024934912544462,0.0,0.0,0.0,0.0,0,0
-0.5795550307548992,25.0,45.0,-0.5795550307548992,-0.5795550307548992,0.95,0.7476171785065512,0.3978452985930233,0.5027239241819452,0.44634146341463415,0.1961844083327368,0.0,0.0,0.0,0.0,0,0
-0.6233019387653652,30.0,45.0,-0.6233019387653652,-0.6233019387653652,0.95,0.768966331389526,0.4386233615818962,0.5589321408073432,0.336734693877551,0.19248498393630395,0.0,0.0,0.0,0.0,0,0
-0.6449022395005403,35.0,45.0,-0.6449022395005403,-0.6449022395005403,0.95,0.7879906698605152,0.4525255809629456,0.5927231757287126,0.3160621761658031,0.19006523511823864,0.0,0.0,0.0,0.0,0,0
-0.644842257092246,40.0,45.0,-0.644842257092246,-0.644842257092246,0.95,0.7811782009844686,0.4805986654499331,0.5528852413439013,0.26,0.18776252687282952,0.0,0.0,0.0,0.0,0,0
-0.6599652376372305,45.0,45.0,-0.6599652376372305,-0.6599652376372305,0.95,0.7831583979868288,0.49389940673986565,0.6209081070301302,0.32,0.18652649230868457,0.0,0.0,0.0,0.0,0,0
-0.6863336986727345,50.0,45.0,-0.6863336986727345,-0.6863336986727345,0.95,0.8036672877136075,0.5326997006807282,0.6743983563617046,0.3690773067331671,0.18323997734281577,0.0,0.0,0.0,0.0,0,0
-0.731001020059514,55.0,45.0,-0.731001020059514,-0.731001020059514,0.95,0.8561224084330696,0.5778826256923226,0.7277040471681095,0.37844611528822053,0.17709037291884253,0.0,0.0,0.0,0.0,0,0
-0.7426944799819735,60.0,45.0,-0.7426944799819735,-0.7426944799819735,0.95,0.8882269987493094,0.5356239268466484,0.7812116976951771,0.4180522565320665,0.17517411885307685,0.0,0.0,0.0,0.0,0,0
-0.7551248586979016,65.0,45.0,-0.7551248586979016,-0.7551248586979016,0.95,0.9074897529390532,0.5157921296193501,0.8240178181168298,0.42823529411764705,0.17557932263814616,0.0,0.0,0.0,0.0,0,0
-0.764175614108416,70.0,45.0,-0.764175614108416,-0.764175614108416,0.95,0.9188796002218553,0.503450961033359,0.8552794291629832,0.43058823529411766,0.18231132075471698,0.0,0.0,0.0,0.0,0,0
-0.7636593023146602,75.0,45.0,-0.7636593023146602,-0.7636593023146602,0.95,0.9163217467622501,0.4953773808326635,0.8668539537941705,0.43427230046948356,0.19360437750058837,0.0,0.0,0.0,0.0,0,0
-0.7600938272807428,80.0,45.0,-0.7600938272807428,-0.7600938272807428,0.95,0.9024939260024377,0.4733798613112735,0.8992289424315735,0.4405594405594406,0.20725861004088114,0.0,0.0,0.0,0.0,0,0
-0.7461335033318249,85.0,45.0,-0.7461335033318249,-0.7461335033318249,0.95,0.8754454621295504,0.44326326964033813,0.9146756513385043,0.43529411764705883,0.22022266729500473,0.0,0.0,0.0,0.0,0,0
-0.7189047285361775,90.0,45.0,-0.7189047285361775,-0.7189047285361775,0.95,0.8342528152746932,0.40183963090475644,0.9184140311368928,0.4485981308411215,0.23415326395458846,0.0,0.0,0.0,0.0,0,0
-0.691451966989758,95.0,45.0,-0.691451966989758,-0.691451966989758,0.95,0.7951709359875236,0.3664925467129756,0.9096300589601363,0.45647058823529413,0.24593128390596744,0.0,0.0,0.0,0.0,0,0
-0.64883058081339,100.0,45.0,-0.64883058081339,-0.64883058081339,0.95,0.7464546704393156,0.3295902817078864,0.8882269987493103,0.5420560747663551,0.2580414581844174,0.0,0.0,0.0,0.0,0,0
-0.6068736684956503,105.0,45.0,-0.6068736684956503,-0.6068736684956503,0.95,0.695324689708844,0.3003024700139534,0.8565331655507761,0.6046511627906976,0.2720729366602687,0.0,0.0,0.0,0.0,0,0
-0.5721188466685065,110.0,45.0,-0.5721188466685065,-0.5721188466685065,0.95,0.6527933364302161,0.27137300288383387,0.8240349146607248,0.6285046728971962,0.28429183513366724,0.0,0.0,0.0,0.0,0,0
-0.5455929862443885,115.0,45.0,-0.5455929862443885,-0.5455929862443885,0.95,0.6261768916234438,0.2567854901335215,0.7824190245767974,0.6467889908256881,0.3002614935538798,0.0,0.0,0.0,0.0,0,0
-0.5107168674542247,120.0,45.0,-0.5107168674542247,-0.5107168674542247,0.95,0.5885841557977347,0.23815718400487898,0.72933077672256,0.6658878504672897,0.31924911524849975,0.0,0.0,0.0,0.0,0,0
-0.4697469106157045,125.0,45.0,-0.4697469106157045,-0.4697469106157045,0.95,0.5457780353760819,0.2217098849464346,0.6676009760320232,0.7089201877934272,0.33307475098519873,0.0,0.0,0.0,0.0,0,0
-0.42761279975147237,130.0,45.0,-0.42761279975147237,-0.42761279975147237,0.95,0.5029719149544283,0.20744486316603797,0.6055112250743588,0.7681498829039812,0.339100669052435,0.0,0.0,0.0,0.0,0,0
-0.38253426318772976,135.0,45.0,-0.38253426318772976,-0.38253426318772976,0.95,0.45527886491155994,0.18072678357732533,0.5394474976373728,0.7962085308056872,0.3444708382821779,0.0,0.0,0.0,0.0,0,0
-0.33464459850234973,140.0,45.0,-0.33464459850234973,-0.33464459850234973,0.95,0.40862596612365015,0.16585730826628453,0.4689195399452741,0.875,0.3523881394836965,0.0,0.0,0.0,0.0,0,0
-0.306052798964677,145.0,45.0,-0.306052798964677,-0.306052798964677,0.95,0.3847904420391807,0.16447053146066537,0.40669277956526007,0.9065420560747663,0.3522018522018522,0.0,0.0,0.0,0.0,0,0
-0.2800817794549303,150.0,45.0,-0.2800817794549303,-0.2800817794549303,0.95,0.3510061307280051,0.17817640908236854,0.36002807905972395,0.9487179487179487,0.34849720775553744,0.0,0.0,0.0,0.0,0,0
-0.26599176613171005,155.0,45.0,-0.26599176613171005,-0.26599176613171005,0.95,0.3216862996609595,0.16947198928506318,0.3627353844098342,0.957345971563981,0.3260569218016027,0.0,0.0,0.0,0.0,0,0
-0.2887647876714132,160.0,45.0,-0.2887647876714132,-0.2887647876714132,0.95,0.34033122665222965,0.17340480804861064,0.41735967411112185,0.9505882352941176,0.30072874977599906,0.0,0.0,0.0,0.0,0,0
-0.3074671065033814,165.0,45.0,-0.3074671065033814,-0.3074671065033814,0.95,0.35275019853180456,0.16284662204008843,0.48156885474360234,0.9473684210526315,0.2740003472021295,0.0,0.0,0.0,0.0,0,0
-0.33679470371740444,170.0,45.0,-0.33679470371740444,-0.33679470371740444,0.95,0.3844661304660708,0.1630390142582226,0.5460274846886484,0.9425837320574163,0.24626678203589472,0.0,0.0,0.0,0.0,0,0
-0.37419806379768833,175.0,45.0,-0.37419806379768833,-0.37419806379768833,0.95,0.41023033475665566,0.1918822867040717,0.6099872160085624,0.9036144578313253,0.22541149760804347,0.0,0.0,0.0,0.0,0,0
-0.4049780323893638,180.0,45.0,-0.4049780323893638,-0.4049780323893638,0.95,0.45001918455321993,0.1918822867040717,0.652793336430217,0.8619854721549637,0.1976384301282218,0.0,0.0,0.0,0.0,0,0
-0.42109645833831993,185.0,45.0,-0.42109645833831993,-0.42109645833831993,0.95,0.4655877631036391,0.1918822867040717,0.6849714386418206,0.843520782396088,0.1670482257502613,0.0,0.0,0.0,0.0,0,0
-0.4515735897090689,190.0,45.0,-0.4515735897090689,-0.4515735897090689,0.95,0.5078652110421195,0.1918822867040859,0.7285604077321253,0.8168316831683168,0.1434113139294129,0.0,0.0,0.0,0.0,0,0
-0.45798354049303247,195.0,45.0,-0.45798354049303247,-0.45798354049303247,0.95,0.49442380802248176,0.18627603307071905,0.7785800360654398,0.81,0.1275020061905308,0.0,0.0,0.0,0.0,0,0
-0.46786834433311647,200.0,45.0,-0.46786834433311647,-0.46786834433311647,0.95,0.5043338874818682,0.18361291612693947,0.7950676553759514,0.7853535353535354,0.11664638867381927,0.0,0.0,0.0,0.0,0,0
-0.47659497715360066,205.0,45.0,-0.47659497715360066,-0.47659497715360066,0.95,0.5108727526717907,0.18397955889739115,0.813316288011416,0.7707808564231738,0.10727502192560269,0.0,0.0,0.0,0.0,0,0
-0.4887092711417066,210.0,45.0,-0.4887092711417066,-0.4887092711417066,0.95,0.5248120389006238,0.19262754189744058,0.8240178181168298,0.7537688442211056,0.09798791503145829,0.0,0.0,0.0,0.0,0,0
-0.5581984330976018,215.0,45.0,-0.5581984330976018,-0.5581984330976018,0.95,0.6652062199656501,0.20516850598244446,0.8454208783276567,0.7053140096618358,0.08999919120025882,0.0,0.0,0.0,0.0,0,0
-0.49877493465862655,220.0,45.0,-0.49877493465862655,-0.49877493465862655,0.95,0.5158846593353205,0.20445451066677278,0.8561388639403116,0.7272727272727273,0.0837945757887246,0.0,0.0,0.0,0.0,0,0
-0.5065573027555818,225.0,45.0,-0.5065573027555818,-0.5065573027555818,0.95,0.5225071974095788,0.21424979844211206,0.8673384551005231,0.7284263959390863,0.07986698559010559,0.0,0.0,0.0,0.0,0,0
-0.48044385156802993,230.0,45.0,-0.48044385156802993,-0.48044385156802993,0.95,0.4721460580880181,0.20516850598244346,0.8793804902620126,0.7955182072829131,0.0772212627134907,0.0,0.0,0.0,0.0,0,0
-0.4835462847874265,235.0,45.0,-0.4835462847874265,-0.4835462847874265,0.95,0.4780828782014798,0.20516850598244257,0.8910405497840262,0.8173913043478261,0.07547026410792324,0.0,0.0,0.0,0.0,0,0
-0.4937208465799267,240.0,45.0,-0.4937208465799267,-0.4937208465799267,0.95,0.4752728728509414,0.22473213221368038,0.9016923734219575,0.7799442896935933,0.07494521272576135,0.0,0.0,0.0,0.0,0,0
-0.4948071270284109,245.0,45.0,-0.4948071270284109,-0.4948071270284109,0.95,0.4793024583512986,0.21446899477595677,0.911018437118466,0.7828571428571428,0.07474328780028262,0.0,0.0,0.0,0.0,0,0
-0.5003146206259981,250.0,45.0,-0.5003146206259981,-0.5003146206259981,0.95,0.4793024583512986,0.22473213221368127,0.9182138454996618,0.7714285714285715,0.07565975761694416,0.0,0.0,0.0,0.0,0,0
-0.5099409274350948,255.0,45.0,-0.5099409274350948,-0.5099409274350948,0.95,0.488415735451934,0.23702407826739216,0.9207508945404682,0.7486910994764397,0.07798983153741083,0.0,0.0,0.0,0.0,0,0
-0.5034429170294961,260.0,45.0,-0.5034429170294961,-0.5034429170294961,0.95,0.47008021918251275,0.23563296707228126,0.9281156135115773,0.7552631578947369,0.08104332516840171,0.0,0.0,0.0,0.0,0,0
-0.5042829909410013,265.0,45.0,-0.5042829909410013,-0.5042829909410013,0.95,0.4689614709657293,0.23899721564364698,0.9306684572383764,0.7571801566579635,0.084190977327246,0.0,0.0,0.0,0.0,0,0
-0.5065405393572828,270.0,45.0,-0.5065405393572828,-0.5065405393572828,0.95,0.4703629871190118,0.24346856629832475,0.9301128117403877,0.75,0.0872159202417867,0.0,0.0,0.0,0.0,0,0
-0.5072692220510865,275.0,45.0,-0.5072692220510865,-0.5072692220510865,0.95,0.4690380507048997,0.24520458068217274,0.9300866182101902,0.7416879795396419,0.08990756235556618,0.0,0.0,0.0,0.0,0,0
-0.5055031758301406,280.0,45.0,-0.5055031758301406,-0.5055031758301406,0.95,0.4642867898522461,0.24304364112464855,0.9280293903515118,0.7297979797979798,0.09363455527138391,0.0,0.0,0.0,0.0,0,0
-0.5032768742744435,285.0,45.0,-0.5032768742744435,-0.5032768742744435,0.95,0.4631021670305609,0.23641167068401575,0.9279237949331225,0.7304785894206549,0.09809739195385606,0.0,0.0,0.0,0.0,0,0
-0.4974580107723501,290.0,45.0,-0.4974580107723501,-0.4974580107723501,0.95,0.4586170007087385,0.2354336623190938,0.920103565423127,0.748730964467005,0.10357895633290043,0.0,0.0,0.0,0.0,0,0
-0.4978646806806279,295.0,45.0,-0.4978646806806279,-0.4978646806806279,0.95,0.456190169239359,0.25244171412933825,0.9195453077847536,0.7760814249363868,0.10923120641790718,0.0,0.0,0.0,0.0,0,0
-0.4973868486500033,300.0,45.0,-0.4973868486500033,-0.4973868486500033,0.95,0.4493306887797993,0.27414433802770755,0.9128004851368718,0.7908163265306123,0.11597798628653916,0.0,0.0,0.0,0.0,0,0
-0.5017829514350352,305.0,45.0,-0.5017829514350352,-0.5017829514350352,0.95,0.4545181315081803,0.2901379251827514,0.9006509460936677,0.7772151898734178,0.12359000652558963,0.0,0.0,0.0,0.0,0,0
-0.5120333878216615,310.0,45.0,-0.5120333878216615,-0.5120333878216615,0.95,0.44716009229408143,0.29695683070743173,0.894244745936674,0.6463104325699746,0.13285527399583313,0.0,0.0,0.0,0.0,0,0
-0.507994314864781,315.0,45.0,-0.507994314864781,-0.507994314864781,0.95,0.444016589754491,0.28894131284616087,0.8837721937034516,0.627906976744186,0.14332576331062327,0.0,0.0,0.0,0.0,0,0
-0.5073355128173774,320.0,45.0,-0.5073355128173774,-0.5073355128173774,0.95,0.455448017110035,0.2782397827407479,0.8703021078193725,0.6197916666666666,0.15548402416822776,0.0,0.0,0.0,0.0,0,0
-0.5178179484622581,325.0,45.0,-0.5178179484622581,-0.5178179484622581,0.95,0.4802127439997493,0.2849280524783989,0.8632665088657717,0.6131578947368421,0.16958463971587914,0.0,0.0,0.0,0.0,0,0
-0.5345082043486542,330.0,45.0,-0.5345082043486542,-0.5345082043486542,0.95,0.5089209116915387,0.30924371301744036,0.8465366430460425,0.5800524934383202,0.18593096998567962,0.0,0.0,0.0,0.0,0,0
-0.5395775943768754,335.0,45.0,-0.5395775943768754,-0.5395775943768754,0.95,0.5277313701683762,0.29709860185962045,0.8273127875669606,0.5261780104712042,0.20382106532290475,0.0,0.0,0.0,0.0,0,0
-0.5449025546082243,340.0,45.0,-0.5449025546082243,-0.5449025546082243,0.95,0.5499037135318027,0.29587207254023046,0.813316288011416,0.5235602094240838,0.22078517402835532,0.0,0.0,0.0,0.0,0,0
-0.5438295303565454,345.0,45.0,-0.5438295303565454,-0.5438295303565454,0.95,0.5628573287448672,0.29275483865208135,0.7919132278005891,0.5248041775456919,0.23910323253388946,0.0,0.0,0.0,0.0,0,0
-0.5400098333642903,350.0,45.0,-0.5400098333642903,-0.5400098333642903,0.95,0.575646860112272,0.27495185676590134,0.7770395134986379,0.5324675324675324,0.2582786341175603,0.0,0.0,0.0,0.0,0,0
-0.534404913347242,355.0,45.0,-0.534404913347242,-0.534404913347242,0.95,0.5893527377339751,0.254431022408377,0.7575711893817414,0.5433673469387755,0.2723657284065022,0.0,0.0,0.0,0.0,0,0
-0.5034706815079513,0.0,50.0,-0.5034706815079513,-0.5034706815079513,0.95,0.5359099122250918,0.2783653929311301,0.7102565954917476,0.5804878048780487,0.27209230531758893,0.0,0.0,0.0,0.0,0,0
-0.49416259950822533,5.0,50.0,-0.49416259950822533,-0.49416259950822533,0.95,0.5668586735340945,0.2399224385095634,0.6745302012717719,0.6119402985074627,0.2610646858557722,0.0,0.0,0.0,0.0,0,0
-0.49317998402692526,10.0,50.0,-0.49317998402692526,-0.49317998402692526,0.95,0.5923693638231449,0.25222069986658097,0.6247082541240883,0.63,0.2397111085635676,0.0,0.0,0.0,0.0,0,0
-0.49577159508918167,15.0,50.0,-0.49577159508918167,-0.49577159508918167,0.95,0.6152833855230968,0.2699252755074656,0.5758540899974178,0.6178660049627791,0.22065904303340356,0.0,0.0,0.0,0.0,0,0
-0.4985217275025139,20.0,50.0,-0.4985217275025139,-0.4985217275025139,0.95,0.6329504769225441,0.2835894814722894,0.5248036924887226,0.5675675675675675,0.2158422435162233,0.0,0.0,0.0,0.0,0,0
-0.5089508312234149,25.0,50.0,-0.5089508312234149,-0.5089508312234149,0.95,0.6504608651993099,0.32235707319172036,0.48359995649195386,0.5272277227722773,0.21160980577580563,0.0,0.0,0.0,0.0,0,0
-0.5316991415414801,30.0,50.0,-0.5316991415414801,-0.5316991415414801,0.95,0.6709330698597182,0.3563528181647371,0.4887457080205059,0.4794871794871795,0.21107414958686554,0.0,0.0,0.0,0.0,0,0
-0.5342373000169998,35.0,50.0,-0.5342373000169998,-0.5342373000169998,0.95,0.6772862544104611,0.36034760950903627,0.4678179553615213,0.4371859296482412,0.210668918681164,0.0,0.0,0.0,0.0,0,0
-0.5271844732927154,40.0,50.0,-0.5271844732927154,-0.5271844732927154,0.95,0.678338883110724,0.36063681161574584,0.4577588685779574,0.4875,0.2108831770851351,0.0,0.0,0.0,0.0,0,0
-0.5475006597935262,45.0,50.0,-0.5475006597935262,-0.5475006597935262,0.95,0.684897926746455,0.37401775878714105,0.5074899697445351,0.46835443037974683,0.21211091477504418,0.0,0.0,0.0,0.0,0,0
-0.567563085471512,50.0,50.0,-0.567563085471512,-0.567563085471512,0.95,0.6865031562622669,0.39409672474401525,0.5465947882279337,0.4221105527638191,0.21346475108586702,0.0,0.0,0.0,0.0,0,0
-0.5944727462061693,55.0,50.0,-0.5944727462061693,-0.5944727462061693,0.95,0.7280522613525995,0.4253842222084401,0.5707556745725598,0.4578313253012048,0.21597078274602705,0.0,0.0,0.0,0.0,0,0
-0.6153426486261272,60.0,50.0,-0.6153426486261272,-0.6153426486261272,0.95,0.7452140384075294,0.4401107374849876,0.6145633285818284,0.46411483253588515,0.21344679198886984,0.0,0.0,0.0,0.0,0,0
-0.6249251216976591,65.0,50.0,-0.6249251216976591,-0.6249251216976591,0.95,0.7608102318347334,0.418501493124589,0.6533763069410002,0.47368421052631576,0.2134680993527405,0.0,0.0,0.0,0.0,0,0
-0.633445205327142,70.0,50.0,-0.633445205327142,-0.633445205327142,0.95,0.7699948436195152,0.4126647137755804,0.6794625219929711,0.4758454106280193,0.21635192319838312,0.0,0.0,0.0,0.0,0,0
-0.6321747166665744,75.0,50.0,-0.6321747166665744,-0.6321747166665744,0.95,0.7700950543388004,0.3902727684451365,0.7000687606824219,0.48448687350835323,0.22253972241411793,0.0,0.0,0.0,0.0,0,0
-0.623442460366657,80.0,50.0,-0.623442460366657,-0.623442460366657,0.95,0.7525769011972412,0.3702493377451883,0.7170221648937396,0.49406175771971494,0.23411192976955636,0.0,0.0,0.0,0.0,0,0
-0.6146444700911987,85.0,50.0,-0.6146444700911987,-0.6146444700911987,0.95,0.7424723829532237,0.3425699486467707,0.7289999862914444,0.5023696682464455,0.24819284681626752,0.0,0.0,0.0,0.0,0,0
-0.5997789245086479,90.0,50.0,-0.5997789245086479,-0.5997789245086479,0.95,0.7177552316832263,0.32212296371106874,0.7342447409888515,0.5141509433962265,0.26220147017067863,0.0,0.0,0.0,0.0,0,0
-0.5709802859032683,95.0,50.0,-0.5709802859032683,-0.5709802859032683,0.95,0.6733780067707952,0.29524326335017487,0.724984653353976,0.5342789598108747,0.2769118671988849,0.0,0.0,0.0,0.0,0,0
-0.5418306831738541,100.0,50.0,-0.5418306831738541,-0.5418306831738541,0.95,0.6388031861168368,0.27730646804609227,0.7098359287671472,0.6047619047619047,0.28807473547075085,0.0,0.0,0.0,0.0,0,0
-0.5079288949295112,105.0,50.0,-0.5079288949295112,-0.5079288949295112,0.95,0.5899690850814588,0.24808975735195454,0.6955994568518697,0.6398104265402843,0.29827075570841693,0.0,0.0,0.0,0.0,0,0
-0.4828450362783543,110.0,50.0,-0.4828450362783543,-0.4828450362783543,0.95,0.5673963160051794,0.22572759135430007,0.664166896838181,0.665871121718377,0.30662498803865906,0.0,0.0,0.0,0.0,0,0
-0.45502350910935946,115.0,50.0,-0.45502350910935946,-0.45502350910935946,0.95,0.53393122764786,0.21103023650832906,0.628059887701989,0.6832151300236406,0.31550169469847156,0.0,0.0,0.0,0.0,0,0
-0.4211520786332286,120.0,50.0,-0.4211520786332286,-0.4211520786332286,0.95,0.4922703848490144,0.19027237130875924,0.5886080893704941,0.7047619047619048,0.3247024095998973,0.0,0.0,0.0,0.0,0,0
-0.3891637949653221,125.0,50.0,-0.3891637949653221,-0.3891637949653221,0.95,0.4604300484233613,0.17306461841811593,0.5459501030134134,0.7476190476190476,0.3353318505624859,0.0,0.0,0.0,0.0,0,0
-0.3497153541111613,130.0,50.0,-0.3497153541111613,-0.3497153541111613,0.95,0.4280612042165348,0.15650009605835397,0.4925469258594056,0.837708830548926,0.34558895049119737,0.0,0.0,0.0,0.0,0,0
-0.310061085896691,135.0,50.0,-0.310061085896691,-0.310061085896691,0.95,0.389520211914975,0.13871985843614962,0.4387627343219487,0.9011764705882352,0.3505620167630433,0.0,0.0,0.0,0.0,0,0
-0.27907563822270254,140.0,50.0,-0.27907563822270254,-0.27907563822270254,0.95,0.35168727379445147,0.1435878549310847,0.3888102406114946,0.946987951807229,0.3538846954711088,0.0,0.0,0.0,0.0,0,0
-0.2534635417927989,145.0,50.0,-0.2534635417927989,-0.2534635417927989,0.95,0.3184774713193555,0.15076465383893378,0.35255937564641376,0.9975845410628019,0.3457723498433007,0.0,0.0,0.0,0.0,0,0
-0.25043438345945407,150.0,50.0,-0.25043438345945407,-0.25043438345945407,0.95,0.29964284295157473,0.15076465383893378,0.3638520235840552,0.9807692307692307,0.3325677830940989,0.0,0.0,0.0,0.0,0,0
-0.25729059197368903,155.0,50.0,-0.25729059197368903,-0.25729059197368903,0.95,0.2884576692229823,0.15227630095836256,0.4066581440057089,0.9782608695652174,0.31422764227642275,0.0,0.0,0.0,0.0,0,0
-0.27231824739176835,160.0,50.0,-0.27231824739176835,-0.27231824739176835,0.95,0.2871228479288405,0.15997827825083044,0.4601657945327746,0.975669099756691,0.29348689436060366,0.0,0.0,0.0,0.0,0,0
-0.28870970589349737,165.0,50.0,-0.28870970589349737,-0.28870970589349737,0.95,0.2992540761104142,0.15076465383893378,0.5136734450598421,0.9710144927536232,0.2701111837802485,0.0,0.0,0.0,0.0,0,0
-0.31536875556025923,170.0,50.0,-0.31536875556025923,-0.31536875556025923,0.95,0.3236682432210429,0.16081498140289843,0.5671810955869088,0.9609756097560975,0.25348125036112557,0.0,0.0,0.0,0.0,0,0
-0.3534447148840949,175.0,50.0,-0.3534447148840949,-0.3534447148840949,0.95,0.3759585241713663,0.16447053146063695,0.6126527381820441,0.9121951219512195,0.2373792831601768,0.0,0.0,0.0,0.0,0,0
-0.37960699390065117,180.0,50.0,-0.37960699390065117,-0.37960699390065117,0.95,0.41032269486344236,0.15997827825083075,0.652793336430217,0.8771498771498771,0.21527096281757716,0.0,0.0,0.0,0.0,0,0
-0.4017276396950822,185.0,50.0,-0.4017276396950822,-0.4017276396950822,0.95,0.4302967525292062,0.1638682389136709,0.6955994568518689,0.8525798525798526,0.18616672351814437,0.0,0.0,0.0,0.0,0,0
-0.4129967579582218,190.0,50.0,-0.4129967579582218,-0.4129967579582218,0.95,0.4408913824971301,0.15508262703940817,0.7324451139176636,0.8524173027989822,0.16329567234944012,0.0,0.0,0.0,0.0,0,0
-0.42970123275208666,195.0,50.0,-0.42970123275208666,-0.42970123275208666,0.95,0.450552401193659,0.16052295158120078,0.775701479419605,0.8457583547557841,0.14602060951545714,0.0,0.0,0.0,0.0,0,0
-0.4423591572579147,200.0,50.0,-0.4423591572579147,-0.4423591572579147,0.95,0.4665199363345981,0.16052295158120078,0.7921975415890029,0.8242894056847545,0.13434174198267929,0.0,0.0,0.0,0.0,0,0
-0.45110988910956107,205.0,50.0,-0.45110988910956107,-0.45110988910956107,0.95,0.47658873224934006,0.16447053146065116,0.7964014123530081,0.7974358974358975,0.1261441057050444,0.0,0.0,0.0,0.0,0,0
-0.4579556726890487,210.0,50.0,-0.4579556726890487,-0.4579556726890487,0.95,0.4781007320631579,0.16857113817947741,0.813316288011416,0.7875647668393783,0.1186016361929456,0.0,0.0,0.0,0.0,0,0
-0.46619703770492155,215.0,50.0,-0.46619703770492155,-0.46619703770492155,0.95,0.485327138383234,0.17453909309630267,0.8240349146607248,0.7757731958762887,0.1107157669555347,0.0,0.0,0.0,0.0,0,0
-0.47498041114081846,220.0,50.0,-0.47498041114081846,-0.47498041114081846,0.95,0.4898142661212054,0.18442911961886282,0.834882482655637,0.7577319587628866,0.1044494882446148,0.0,0.0,0.0,0.0,0,0
-0.4832743141539555,225.0,50.0,-0.4832743141539555,-0.4832743141539555,0.95,0.4941471468832576,0.19262754189744058,0.8475086983098206,0.7441860465116279,0.09969267039952848,0.0,0.0,0.0,0.0,0,0
-0.49188539235202927,230.0,50.0,-0.49188539235202927,-0.49188539235202927,0.95,0.4989090282595968,0.20332907200285444,0.8597724851795985,0.7345360824742269,0.0968398745091521,0.0,0.0,0.0,0.0,0,0
-0.46621982364340286,235.0,50.0,-0.46621982364340286,-0.46621982364340286,0.95,0.45384537074627906,0.19262754189744058,0.8679121906435976,0.8045325779036827,0.0953686336747944,0.0,0.0,0.0,0.0,0,0
-0.46870525447109446,240.0,50.0,-0.46870525447109446,-0.46870525447109446,0.95,0.4592008732848965,0.19059616521144102,0.8780337147830968,0.8213256484149856,0.09457380244127603,0.0,0.0,0.0,0.0,0,0
-0.4708368599662466,245.0,50.0,-0.4708368599662466,-0.4708368599662466,0.95,0.46104514007346314,0.19262754189744058,0.8815779332159989,0.8213256484149856,0.09442385272254418,0.0,0.0,0.0,0.0,0,0
-0.4728293915406138,250.0,50.0,-0.4728293915406138,-0.4728293915406138,0.95,0.4579992795057963,0.1957676256216926,0.8922308621176156,0.8236994219653179,0.09516681362396703,0.0,0.0,0.0,0.0,0,0
-0.4775022028121491,255.0,50.0,-0.4775022028121491,-0.4775022028121491,0.95,0.4537779829112398,0.21231051559834446,0.8942341681535585,0.8064516129032258,0.09705119229026811,0.0,0.0,0.0,0.0,0,0
-0.4784104313943535,260.0,50.0,-0.4784104313943535,-0.4784104313943535,0.95,0.4540336793697641,0.2099961809054532,0.9025970630857437,0.8135135135135135,0.09953698897493927,0.0,0.0,0.0,0.0,0,0
-0.4791798866306985,265.0,50.0,-0.4791798866306985,-0.4791798866306985,0.95,0.45069535029367225,0.21403060210826697,0.9056405550676462,0.8101604278074866,0.10305191400104877,0.0,0.0,0.0,0.0,0,0
-0.47623263519151315,270.0,50.0,-0.47623263519151315,-0.47623263519151315,0.95,0.443711632880558,0.21403060210826697,0.9075570707297439,0.8164893617021277,0.10545315552535463,0.0,0.0,0.0,0.0,0,0
-0.47505244005939035,275.0,50.0,-0.47505244005939035,-0.47505244005939035,0.95,0.4412809166208176,0.21403060210826652,0.9114969837611878,0.8284182305630027,0.10837926283155357,0.0,0.0,0.0,0.0,0,0
-0.4728295885287105,280.0,50.0,-0.4728295885287105,-0.4728295885287105,0.95,0.43988491876065977,0.21403060210826652,0.9096420947554772,0.8404255319148937,0.11198983503844721,0.0,0.0,0.0,0.0,0,0
-0.46954428247097507,285.0,50.0,-0.46954428247097507,-0.46954428247097507,0.95,0.43988491876065977,0.20844588744080025,0.9063409043409377,0.851063829787234,0.116619378476799,0.0,0.0,0.0,0.0,0,0
-0.4673995939784851,290.0,50.0,-0.4673995939784851,-0.4673995939784851,0.95,0.4360072188786941,0.20744486316603278,0.9063409043409386,0.8544973544973545,0.12153055396916047,0.0,0.0,0.0,0.0,0,0
-0.4690640137099984,295.0,50.0,-0.4690640137099984,-0.4690640137099984,0.95,0.43592826341554064,0.21350208727587433,0.9031634829413595,0.8447368421052631,0.1274307670680849,0.0,0.0,0.0,0.0,0,0
-0.4706048540477071,300.0,50.0,-0.4706048540477071,-0.4706048540477071,0.95,0.43348405002373436,0.23132260709107402,0.8967893447685856,0.8481675392670157,0.13390238037989902,0.0,0.0,0.0,0.0,0,0
-0.47044639611093714,305.0,50.0,-0.47044639611093714,-0.47044639611093714,0.95,0.42895758643348975,0.25216690951026194,0.8873498611781615,0.8601583113456465,0.14120358895553461,0.0,0.0,0.0,0.0,0,0
-0.4696893377676538,310.0,50.0,-0.4696893377676538,-0.4696893377676538,0.95,0.42451164605084196,0.26582208161559956,0.876724551340951,0.8575197889182058,0.15015376729882113,0.0,0.0,0.0,0.0,0,0
-0.4663410076790685,315.0,50.0,-0.4663410076790685,-0.4663410076790685,0.95,0.422948430200043,0.2568367225299202,0.870847253021365,0.8475935828877005,0.16023186556051905,0.0,0.0,0.0,0.0,0,0
-0.4805256521812962,320.0,50.0,-0.4805256521812962,-0.4805256521812962,0.95,0.4189107788274024,0.2541799159448529,0.8590411080321494,0.6534391534391535,0.17187456754587474,0.0,0.0,0.0,0.0,0,0
-0.4833145791829648,325.0,50.0,-0.4833145791829648,-0.4833145791829648,0.95,0.41811252690793244,0.27176735421685166,0.8460918213190793,0.6339522546419099,0.1848868098868099,0.0,0.0,0.0,0.0,0,0
-0.4910803549542423,330.0,50.0,-0.4910803549542423,-0.4910803549542423,0.95,0.42488220627333817,0.3023149556616768,0.8270498153844419,0.6121372031662269,0.20052682572362843,0.0,0.0,0.0,0.0,0,0
-0.49578815650233005,335.0,50.0,-0.49578815650233005,-0.49578815650233005,0.95,0.43858808389504134,0.2871757098621691,0.8138646291299391,0.5490716180371353,0.21539731944356222,0.0,0.0,0.0,0.0,0,0
-0.49546795015766704,340.0,50.0,-0.49546795015766704,-0.49546795015766704,0.95,0.45255338523028765,0.2766523272317066,0.7939682816294317,0.5320855614973262,0.23112861242741775,0.0,0.0,0.0,0.0,0,0
-0.4981590120970572,345.0,50.0,-0.4981590120970572,-0.4981590120970572,0.95,0.4659998391385045,0.27743971687229924,0.7817981804062586,0.5305039787798409,0.2489369926555856,0.0,0.0,0.0,0.0,0,0
-0.4960888619616085,350.0,50.0,-0.4960888619616085,-0.4960888619616085,0.95,0.4798131343370095,0.26063146994435094,0.7711665660960272,0.5378590078328982,0.2672022997825526,0.0,0.0,0.0,0.0,0,0
-0.49817996874909953,355.0,50.0,-0.49817996874909953,-0.49817996874909953,0.95,0.5115908179450016,0.24117545126824055,0.7545375765546166,0.5538461538461539,0.2775846923576366,0.0,0.0,0.0,0.0,0,0
-0.46305018452944574,0.0,55.0,-0.46305018452944574,-0.46305018452944574,0.95,0.47549471936950805,0.22572759135430007,0.7170810868664175,0.628498727735369,0.27402256924655194,0.0,0.0,0.0,0.0,0,0
-0.4597808788725997,5.0,55.0,-0.4597808788725997,-0.4597808788725997,0.95,0.4976154408049227,0.22329273839715869,0.681575005815516,0.6548223350253807,0.2698771197795046,0.0,0.0,0.0,0.0,0,0
-0.4600316349057676,10.0,55.0,-0.4600316349057676,-0.4600316349057676,0.95,0.5161825964576454,0.2461351924245072,0.6424134073301707,0.685785536159601,0.2570797807551766,0.0,0.0,0.0,0.0,0,0
-0.4567045837437805,15.0,55.0,-0.4567045837437805,-0.4567045837437805,0.95,0.536903278879178,0.25683672252992107,0.6006606770154582,0.7243107769423559,0.2394907337652554,0.0,0.0,0.0,0.0,0,0
-0.45382842506260457,20.0,55.0,-0.45382842506260457,-0.45382842506260457,0.95,0.5521802692954546,0.25616695223995767,0.5586583171377334,0.7075,0.23301405091125937,0.0,0.0,0.0,0.0,0,0
-0.4522706765390052,25.0,55.0,-0.4522706765390052,-0.4522706765390052,0.95,0.5681799761059508,0.2678890959045369,0.5243749751652542,0.7306733167082294,0.22994258795819225,0.0,0.0,0.0,0.0,0,0
-0.46272220221454324,30.0,55.0,-0.46272220221454324,-0.46272220221454324,0.95,0.5834200749600537,0.287823430056136,0.5073134661198371,0.694300518134715,0.22734874927283305,0.0,0.0,0.0,0.0,0,0
-0.4635302121894791,35.0,55.0,-0.4635302121894791,-0.4635302121894791,0.95,0.5872348860808783,0.28894131284616265,0.4922703848490153,0.6666666666666666,0.22895986189037548,0.0,0.0,0.0,0.0,0,0
-0.4556427593546842,40.0,55.0,-0.4556427593546842,-0.4556427593546842,0.95,0.5906892302786266,0.27876542586536834,0.44946426442736254,0.6269035532994924,0.23264928031922474,0.0,0.0,0.0,0.0,0,0
-0.46439852841590074,45.0,55.0,-0.46439852841590074,-0.46439852841590074,0.95,0.5992856859031486,0.30238288332255525,0.41835413289600987,0.555,0.2378076773669527,0.0,0.0,0.0,0.0,0,0
-0.4726181687241531,50.0,55.0,-0.4726181687241531,-0.4726181687241531,0.95,0.6032112933077548,0.30372326434400077,0.4392435830738057,0.5440806045340051,0.24215497638621655,0.0,0.0,0.0,0.0,0,0
-0.4780685540103738,55.0,55.0,-0.4780685540103738,-0.4780685540103738,0.95,0.6087923102560102,0.30822311177847594,0.4494956029753542,0.5487804878048781,0.24694181654364625,0.0,0.0,0.0,0.0,0,0
-0.5018100721763393,60.0,55.0,-0.5018100721763393,-0.5018100721763393,0.95,0.6229334560291849,0.3424489633732275,0.4783167737876237,0.5255474452554745,0.24900575973669775,0.0,0.0,0.0,0.0,0,0
-0.5220471727792932,65.0,55.0,-0.5220471727792932,-0.5220471727792932,0.95,0.6343899287437487,0.360722923663462,0.5100087914393825,0.49391727493917276,0.2520366598778004,0.0,0.0,0.0,0.0,0,0
-0.5247257311427058,70.0,55.0,-0.5247257311427058,-0.5247257311427058,0.95,0.6457384646929333,0.33396042801512693,0.5341362499591169,0.505938242280285,0.2538101806681694,0.0,0.0,0.0,0.0,0,0
-0.5257724063354501,75.0,55.0,-0.5257724063354501,-0.5257724063354501,0.95,0.6446138949237067,0.32003552029006704,0.5564795654814949,0.5120192307692307,0.25852860671606914,0.0,0.0,0.0,0.0,0,0
-0.5167673736411162,80.0,55.0,-0.5167673736411162,-0.5167673736411162,0.95,0.6290949139900163,0.30152930767786756,0.5671810955869088,0.5204819277108433,0.265327836148424,0.0,0.0,0.0,0.0,0,0
-0.5084159978405032,85.0,55.0,-0.5084159978405032,-0.5084159978405032,0.95,0.617941607310846,0.287823430056136,0.5672059320545663,0.5251798561151079,0.2755241037908236,0.0,0.0,0.0,0.0,0,0
-0.4952126010926904,90.0,55.0,-0.4952126010926904,-0.4952126010926904,0.95,0.6007309374558341,0.2604116748127012,0.5731117117289645,0.5346062052505967,0.285543369890329,0.0,0.0,0.0,0.0,0,0
-0.4731435124287661,95.0,55.0,-0.4731435124287661,-0.4731435124287661,0.95,0.5807893736289962,0.2350119989183302,0.5673466720379595,0.5976190476190476,0.2958983400419148,0.0,0.0,0.0,0.0,0,0
-0.4498730761801991,100.0,55.0,-0.4498730761801991,-0.4498730761801991,0.95,0.550013599002484,0.2175364353807817,0.5564795654814949,0.6363636363636364,0.30529190395310885,0.0,0.0,0.0,0.0,0,0
-0.4252417927313474,105.0,55.0,-0.4252417927313474,-0.4252417927313474,0.95,0.516169981273201,0.2002772757942279,0.5434030569885245,0.6714628297362111,0.314111329753527,0.0,0.0,0.0,0.0,0,0
-0.39625629959470804,110.0,55.0,-0.39625629959470804,-0.39625629959470804,0.95,0.47559129642626663,0.1865147004903034,0.5243749751652551,0.7170263788968825,0.32436587240584164,0.0,0.0,0.0,0.0,0,0
-0.37522061534408624,115.0,55.0,-0.37522061534408624,-0.37522061534408624,0.95,0.46013845583597923,0.16522795949271632,0.4970175136088636,0.7439613526570048,0.333757663059864,0.0,0.0,0.0,0.0,0,0
-0.34760589775310874,120.0,55.0,-0.34760589775310874,-0.34760589775310874,0.95,0.43803780122835856,0.14457786275591406,0.46036986167576266,0.7884615384615384,0.34085725784813525,0.0,0.0,0.0,0.0,0,0
-0.3197098805682168,125.0,55.0,-0.3197098805682168,-0.3197098805682168,0.95,0.40562272215140344,0.13251366993115984,0.4280612042165348,0.8268292682926829,0.3483448159973114,0.0,0.0,0.0,0.0,0,0
-0.29527707759453026,130.0,55.0,-0.29527707759453026,-0.29527707759453026,0.95,0.37916299464111475,0.1305691446608443,0.395956613900295,0.8801955990220048,0.35154833075837977,0.0,0.0,0.0,0.0,0,0
-0.2688570624405373,135.0,55.0,-0.2688570624405373,-0.2688570624405373,0.95,0.3426888445516164,0.1288664564060274,0.3787474469515844,0.9512195121951219,0.35006353240152477,0.0,0.0,0.0,0.0,0,0
-0.2558424537175719,140.0,55.0,-0.2558424537175719,-0.2558424537175719,0.95,0.3183836265224233,0.13056914466081812,0.3776037352434716,0.9855421686746988,0.34332072466653396,0.0,0.0,0.0,0.0,0,0
-0.2592717084186103,145.0,55.0,-0.2592717084186103,-0.2592717084186103,0.95,0.30184356687139124,0.13484040656425064,0.41735967411112185,0.9951573849878934,0.3328518907563025,0.0,0.0,0.0,0.0,0,0
-0.2684739755675409,150.0,55.0,-0.2684739755675409,-0.2684739755675409,0.95,0.3024976318239285,0.13911989137037484,0.45077979998150314,1.0,0.3199922347688226,0.0,0.0,0.0,0.0,0,0
-0.27400577483659566,155.0,55.0,-0.27400577483659566,-0.27400577483659566,0.95,0.29509489525673954,0.13937558292370517,0.48156885474360145,0.9926829268292683,0.30545211496228397,0.0,0.0,0.0,0.0,0,0
-0.2812739680826368,160.0,55.0,-0.2812739680826368,-0.2812739680826368,0.95,0.28745070984365606,0.14128169542972702,0.5199906021265804,0.9902439024390244,0.2885376726207176,0.0,0.0,0.0,0.0,0,0
-0.2954583055034326,165.0,55.0,-0.2954583055034326,-0.2954583055034326,0.95,0.3002779808287129,0.13871985843617768,0.5567717883548063,0.9852579852579852,0.2765580628416135,0.0,0.0,0.0,0.0,0,0
-0.3185287326433608,170.0,55.0,-0.3185287326433608,-0.3185287326433608,0.95,0.33125753414724485,0.1435878549310984,0.5925942289275451,0.9801980198019802,0.264472190692395,0.0,0.0,0.0,0.0,0,0
-0.3483804173269044,175.0,55.0,-0.3483804173269044,-0.3483804173269044,0.95,0.36614227509581304,0.13871985843617768,0.639974170718139,0.9275,0.2505107699492149,0.0,0.0,0.0,0.0,0,0
-0.37546704757741994,180.0,55.0,-0.37546704757741994,-0.37546704757741994,0.95,0.4044060818300409,0.1370587762172022,0.6748669150846115,0.8927680798004988,0.23054411137945732,0.0,0.0,0.0,0.0,0,0
-0.39235454150279486,185.0,55.0,-0.39235454150279486,-0.39235454150279486,0.95,0.41762031980329584,0.1370587762172022,0.7119055715760405,0.8693467336683417,0.2048497511890688,0.0,0.0,0.0,0.0,0,0
-0.4041318070178179,190.0,55.0,-0.4041318070178179,-0.4041318070178179,0.95,0.4227094674799213,0.1370587762172022,0.7484497595823979,0.8632911392405064,0.1832008295886623,0.0,0.0,0.0,0.0,0,0
-0.4215179619050774,195.0,55.0,-0.4215179619050774,-0.4215179619050774,0.95,0.4466002624657458,0.1370587762172022,0.7725237174477618,0.8451776649746193,0.1649107441848484,0.0,0.0,0.0,0.0,0,0
-0.4249988397000962,200.0,55.0,-0.4249988397000962,-0.4249988397000962,0.95,0.4454350838803939,0.13871985843616372,0.7853669309224303,0.8419689119170984,0.15250883038152258,0.0,0.0,0.0,0.0,0,0
-0.4363266974569228,205.0,55.0,-0.4363266974569228,-0.4363266974569228,0.95,0.45806672342071636,0.14506896259137975,0.7931042656394539,0.8144329896907216,0.1441562568753514,0.0,0.0,0.0,0.0,0,0
-0.44535209561923383,210.0,55.0,-0.44535209561923383,-0.44535209561923383,0.95,0.4661770876043292,0.15953706664950712,0.7964014123530081,0.8010335917312662,0.13761139116515755,0.0,0.0,0.0,0.0,0,0
-0.4475855929616865,215.0,55.0,-0.4475855929616865,-0.4475855929616865,0.95,0.46277124409791426,0.16284662204008563,0.8049838371720756,0.7948051948051948,0.13127503572348848,0.0,0.0,0.0,0.0,0,0
-0.45159585287125414,220.0,55.0,-0.45159585287125414,-0.45159585287125414,0.95,0.45921837819415356,0.17122448168661375,0.8176870115987518,0.7931937172774869,0.1257821126242179,0.0,0.0,0.0,0.0,0,0
-0.46012669339162604,225.0,55.0,-0.46012669339162604,-0.46012669339162604,0.95,0.469916839005366,0.17177215784355454,0.826242673314364,0.7734375,0.12083503331973344,0.0,0.0,0.0,0.0,0,0
-0.4664111287541041,230.0,55.0,-0.4664111287541041,-0.4664111287541041,0.95,0.4689413474523948,0.1819260117920276,0.839417569232672,0.7650130548302873,0.11724880060978343,0.0,0.0,0.0,0.0,0,0
-0.47627153087712837,235.0,55.0,-0.47627153087712837,-0.47627153087712837,0.95,0.47895813468739123,0.19262754189744058,0.8497904875772155,0.7591623036649214,0.11570137559542358,0.0,0.0,0.0,0.0,0,0
-0.45391939568182954,240.0,55.0,-0.45391939568182954,-0.45391939568182954,0.95,0.44283310906488826,0.17978720875232787,0.8589813310951008,0.8290598290598291,0.11478823320928584,0.0,0.0,0.0,0.0,0,0
-0.451915724871015,245.0,55.0,-0.451915724871015,-0.451915724871015,0.95,0.44455869401404713,0.17388899562037868,0.8605888759626958,0.8452722063037249,0.11472258435159202,0.0,0.0,0.0,0.0,0,0
-0.45372251381926704,250.0,55.0,-0.45372251381926704,-0.45372251381926704,0.95,0.44295958246117606,0.17978720875232787,0.8652724137223053,0.8472622478386167,0.11545014049605062,0.0,0.0,0.0,0.0,0,0
-0.4540903868073607,255.0,55.0,-0.4540903868073607,-0.4540903868073607,0.95,0.44166329495372,0.18397955889739115,0.8709261958581545,0.863013698630137,0.11693906555338426,0.0,0.0,0.0,0.0,0,0
-0.4546152502178816,260.0,55.0,-0.4546152502178816,-0.4546152502178816,0.95,0.43933705034218057,0.1859308521112334,0.8740050371501336,0.8610354223433242,0.11951852514766421,0.0,0.0,0.0,0.0,0,0
-0.4545437539638592,265.0,55.0,-0.4545437539638592,-0.4545437539638592,0.95,0.4394307591547214,0.18442911961886282,0.8758621610410745,0.863013698630137,0.12194736604523089,0.0,0.0,0.0,0.0,0,0
-0.4538413806457113,270.0,55.0,-0.4538413806457113,-0.4538413806457113,0.95,0.43798301291178937,0.184204339258127,0.8779293462724124,0.8688524590163934,0.12438389923329682,0.0,0.0,0.0,0.0,0,0
-0.45407276263913793,275.0,55.0,-0.45407276263913793,-0.45407276263913793,0.95,0.4363625184628555,0.18397955889739115,0.8799309201131716,0.8644986449864499,0.12730802116793383,0.0,0.0,0.0,0.0,0,0
-0.4538980537270149,280.0,55.0,-0.4538980537270149,-0.4538980537270149,0.95,0.43428871629620036,0.18524712969384372,0.8825101661673225,0.8675675675675676,0.13090431026387453,0.0,0.0,0.0,0.0,0,0
-0.4523347514463774,285.0,55.0,-0.4523347514463774,-0.4523347514463774,0.95,0.43351202012152895,0.18442911961886282,0.8825101661673225,0.8780487804878049,0.13545274321064324,0.0,0.0,0.0,0.0,0,0
-0.452280774794484,290.0,55.0,-0.452280774794484,-0.452280774794484,0.95,0.43351202012152873,0.18321056223410823,0.8809564063536598,0.8716577540106952,0.1401999024865919,0.0,0.0,0.0,0.0,0,0
-0.447954151944959,295.0,55.0,-0.447954151944959,-0.447954151944959,0.95,0.4277879183257855,0.18192601179202672,0.8777334497017829,0.8807588075880759,0.14564485981308412,0.0,0.0,0.0,0.0,0,0
-0.44953808595275396,300.0,55.0,-0.44953808595275396,-0.44953808595275396,0.95,0.4250180192639715,0.19659902313170863,0.8742126618999635,0.8817204301075269,0.15163965803241036,0.0,0.0,0.0,0.0,0,0
-0.45111464841719384,305.0,55.0,-0.45111464841719384,-0.45111464841719384,0.95,0.42528299348690446,0.20999727916429445,0.8683563510123903,0.8858695652173914,0.15870020964360587,0.0,0.0,0.0,0.0,0,0
-0.45304263995476024,310.0,55.0,-0.45304263995476024,-0.45304263995476024,0.95,0.4211101085102921,0.23299991956923805,0.8617977363881039,0.8910081743869209,0.1671793211375533,0.0,0.0,0.0,0.0,0,0
-0.44978130423657475,315.0,55.0,-0.44978130423657475,-0.44978130423657475,0.95,0.41893338602244096,0.22989263788702274,0.8529498566105366,0.8850267379679144,0.1764640298798673,0.0,0.0,0.0,0.0,0,0
-0.4463213047779367,320.0,55.0,-0.4463213047779367,-0.4463213047779367,0.95,0.4163395299756817,0.23299991956926647,0.8421742231631589,0.8900804289544236,0.18707463375245126,0.0,0.0,0.0,0.0,0,0
-0.44496964186460686,325.0,55.0,-0.44496964186460686,-0.44496964186460686,0.95,0.4158096466481109,0.24059887791139645,0.8283320809970098,0.8858695652173914,0.19938852586775374,0.0,0.0,0.0,0.0,0,0
-0.4465397114200644,330.0,55.0,-0.4465397114200644,-0.4465397114200644,0.95,0.4116604291298679,0.26558677521049984,0.8144760307622388,0.8814016172506739,0.2125206444174379,0.0,0.0,0.0,0.0,0,0
-0.45620648670498865,335.0,55.0,-0.45620648670498865,-0.45620648670498865,0.95,0.40877152192321514,0.27097205568473737,0.802784415626806,0.7574123989218329,0.22646848370519743,0.0,0.0,0.0,0.0,0,0
-0.4582347306330707,340.0,55.0,-0.4582347306330707,-0.4582347306330707,0.95,0.40741421560751323,0.26571940936517763,0.7884750477649762,0.6827956989247311,0.24061144251626898,0.0,0.0,0.0,0.0,0,0
-0.463003414050413,345.0,55.0,-0.463003414050413,-0.463003414050413,0.95,0.4113644826167514,0.2541282202819376,0.7812116976951762,0.6037735849056604,0.2548915730733913,0.0,0.0,0.0,0.0,0,0
-0.47953059654692276,350.0,55.0,-0.47953059654692276,-0.47953059654692276,0.95,0.42184109821205934,0.29832479764658143,0.7706746162119411,0.5645569620253165,0.26686645713032675,0.0,0.0,0.0,0.0,0,0
-0.4700569616684185,355.0,55.0,-0.4700569616684185,-0.4700569616684185,0.95,0.44907428161380575,0.254431022408377,0.7529632528710248,0.6142131979695431,0.27501407921907267,0.0,0.0,0.0,0.0,0,0
-0.41634173748437264,0.0,60.0,-0.41634173748437264,-0.41634173748437264,0.95,0.41714061680196063,0.2139094888822644,0.7170221648937387,0.8324742268041238,0.277733979051695,0.0,0.0,0.0,0.0,0,0
-0.4180462674556488,5.0,60.0,-0.4180462674556488,-0.4180462674556488,0.95,0.43568896218260433,0.22797351346210024,0.6865031562622675,0.8484848484848485,0.278655602288659,0.0,0.0,0.0,0.0,0,0
-0.41593208541560117,10.0,60.0,-0.41593208541560117,-0.41593208541560117,0.95,0.4511911978481911,0.23543366231909424,0.6554981775444745,0.8727735368956743,0.27210420689916315,0.0,0.0,0.0,0.0,0,0
-0.4129420124418064,15.0,60.0,-0.4129420124418064,-0.4129420124418064,0.95,0.46478177920852604,0.23543366231909424,0.6228082289937915,0.8753117206982544,0.25961357387669015,0.0,0.0,0.0,0.0,0,0
-0.4117890089317133,20.0,60.0,-0.4117890089317133,-0.4117890089317133,0.95,0.48066688706296906,0.236899401571295,0.5885841557977356,0.8684863523573201,0.24981315396113601,0.0,0.0,0.0,0.0,0,0
-0.4118652729423366,25.0,60.0,-0.4118652729423366,-0.4118652729423366,0.95,0.4949665253457733,0.23299991956926647,0.5565048794300939,0.8349753694581281,0.24786483475677684,0.0,0.0,0.0,0.0,0,0
-0.41088809470447174,30.0,60.0,-0.41088809470447174,-0.41088809470447174,0.95,0.5074095445879667,0.22343285519197997,0.5248036924887225,0.7913486005089059,0.24735776100165716,0.0,0.0,0.0,0.0,0,0
-0.4062944906804033,35.0,60.0,-0.4062944906804033,-0.4062944906804033,0.95,0.508551702142359,0.22473213221368127,0.49252751810772616,0.7644110275689223,0.2468544257498171,0.0,0.0,0.0,0.0,0,0
-0.40356043428164035,40.0,60.0,-0.40356043428164035,-0.40356043428164035,0.95,0.5151823781430555,0.22639773756562473,0.4617710240485872,0.7455470737913485,0.24949201741654572,0.0,0.0,0.0,0.0,0,0
-0.39792964153546817,45.0,60.0,-0.39792964153546817,-0.39792964153546817,0.95,0.5204275508791869,0.22514968871994784,0.42966643373234725,0.739454094292804,0.2531102376401861,0.0,0.0,0.0,0.0,0,0
-0.40607091473529805,50.0,60.0,-0.40607091473529805,-0.40607091473529805,0.95,0.535341376139394,0.2461351924245072,0.40688904773604856,0.713216957605985,0.25862007104158447,0.0,0.0,0.0,0.0,0,0
-0.4082651534766128,55.0,60.0,-0.4082651534766128,-0.4082651534766128,0.95,0.525899701337871,0.2641727388235781,0.4069545257817854,0.6987654320987654,0.2641738757417602,0.0,0.0,0.0,0.0,0,0
-0.4130085473612063,60.0,60.0,-0.4130085473612063,-0.4130085473612063,0.95,0.523427890290439,0.2626227700372126,0.4003375528891201,0.6210268948655256,0.27103568506066106,0.0,0.0,0.0,0.0,0,0
-0.42227007222029594,65.0,60.0,-0.42227007222029594,-0.42227007222029594,0.95,0.532100671025459,0.2738689509993705,0.3983330228617684,0.5862068965517241,0.2778210392184624,0.0,0.0,0.0,0.0,0,0
-0.430423561779182,70.0,60.0,-0.430423561779182,-0.430423561779182,0.95,0.5404506989919797,0.278577148705705,0.41033701196488737,0.5798525798525799,0.28301421065622906,0.0,0.0,0.0,0.0,0,0
-0.43754948127509274,75.0,60.0,-0.43754948127509274,-0.43754948127509274,0.95,0.5364626619473187,0.2901379251827603,0.4280612042165348,0.5658536585365853,0.28902383376039875,0.0,0.0,0.0,0.0,0,0
-0.4296685038731298,80.0,60.0,-0.4296685038731298,-0.4296685038731298,0.95,0.5185262736765118,0.2756126893801043,0.4386620066765979,0.5631067961165048,0.29470997517569314,0.0,0.0,0.0,0.0,0,0
-0.4189584335279852,85.0,60.0,-0.4189584335279852,-0.4189584335279852,0.95,0.5052589129167049,0.2530469830257033,0.4387627343219487,0.5609756097560976,0.3020887819506922,0.0,0.0,0.0,0.0,0,0
-0.41076871299364615,90.0,60.0,-0.41076871299364615,-0.41076871299364615,0.95,0.4956093117115299,0.2461351924245072,0.43897675121930335,0.5875299760191847,0.30831015299026426,0.0,0.0,0.0,0.0,0,0
-0.3883012367555604,95.0,60.0,-0.3883012367555604,-0.3883012367555604,0.95,0.47716427277190754,0.21979122118651376,0.43014506415795734,0.6504854368932039,0.31466055810079135,0.0,0.0,0.0,0.0,0,0
-0.3798376853385632,100.0,60.0,-0.3798376853385632,-0.3798376853385632,0.95,0.471140004319916,0.21222281177924984,0.4280612042165357,0.6868932038834952,0.3202840810670362,0.0,0.0,0.0,0.0,0,0
-0.3642661673944394,105.0,60.0,-0.3642661673944394,-0.3642661673944394,0.95,0.4550574771374141,0.20305557483405923,0.41735967411112185,0.7286063569682152,0.3275724725522114,0.0,0.0,0.0,0.0,0,0
-0.3414788613678683,110.0,60.0,-0.3414788613678683,-0.3414788613678683,0.95,0.4277142943509086,0.19568190190958468,0.39808579455165427,0.7804878048780488,0.33260681542985643,0.0,0.0,0.0,0.0,0,0
-0.3202318284788153,115.0,60.0,-0.3202318284788153,-0.3202318284788153,0.95,0.3970236072744566,0.20027727579422394,0.38560834491327917,0.8504901960784313,0.3378238341968912,0.0,0.0,0.0,0.0,0,0
-0.29880983319172005,120.0,60.0,-0.29880983319172005,-0.29880983319172005,0.95,0.3685070277358655,0.1868754676488013,0.38525508379488116,0.916256157635468,0.340953760215165,0.0,0.0,0.0,0.0,0,0
-0.28006406838557407,125.0,60.0,-0.28006406838557407,-0.28006406838557407,0.95,0.34288185616400857,0.16481831956897702,0.389308735935723,0.9562043795620438,0.3418856259659969,0.0,0.0,0.0,0.0,0,0
-0.27014300119638085,130.0,60.0,-0.27014300119638085,-0.27014300119638085,0.95,0.325279874936116,0.14894892396439585,0.398367399149943,0.9679802955665024,0.33913518309955293,0.0,0.0,0.0,0.0,0,0
-0.26664043177585106,135.0,60.0,-0.26664043177585106,-0.26664043177585106,0.95,0.3087914462685957,0.13558698929567217,0.42906528652307685,0.9803921568627451,0.33542118093174433,0.0,0.0,0.0,0.0,0,0
-0.26639010300225857,140.0,60.0,-0.26639010300225857,-0.26639010300225857,0.95,0.2942572266963843,0.13911989137037306,0.4506661787681188,0.9875930521091811,0.3282565668086819,0.0,0.0,0.0,0.0,0,0
-0.2715304289044138,145.0,60.0,-0.2715304289044138,-0.2715304289044138,0.95,0.28905939802143676,0.13908752701005203,0.48156885474360145,0.9925742574257426,0.3191291650073012,0.0,0.0,0.0,0.0,0,0
-0.27540360015967524,150.0,60.0,-0.27540360015967524,-0.27540360015967524,0.95,0.28294271594021436,0.13979340204847396,0.5091126530858842,1.0,0.30840019649582445,0.0,0.0,0.0,0.0,0,0
-0.2850205484603927,155.0,60.0,-0.2850205484603927,-0.2850205484603927,0.95,0.28857965374735367,0.13911989137037395,0.5392348564754309,1.0,0.29852675109847504,0.0,0.0,0.0,0.0,0,0
-0.29075749924401195,160.0,60.0,-0.29075749924401195,-0.29075749924401195,0.95,0.2918522605732181,0.127064110140969,0.5690022699179298,1.0,0.2910538045208532,0.0,0.0,0.0,0.0,0,0
-0.3080182639845205,165.0,60.0,-0.3080182639845205,-0.3080182639845205,0.95,0.31170808833378055,0.1233528985954706,0.6099872160085624,1.0,0.2827856025039124,0.0,0.0,0.0,0.0,0,0
-0.3282752911052829,170.0,60.0,-0.3282752911052829,-0.3282752911052829,0.95,0.3353757394493427,0.1233528985954706,0.6420918063248031,0.9723618090452262,0.27369456916169504,0.0,0.0,0.0,0.0,0,0
-0.35361914619511864,175.0,60.0,-0.35361914619511864,-0.35361914619511864,0.95,0.36840597918937196,0.12267960059614895,0.6742067139637424,0.9296482412060302,0.26087742557550925,0.0,0.0,0.0,0.0,0,0
-0.366037642537503,180.0,60.0,-0.366037642537503,-0.366037642537503,0.95,0.38453270255966776,0.11016801693331353,0.7070166741340176,0.9207161125319693,0.24347493077240323,0.0,0.0,0.0,0.0,0,0
-0.38309320161114213,185.0,60.0,-0.38309320161114213,-0.38309320161114213,0.95,0.4071095110848513,0.10965446163847233,0.728266203993411,0.8923076923076924,0.22234966879821064,0.0,0.0,0.0,0.0,0,0
-0.39191349490302285,190.0,60.0,-0.39191349490302285,-0.39191349490302285,0.95,0.41193169906583293,0.11016801693331361,0.7529172079977345,0.8863049095607235,0.20267179830432844,0.0,0.0,0.0,0.0,0,0
-0.4107767540215055,195.0,60.0,-0.4107767540215055,-0.4107767540215055,0.95,0.4340204804173102,0.11820583534200768,0.771734234861128,0.8531645569620253,0.18515103855957482,0.0,0.0,0.0,0.0,0,0
-0.4114472030430264,200.0,60.0,-0.4114472030430264,-0.4114472030430264,0.95,0.426890227811994,0.12335289859549903,0.781229730895598,0.8545454545454545,0.17248498001746818,0.0,0.0,0.0,0.0,0,0
-0.4197319855602098,205.0,60.0,-0.4197319855602098,-0.4197319855602098,0.95,0.4358867602669685,0.1284183612649601,0.7878057904554653,0.8367875647668394,0.16264670069172776,0.0,0.0,0.0,0.0,0,0
-0.42134972927796566,210.0,60.0,-0.42134972927796566,-0.42134972927796566,0.95,0.4293956423866063,0.13911989137037395,0.7931042656394539,0.8346456692913385,0.15560239739943113,0.0,0.0,0.0,0.0,0,0
-0.43351737145210845,215.0,60.0,-0.43351737145210845,-0.43351737145210845,0.95,0.4460284842593321,0.1496769489022743,0.7964014123530081,0.8141361256544503,0.15070616172978377,0.0,0.0,0.0,0.0,0,0
-0.4355748874491255,220.0,60.0,-0.4355748874491255,-0.4355748874491255,0.95,0.44547988972255687,0.15015123500696526,0.8037899400523433,0.8110236220472441,0.1460757065204024,0.0,0.0,0.0,0.0,0,0
-0.4415556844763876,225.0,60.0,-0.4415556844763876,-0.4415556844763876,0.95,0.44644626104535384,0.16052295158120078,0.8122300958285645,0.8021108179419525,0.14265894265407458,0.0,0.0,0.0,0.0,0,0
-0.44438391660351934,230.0,60.0,-0.44438391660351934,-0.44438391660351934,0.95,0.44632345384300876,0.16135725414020263,0.8220608861250606,0.8,0.1394911824226655,0.0,0.0,0.0,0.0,0,0
-0.4517990716547483,235.0,60.0,-0.4517990716547483,-0.4517990716547483,0.95,0.4514865337049292,0.17122448168661375,0.8270498153844399,0.783641160949868,0.13667981355324488,0.0,0.0,0.0,0.0,0,0
-0.4550538583918582,240.0,60.0,-0.4550538583918582,-0.4550538583918582,0.95,0.453801642050389,0.17122448168661375,0.8347193482222437,0.7795275590551181,0.13587680883472963,0.0,0.0,0.0,0.0,0,0
-0.46381053744974066,245.0,60.0,-0.46381053744974066,-0.46381053744974066,0.95,0.4599932840358415,0.1819260117920276,0.8454208783276567,0.7702349869451697,0.13581362177582312,0.0,0.0,0.0,0.0,0,0
-0.43661074647622783,250.0,60.0,-0.43661074647622783,-0.43661074647622783,0.95,0.4316344430634301,0.15744915842757357,0.8454375421052612,0.8676470588235294,0.1361906574065265,0.0,0.0,0.0,0.0,0,0
-0.4391647769054373,255.0,60.0,-0.4391647769054373,-0.4391647769054373,0.95,0.4314813476128293,0.16110701122459367,0.8525503612692603,0.868421052631579,0.13780910285509498,0.0,0.0,0.0,0.0,0,0
-0.4381465796754486,260.0,60.0,-0.4381465796754486,-0.4381465796754486,0.95,0.4289379895519117,0.16284662204008474,0.854685450774773,0.8781163434903048,0.13991018467375904,0.0,0.0,0.0,0.0,0,0
-0.43846931356017055,265.0,60.0,-0.43846931356017055,-0.43846931356017055,0.95,0.4282450239779125,0.16427600819516835,0.8546854507747765,0.8756906077348067,0.1421480799961261,0.0,0.0,0.0,0.0,0,0
-0.4386072909966557,270.0,60.0,-0.4386072909966557,-0.4386072909966557,0.95,0.42824502397791214,0.16284662204008563,0.8568037267223736,0.8760330578512396,0.14466899635883776,0.0,0.0,0.0,0.0,0,0
-0.4383525892129775,275.0,60.0,-0.4383525892129775,-0.4383525892129775,0.95,0.42756974126184166,0.16284662204008474,0.8590692286826858,0.8815426997245179,0.1474704515108056,0.0,0.0,0.0,0.0,0,0
-0.43905585064478725,280.0,60.0,-0.43905585064478725,-0.43905585064478725,0.95,0.4275098105695632,0.1637985733376292,0.8608953201755225,0.8812154696132597,0.1507618283881315,0.0,0.0,0.0,0.0,0,0
-0.43655103633837916,285.0,60.0,-0.43655103633837916,-0.43655103633837916,0.95,0.425384222208439,0.16284662204008474,0.8569662010224361,0.885558583106267,0.15450425217701277,0.0,0.0,0.0,0.0,0,0
-0.4353861195082564,290.0,60.0,-0.4353861195082564,-0.4353861195082564,0.95,0.425340838470636,0.16081498140289724,0.8529314078243635,0.8818681318681318,0.1589220533795853,0.0,0.0,0.0,0.0,0,0
-0.43562125596629714,295.0,60.0,-0.43562125596629714,-0.43562125596629714,0.95,0.4249876689352905,0.15991835942823568,0.8561775543614827,0.8839779005524862,0.16388507446920883,0.0,0.0,0.0,0.0,0,0
-0.43476109140972413,300.0,60.0,-0.43476109140972413,-0.43476109140972413,0.95,0.4238568002977215,0.16447053146066537,0.8497904875772155,0.8834688346883469,0.1698514944883163,0.0,0.0,0.0,0.0,0,0
-0.43502123523122294,305.0,60.0,-0.43502123523122294,-0.43502123523122294,0.95,0.4209348644535573,0.17817640908236854,0.8454375421052612,0.8925619834710744,0.17586539787615502,0.0,0.0,0.0,0.0,0,0
-0.43547900578044096,310.0,60.0,-0.43547900578044096,-0.43547900578044096,0.95,0.41778375313928623,0.1918822867040717,0.839417569232672,0.8945945945945946,0.18406819018491774,0.0,0.0,0.0,0.0,0,0
-0.4374716458080881,315.0,60.0,-0.4374716458080881,-0.4374716458080881,0.95,0.4177985808768249,0.20332907200285355,0.8347193482222428,0.8915989159891599,0.1927391393024679,0.0,0.0,0.0,0.0,0,0
-0.4348356270384872,320.0,60.0,-0.4348356270384872,-0.4348356270384872,0.95,0.41586315904977983,0.20586650057124534,0.8240178181168298,0.8898071625344353,0.20247661309666587,0.0,0.0,0.0,0.0,0,0
-0.4361894382082509,325.0,60.0,-0.4361894382082509,-0.4361894382082509,0.95,0.413092139296283,0.21929404194753488,0.813316288011416,0.872,0.21301115241635687,0.0,0.0,0.0,0.0,0,0
-0.43527092800803235,330.0,60.0,-0.43527092800803235,-0.43527092800803235,0.95,0.40894147870349895,0.23173582247236485,0.8016355290837576,0.8664850136239782,0.22361897450660526,0.0,0.0,0.0,0.0,0,0
-0.4356823241879226,335.0,60.0,-0.4356823241879226,-0.4356823241879226,0.95,0.4074142156075155,0.2432156190610435,0.7919132278005891,0.860655737704918,0.23440909992725348,0.0,0.0,0.0,0.0,0,0
-0.4400376495194508,340.0,60.0,-0.4400376495194508,-0.4400376495194508,0.95,0.406658144005708,0.25244171412933825,0.7812116976951762,0.8103896103896104,0.2459615450291998,0.0,0.0,0.0,0.0,0,0
-0.4373920669973069,345.0,60.0,-0.4373920669973069,-0.4373920669973069,0.95,0.40347740253198316,0.25492463444148794,0.7756104017414647,0.8163265306122449,0.2559171597633136,0.0,0.0,0.0,0.0,0,0
-0.43828488594498244,350.0,60.0,-0.43828488594498244,-0.43828488594498244,0.95,0.41031076394557336,0.2536831742854131,0.7705101675897624,0.8188775510204082,0.2655033848604424,0.0,0.0,0.0,0.0,0,0
-0.4302490901515455,355.0,60.0,-0.4302490901515455,-0.4302490901515455,0.95,0.4086340225128998,0.24823057487242975,0.7491259133041349,0.8254364089775561,0.27379231082934785,0.0,0.0,0.0,0.0,0,0
-0.39278003551779894,0.0,65.0,-0.39278003551779894,-0.39278003551779894,0.95,0.38641664502204615,0.18771510782538214,0.7171792185370702,0.8801020408163265,0.2811804834643334,0.0,0.0,0.0,0.0,0,0
-0.3840822116571852,5.0,65.0,-0.3840822116571852,-0.3840822116571852,0.95,0.38443365040533944,0.1832462733564878,0.6921872059061527,0.8854961832061069,0.2835335054439331,0.0,0.0,0.0,0.0,0,0
-0.38452492479956274,10.0,65.0,-0.38452492479956274,-0.38452492479956274,0.95,0.39881161687460875,0.19808509574942623,0.6651000960514407,0.9079601990049752,0.2828282828282828,0.0,0.0,0.0,0.0,0,0
-0.3846735976855434,15.0,65.0,-0.3846735976855434,-0.3846735976855434,0.95,0.41040393069984465,0.2055881643258033,0.6422890830252619,0.914572864321608,0.2760908681961314,0.0,0.0,0.0,0.0,0,0
-0.3836342383624382,20.0,65.0,-0.3836342383624382,-0.3836342383624382,0.95,0.42510650871958394,0.2055881643258033,0.611592445524374,0.907035175879397,0.2678671498486943,0.0,0.0,0.0,0.0,0,0
-0.3824660083375266,25.0,65.0,-0.3824660083375266,-0.3824660083375266,0.95,0.4376822162888134,0.2018001993857958,0.5889663177529554,0.9029850746268657,0.26341844710786866,0.0,0.0,0.0,0.0,0,0
-0.37415278623221304,30.0,65.0,-0.37415278623221304,-0.37415278623221304,0.95,0.4394515055059917,0.18700887939356284,0.5580847949973075,0.8790123456790123,0.2613573253359991,0.0,0.0,0.0,0.0,0,0
-0.37471368233262925,35.0,65.0,-0.37471368233262925,-0.37471368233262925,0.95,0.4455459274544703,0.18651470049030253,0.5366817347864797,0.8430379746835444,0.26221960293196805,0.0,0.0,0.0,0.0,0,0
-0.3728716415991338,40.0,65.0,-0.3728716415991338,-0.3728716415991338,0.95,0.4475564475187942,0.19059616521146555,0.5152786745756537,0.8261964735516373,0.26395566484383604,0.0,0.0,0.0,0.0,0,0
-0.3694281902472787,45.0,65.0,-0.3694281902472787,-0.3694281902472787,0.95,0.45493706978931564,0.18321056223410975,0.493875614364827,0.8181818181818182,0.26496475658303204,0.0,0.0,0.0,0.0,0,0
-0.3688734691065152,50.0,65.0,-0.3688734691065152,-0.3688734691065152,0.95,0.4666585144594498,0.1819260117920276,0.4724725541540002,0.8138957816377171,0.26875932055432294,0.0,0.0,0.0,0.0,0,0
-0.3693728533408682,55.0,65.0,-0.3693728533408682,-0.3693728533408682,0.95,0.4657109278339857,0.20332907200285444,0.4512470790484635,0.8055555555555556,0.2736651583710407,0.0,0.0,0.0,0.0,0,0
-0.36409844389674023,60.0,65.0,-0.36409844389674023,-0.36409844389674023,0.95,0.4562453027871507,0.20999727916429445,0.4387627343219478,0.8058968058968059,0.2789319651696354,0.0,0.0,0.0,0.0,0,0
-0.3662175625772071,65.0,65.0,-0.3662175625772071,-0.3662175625772071,0.95,0.4545020552978387,0.2263977375656273,0.42806120421653393,0.7919799498746867,0.2836256256977205,0.0,0.0,0.0,0.0,0,0
-0.3583838618001789,70.0,65.0,-0.3583838618001789,-0.3583838618001789,0.95,0.44309996536886737,0.23433960473515336,0.4090477790634932,0.7970297029702971,0.28979987784284844,0.0,0.0,0.0,0.0,0,0
-0.3604285607214766,75.0,65.0,-0.3604285607214766,-0.3604285607214766,0.95,0.4442147920098662,0.24412452520575184,0.40664803066238836,0.7995049504950495,0.29674111784318646,0.0,0.0,0.0,0.0,0,0
-0.3484014131934338,80.0,65.0,-0.3484014131934338,-0.3484014131934338,0.95,0.43038527682958994,0.24670579719096963,0.3977375069482256,0.8486352357320099,0.30292401846748507,0.0,0.0,0.0,0.0,0,0
-0.34432990984218176,85.0,65.0,-0.34432990984218176,-0.34432990984218176,0.95,0.4181289508452256,0.2632848856485761,0.3898560185746863,0.8620689655172413,0.3083728728907281,0.0,0.0,0.0,0.0,0,0
-0.3373052296591004,90.0,65.0,-0.3373052296591004,-0.3373052296591004,0.95,0.39933565668258536,0.2678890959045346,0.39423752388248234,0.8796068796068796,0.31249777651286065,0.0,0.0,0.0,0.0,0,0
-0.32879065792060236,95.0,65.0,-0.32879065792060236,-0.32879065792060236,0.95,0.3910131106823564,0.25329020039550404,0.395956613900295,0.8992628992628993,0.31725654301723527,0.0,0.0,0.0,0.0,0,0
-0.3170075669754045,100.0,65.0,-0.3170075669754045,-0.3170075669754045,0.95,0.3745660878276231,0.2377044431638378,0.39702008421358315,0.915,0.32105840319784923,0.0,0.0,0.0,0.0,0,0
-0.3057798701451004,105.0,65.0,-0.3057798701451004,-0.3057798701451004,0.95,0.36111048692419434,0.21103023650832833,0.406658144005708,0.9308641975308642,0.32330562209384245,0.0,0.0,0.0,0.0,0,0
-0.2997787542050282,110.0,65.0,-0.2997787542050282,-0.2997787542050282,0.95,0.355465000625159,0.19440512030575774,0.4131371113949939,0.9429280397022333,0.3246798807226802,0.0,0.0,0.0,0.0,0,0
-0.29597106752994073,115.0,65.0,-0.29597106752994073,-0.29597106752994073,0.95,0.35095719532167585,0.17349947418062678,0.42806120421653393,0.948019801980198,0.32596241179347446,0.0,0.0,0.0,0.0,0,0
-0.2923407119962156,120.0,65.0,-0.2923407119962156,-0.2923407119962156,0.95,0.34831761036266645,0.1541450147314117,0.43905109587913965,0.9528535980148883,0.326397104878558,0.0,0.0,0.0,0.0,0,0
-0.2945567814295312,125.0,65.0,-0.2945567814295312,-0.2945567814295312,0.95,0.34368695654940995,0.15186163217201004,0.4596762396102685,0.9580246913580247,0.32620191476860333,0.0,0.0,0.0,0.0,0,0
-0.29229728642509845,130.0,65.0,-0.29229728642509845,-0.29229728642509845,0.95,0.3340139589640742,0.15461382088540962,0.4761529904724653,0.99,0.32367199587416196,0.0,0.0,0.0,0.0,0,0
-0.28941940139584715,135.0,65.0,-0.28941940139584715,-0.28941940139584715,0.95,0.3210549311533366,0.1498214214757878,0.49317573843099666,0.9975186104218362,0.31959641408460304,0.0,0.0,0.0,0.0,0,0
-0.2867180950875602,140.0,65.0,-0.2867180950875602,-0.2867180950875602,0.95,0.304574523342571,0.14179474073614515,0.5177584022659818,1.0,0.3141987829614604,0.0,0.0,0.0,0.0,0,0
-0.2870318390247475,145.0,65.0,-0.2870318390247475,-0.2870318390247475,0.95,0.2890974491715224,0.13979340204847204,0.5457780353760819,1.0,0.30924313462826525,0.0,0.0,0.0,0.0,0,0
-0.28529484137276345,150.0,65.0,-0.28529484137276345,-0.28529484137276345,0.95,0.27848744289949007,0.12841836126496098,0.5671810955869088,1.0,0.3023402280562185,0.0,0.0,0.0,0.0,0,0
-0.29060397258164233,155.0,65.0,-0.29060397258164233,-0.29060397258164233,0.95,0.28655480057775573,0.11771683115954712,0.586211378242613,1.0,0.2975737704918033,0.0,0.0,0.0,0.0,0,0
-0.3010448270184531,160.0,65.0,-0.3010448270184531,-0.3010448270184531,0.95,0.3026674190428132,0.10964702097376744,0.6102644166315438,1.0,0.2911302322572297,0.0,0.0,0.0,0.0,0,0
-0.30915676002321496,165.0,65.0,-0.30915676002321496,-0.30915676002321496,0.95,0.31335439551663813,0.0981106905218036,0.6371493167444353,1.0,0.28459721690284695,0.0,0.0,0.0,0.0,0,0
-0.33048099045691137,170.0,65.0,-0.33048099045691137,-0.33048099045691137,0.95,0.34113284771697544,0.0965361369348064,0.6634948665356282,0.9597989949748744,0.27890750227865607,0.0,0.0,0.0,0.0,0,0
-0.3496579911048252,175.0,65.0,-0.3496579911048252,-0.3496579911048252,0.95,0.36430350062704847,0.09631377094872029,0.6939872998464379,0.9363867684478372,0.26765453530907063,0.0,0.0,0.0,0.0,0,0
-0.361328407899477,180.0,65.0,-0.361328407899477,-0.361328407899477,0.95,0.3756075638850306,0.09594114335203585,0.7175520569809798,0.922879177377892,0.2539832157625882,0.0,0.0,0.0,0.0,0,0
-0.38201340137460366,185.0,65.0,-0.38201340137460366,-0.38201340137460366,0.95,0.404797842686962,0.09594114335203585,0.7415787709900966,0.8928571428571429,0.2378001549186677,0.0,0.0,0.0,0.0,0,0
-0.38787109628399474,190.0,65.0,-0.38787109628399474,-0.38787109628399474,0.95,0.4088380454505798,0.09594114335203585,0.760271263664558,0.897172236503856,0.22129594543387646,0.0,0.0,0.0,0.0,0,0
-0.39650071227437483,195.0,65.0,-0.39650071227437483,-0.39650071227437483,0.95,0.41701877803693244,0.10013863789711785,0.7710889467030465,0.8811369509043928,0.2056066778724253,0.0,0.0,0.0,0.0,0,0
-0.39895325439308943,200.0,65.0,-0.39895325439308943,-0.39895325439308943,0.95,0.41790772143823035,0.10117019179123338,0.7737711503311308,0.8694516971279374,0.19165064236546553,0.0,0.0,0.0,0.0,0,0
-0.40325718467876126,205.0,65.0,-0.40325718467876126,-0.40325718467876126,0.95,0.4182588933898083,0.10788941440701608,0.781331919031317,0.863517060367454,0.18282866998850134,0.0,0.0,0.0,0.0,0,0
-0.4093092461487552,210.0,65.0,-0.4093092461487552,-0.4093092461487552,0.95,0.4204529934931119,0.1205536252558591,0.783225585456989,0.8481675392670157,0.17620149615198322,0.0,0.0,0.0,0.0,0,0
-0.4172242445077823,215.0,65.0,-0.4172242445077823,-0.4172242445077823,0.95,0.4247367069718134,0.13307589579142678,0.7920318247690114,0.8394736842105263,0.17002629272567923,0.0,0.0,0.0,0.0,0,0
-0.42200880918254713,220.0,65.0,-0.42200880918254713,-0.42200880918254713,0.95,0.4289608721936464,0.13911989137037395,0.7931042656394539,0.8263157894736842,0.16529922147369525,0.0,0.0,0.0,0.0,0,0
-0.42417021606049177,225.0,65.0,-0.42417021606049177,-0.42417021606049177,0.95,0.4283836170927126,0.14506896259138016,0.7961715891033077,0.8249336870026526,0.16251233317754582,0.0,0.0,0.0,0.0,0,0
-0.42883878763569727,230.0,65.0,-0.42883878763569727,-0.42883878763569727,0.95,0.4318508120020794,0.14982142147578692,0.802614757906003,0.8201058201058201,0.16032993942518367,0.0,0.0,0.0,0.0,0,0
-0.43345366139431485,235.0,65.0,-0.43345366139431485,-0.43345366139431485,0.95,0.43453935646955144,0.1518616321719914,0.808589779201743,0.8047493403693932,0.15925280582175985,0.0,0.0,0.0,0.0,0,0
-0.4369341858691357,240.0,65.0,-0.4369341858691357,-0.4369341858691357,0.95,0.4346581889054346,0.16052295158120078,0.8134538113397684,0.8042328042328042,0.15869448629874608,0.0,0.0,0.0,0.0,0,0
-0.4418033107104176,245.0,65.0,-0.4418033107104176,-0.4418033107104176,0.95,0.4401994563789495,0.16052295158120078,0.8192132663173082,0.7921052631578948,0.15891878107866889,0.0,0.0,0.0,0.0,0,0
-0.4422070008445089,250.0,65.0,-0.4422070008445089,-0.4422070008445089,0.95,0.4394723267784538,0.16052295158120078,0.8228274292151609,0.7941952506596306,0.15860256213953963,0.0,0.0,0.0,0.0,0,0
-0.44497550118987533,255.0,65.0,-0.44497550118987533,-0.44497550118987533,0.95,0.4394723267784538,0.16475052463517276,0.827563039600702,0.7889182058047494,0.16006756929692098,0.0,0.0,0.0,0.0,0,0
-0.4437629814112534,260.0,65.0,-0.4437629814112534,-0.4437629814112534,0.95,0.439765763948193,0.16160749705579455,0.8296135507451179,0.7994858611825193,0.16195987654320987,0.0,0.0,0.0,0.0,0,0
-0.44752563521576283,265.0,65.0,-0.44752563521576283,-0.44752563521576283,0.95,0.44059734176887955,0.17122448168661375,0.8335203022959792,0.7989949748743719,0.16377569512763424,0.0,0.0,0.0,0.0,0,0
-0.43093976923846766,270.0,65.0,-0.43093976923846766,-0.43093976923846766,0.95,0.42675665498423804,0.14982142147578692,0.8356922248946073,0.8614130434782609,0.16599623863755095,0.0,0.0,0.0,0.0,0,0
-0.444627055008764,275.0,65.0,-0.444627055008764,-0.444627055008764,0.95,0.4342192630943776,0.1705086212780743,0.8356669138261287,0.8060453400503779,0.16824425870751708,0.0,0.0,0.0,0.0,0,0
-0.4429174604255227,280.0,65.0,-0.4429174604255227,-0.4429174604255227,0.95,0.43517308113197817,0.16475052463517276,0.833060523275904,0.8060453400503779,0.17098915158461497,0.0,0.0,0.0,0.0,0,0
-0.4250690842670579,285.0,65.0,-0.4250690842670579,-0.4250690842670579,0.95,0.4229484302000427,0.14506896259137295,0.833060523275904,0.8864265927977839,0.17423628007569614,0.0,0.0,0.0,0.0,0,0
-0.42753125373031414,290.0,65.0,-0.42753125373031414,-0.42753125373031414,0.95,0.4227357349721219,0.14953247632875039,0.8329892045989638,0.8719346049046321,0.1780637725701114,0.0,0.0,0.0,0.0,0,0
-0.4251999538489714,295.0,65.0,-0.4251999538489714,-0.4251999538489714,0.95,0.42234740892652606,0.14506896259137125,0.8298387587400563,0.8746594005449592,0.18298631435181315,0.0,0.0,0.0,0.0,0,0
-0.4221722453128248,300.0,65.0,-0.4221722453128248,-0.4221722453128248,0.95,0.42089929919855235,0.13979340204847346,0.8257269707554125,0.8756756756756757,0.18793832874300803,0.0,0.0,0.0,0.0,0,0
-0.42092290579981373,305.0,65.0,-0.42092290579981373,-0.42092290579981373,0.95,0.41788754730205724,0.15076465383893378,0.822433615440115,0.8953168044077136,0.19345126082047423,0.0,0.0,0.0,0.0,0,0
-0.4230665182170564,310.0,65.0,-0.4230665182170564,-0.4230665182170564,0.95,0.41788754730205724,0.16087175496856843,0.8186971072301396,0.8898071625344353,0.19956250554258181,0.0,0.0,0.0,0.0,0,0
-0.4230080431647286,315.0,65.0,-0.4230080431647286,-0.4230080431647286,0.95,0.41592368621856735,0.1657053943502555,0.8122300958285645,0.8784530386740331,0.20684856918143868,0.0,0.0,0.0,0.0,0,0
-0.4215234190962442,320.0,65.0,-0.4215234190962442,-0.4215234190962442,0.95,0.41390902299522486,0.17122448168661375,0.802614757906003,0.875,0.21364480198019803,0.0,0.0,0.0,0.0,0,0
-0.42727103228945235,325.0,65.0,-0.42727103228945235,-0.42727103228945235,0.95,0.4168656845553114,0.1784974943804103,0.7919132278005891,0.8207792207792208,0.22177739649858608,0.0,0.0,0.0,0.0,0,0
-0.4262352392148926,330.0,65.0,-0.4262352392148926,-0.4262352392148926,0.95,0.40903218956513665,0.18603736565113554,0.7919132278005891,0.8186528497409327,0.23098233491949677,0.0,0.0,0.0,0.0,0,0
-0.42400209008127443,335.0,65.0,-0.42400209008127443,-0.42400209008127443,0.95,0.40498225801643484,0.193177804108888,0.7812838138562351,0.8160621761658031,0.2406775122179822,0.0,0.0,0.0,0.0,0,0
-0.4195808644108018,340.0,65.0,-0.4195808644108018,-0.4195808644108018,0.95,0.4011344208310948,0.1920313804958301,0.7812116976951762,0.8418367346938775,0.24936500308917417,0.0,0.0,0.0,0.0,0,0
-0.4156371030404899,345.0,65.0,-0.4156371030404899,-0.4156371030404899,0.95,0.40087670116769625,0.1920313804958301,0.770528451211957,0.8535353535353535,0.25750167094663523,0.0,0.0,0.0,0.0,0,0
-0.41324801198292593,350.0,65.0,-0.41324801198292593,-0.41324801198292593,0.95,0.40034750323513385,0.19188228670410012,0.7614058863772039,0.8521303258145363,0.2690047940020906,0.0,0.0,0.0,0.0,0,0
-0.4076275382133879,355.0,65.0,-0.4076275382133879,-0.4076275382133879,0.95,0.3982506134250611,0.19188228670410012,0.7452865337921606,0.8596491228070176,0.2764779228399589,0.0,0.0,0.0,0.0,0,0
-0.3769398846993947,0.0,70.0,-0.3769398846993947,-0.3769398846993947,0.95,0.381717441497158,0.13945664670942343,0.717961077063261,0.9010152284263959,0.28325709057639525,0.0,0.0,0.0,0.0,0,0
-0.37195747788201095,5.0,70.0,-0.37195747788201095,-0.37195747788201095,0.95,0.37302940098060183,0.15813042583752085,0.6973194491977023,0.9111675126903553,0.2855719557195572,0.0,0.0,0.0,0.0,0,0
-0.36454048039354064,10.0,70.0,-0.36454048039354064,-0.36454048039354064,0.95,0.36599421121171327,0.16447053146063695,0.6768663952478322,0.9219143576826196,0.28918658156449456,0.0,0.0,0.0,0.0,0,0
-0.35717807915561883,15.0,70.0,-0.35717807915561883,-0.35717807915561883,0.95,0.3642775888355505,0.16236999694111984,0.6554981775444745,0.93,0.28814252770958865,0.0,0.0,0.0,0.0,0,0
-0.35363772476393,20.0,70.0,-0.35363772476393,-0.35363772476393,0.95,0.370399627806544,0.16365857675036127,0.6341323147998129,0.9396984924623115,0.28363866077068856,0.0,0.0,0.0,0.0,0,0
-0.35196784972666234,25.0,70.0,-0.35196784972666234,-0.35196784972666234,0.95,0.37565793897899247,0.16447053146066537,0.6162830021723279,0.9348370927318296,0.2789799933187335,0.0,0.0,0.0,0.0,0,0
-0.3473932905293937,30.0,70.0,-0.3473932905293937,-0.3473932905293937,0.95,0.37737320656057854,0.1597576724501738,0.5992856859031487,0.9331683168316832,0.27504257051899017,0.0,0.0,0.0,0.0,0,0
-0.3462580685072789,35.0,70.0,-0.3462580685072789,-0.3462580685072789,0.95,0.38664592015060845,0.15997827825083075,0.5794878552081343,0.9326683291770573,0.27476828772940437,0.0,0.0,0.0,0.0,0,0
-0.3472700321521314,40.0,70.0,-0.3472700321521314,-0.3472700321521314,0.95,0.3916646614891908,0.16052295158120078,0.5603747313028475,0.8962025316455696,0.2753895458061664,0.0,0.0,0.0,0.0,0,0
-0.34610052151042314,45.0,70.0,-0.34610052151042314,-0.34610052151042314,0.95,0.39393415505581597,0.16284662204008518,0.5473832648918936,0.8903061224489796,0.2770699467596842,0.0,0.0,0.0,0.0,0,0
-0.351800129856964,50.0,70.0,-0.351800129856964,-0.351800129856964,0.95,0.40518030748908546,0.17713501456043795,0.5350765052706681,0.883248730964467,0.2795769751527793,0.0,0.0,0.0,0.0,0,0
-0.3467276100366752,55.0,70.0,-0.3467276100366752,-0.3467276100366752,0.95,0.40798722119083647,0.1712244816866142,0.5166752487758538,0.8844221105527639,0.2824302134646962,0.0,0.0,0.0,0.0,0,0
-0.34082468385808995,60.0,70.0,-0.34082468385808995,-0.34082468385808995,0.95,0.3992361313664129,0.173404808048616,0.5060033352425958,0.8872180451127819,0.2848879511059371,0.0,0.0,0.0,0.0,0,0
-0.33881733438434847,65.0,70.0,-0.33881733438434847,-0.33881733438434847,0.95,0.4012736211919976,0.17122448168661375,0.49646250748813825,0.8861386138613861,0.28792659485728794,0.0,0.0,0.0,0.0,0,0
-0.3363386560857696,70.0,70.0,-0.3363386560857696,-0.3363386560857696,0.95,0.3987649234339556,0.17122448168661375,0.4912184846135073,0.8877805486284289,0.29263881352866705,0.0,0.0,0.0,0.0,0,0
-0.3302165986634704,75.0,70.0,-0.3302165986634704,-0.3302165986634704,0.95,0.3857945484323039,0.1819260117920276,0.48156885474360145,0.899749373433584,0.29641928963326597,0.0,0.0,0.0,0.0,0,0
-0.3270106757968768,80.0,70.0,-0.3270106757968768,-0.3270106757968768,0.95,0.37394581976412955,0.19262754189744058,0.48156885474360145,0.9111675126903553,0.30004323389537396,0.0,0.0,0.0,0.0,0,0
-0.31817178275123587,85.0,70.0,-0.31817178275123587,-0.31817178275123587,0.95,0.36303331953069584,0.19262754189744058,0.471136102419793,0.9298245614035088,0.3050152795254359,0.0,0.0,0.0,0.0,0,0
-0.3131931120147769,90.0,70.0,-0.3131931120147769,-0.3131931120147769,0.95,0.35421561812276675,0.19287103501884517,0.47115642404383573,0.945,0.30928389572202103,0.0,0.0,0.0,0.0,0,0
-0.3041660928102664,95.0,70.0,-0.3041660928102664,-0.3041660928102664,0.95,0.3350823199001408,0.19262754189744058,0.4728675235184371,0.9624060150375939,0.312343560037188,0.0,0.0,0.0,0.0,0,0
-0.3003550397561916,100.0,70.0,-0.3003550397561916,-0.3003550397561916,0.95,0.3257365139583415,0.19262754189744058,0.48156885474360145,0.9848866498740554,0.31338767664542766,0.0,0.0,0.0,0.0,0,0
-0.2922847766802257,105.0,70.0,-0.2922847766802257,-0.2922847766802257,0.95,0.3132234680381181,0.1819260117920276,0.4820354455653733,0.9899497487437185,0.3151044437351491,0.0,0.0,0.0,0.0,0,0
-0.29185911103397416,110.0,70.0,-0.29185911103397416,-0.29185911103397416,0.95,0.3070312485897562,0.1819260117920276,0.4922703848490153,0.9950248756218906,0.31620190610660076,0.0,0.0,0.0,0.0,0,0
-0.2874600312997421,115.0,70.0,-0.2874600312997421,-0.2874600312997421,0.95,0.29520569821764847,0.17453909309630267,0.5029719149544283,1.0,0.3152868478337195,0.0,0.0,0.0,0.0,0,0
-0.2829741466051581,120.0,70.0,-0.2829741466051581,-0.2829741466051581,0.95,0.28009715893177445,0.17006768706995096,0.5136734450598421,1.0,0.3143615349697964,0.0,0.0,0.0,0.0,0,0
-0.28123317075407983,125.0,70.0,-0.28123317075407983,-0.28123317075407983,0.95,0.27502172266866526,0.16052295158120078,0.5243749751652542,1.0,0.3135198944517742,0.0,0.0,0.0,0.0,0,0
-0.27735140723366547,130.0,70.0,-0.27735140723366547,-0.27735140723366547,0.95,0.26472833530830925,0.14982142147578692,0.5360188709655801,1.0,0.31063638873550525,0.0,0.0,0.0,0.0,0,0
-0.28093486401174683,135.0,70.0,-0.28093486401174683,-0.28093486401174683,0.95,0.2618294095976171,0.14833283520930496,0.5564795654814949,1.0,0.30822810870161954,0.0,0.0,0.0,0.0,0,0
-0.28364172889915984,140.0,70.0,-0.28364172889915984,-0.28364172889915984,0.95,0.2689388795780443,0.1370587762172022,0.5672059320545664,1.0,0.3041374139458796,0.0,0.0,0.0,0.0,0,0
-0.28835511091164645,145.0,70.0,-0.28835511091164645,-0.28835511091164645,0.95,0.2774812574322573,0.12086627595723837,0.5885841557977356,1.0,0.30226265769269794,0.0,0.0,0.0,0.0,0,0
-0.2952053077136564,150.0,70.0,-0.2952053077136564,-0.2952053077136564,0.95,0.2918522605732155,0.10964702097376744,0.6042105929637133,1.0,0.2981691368788143,0.0,0.0,0.0,0.0,0,0
-0.30230983319831994,155.0,70.0,-0.30230983319831994,-0.30230983319831994,0.95,0.30741086299699466,0.09612745715037807,0.6212544948477102,1.0,0.2950024904532625,0.0,0.0,0.0,0.0,0,0
-0.30728469661444613,160.0,70.0,-0.30728469661444613,-0.30728469661444613,0.95,0.31545249126784625,0.08223526573033269,0.6421795346988979,1.0,0.29217619986850757,0.0,0.0,0.0,0.0,0,0
-0.3204091051878863,165.0,70.0,-0.3204091051878863,-0.3204091051878863,0.95,0.3266080969701563,0.08223526573033269,0.6634948665356291,0.9666666666666667,0.28761105144977056,0.0,0.0,0.0,0.0,0,0
-0.3334943043190327,170.0,70.0,-0.3334943043190327,-0.3334943043190327,0.95,0.3433520656281236,0.08223526573033269,0.6848979267464559,0.9562982005141388,0.2825611325611326,0.0,0.0,0.0,0.0,0,0
-0.347514267774532,175.0,70.0,-0.347514267774532,-0.347514267774532,0.95,0.36206605779487766,0.08080000606492793,0.7063009869572827,0.9408740359897172,0.27263485608996757,0.0,0.0,0.0,0.0,0,0
-0.35985173873368625,180.0,70.0,-0.35985173873368625,-0.35985173873368625,0.95,0.3760851468969012,0.08080000606492793,0.7277040471681087,0.9270833333333334,0.26325846568304984,0.0,0.0,0.0,0.0,0,0
-0.3679900167259632,185.0,70.0,-0.3679900167259632,-0.3679900167259632,0.95,0.38789573747938466,0.07615422289431789,0.7410641369107366,0.9147286821705426,0.2516280361717231,0.0,0.0,0.0,0.0,0,0
-0.37798135468238064,190.0,70.0,-0.37798135468238064,-0.37798135468238064,0.95,0.40004098609904687,0.08223526573033269,0.7524152729151332,0.9069767441860465,0.23883996355906467,0.0,0.0,0.0,0.0,0,0
-0.3859943638494722,195.0,70.0,-0.3859943638494722,-0.3859943638494722,0.95,0.408864661406692,0.08223526573033269,0.7640354153546729,0.8911917098445595,0.22534917034737972,0.0,0.0,0.0,0.0,0,0
-0.3890043153537632,200.0,70.0,-0.3890043153537632,-0.3890043153537632,0.95,0.4108577725926671,0.08223526573033269,0.771734234861128,0.8883116883116883,0.21389841437322313,0.0,0.0,0.0,0.0,0,0
-0.39201427607451356,205.0,70.0,-0.39201427607451356,-0.39201427607451356,0.95,0.4123710027777671,0.08841905109317677,0.7737711503311308,0.8848167539267016,0.203982683982684,0.0,0.0,0.0,0.0,0,0
-0.40225857316013114,210.0,70.0,-0.40225857316013114,-0.40225857316013114,0.95,0.41819341778953184,0.10452842661500963,0.7812297308955973,0.8645833333333334,0.19602038202055283,0.0,0.0,0.0,0.0,0,0
-0.40244120384082593,215.0,70.0,-0.40244120384082593,-0.40244120384082593,0.95,0.4151086237431272,0.11047026290017824,0.7820703565961377,0.8673740053050398,0.19057532705021804,0.0,0.0,0.0,0.0,0,0
-0.40798459983837143,220.0,70.0,-0.40798459983837143,-0.40798459983837143,0.95,0.41833368999146003,0.1187101289357661,0.7837360550857371,0.8496042216358839,0.1863367881422044,0.0,0.0,0.0,0.0,0,0
-0.4138552875261723,225.0,70.0,-0.4138552875261723,-0.4138552875261723,0.95,0.420512769844713,0.1284183612649601,0.7919132278005891,0.8443271767810027,0.18335637268454522,0.0,0.0,0.0,0.0,0,0
-0.4169700741147015,230.0,70.0,-0.4169700741147015,-0.4169700741147015,0.95,0.42134570680400135,0.13484040656425064,0.7931042656394527,0.8355437665782494,0.18073182792154277,0.0,0.0,0.0,0.0,0,0
-0.41871808199663485,235.0,70.0,-0.41871808199663485,-0.41871808199663485,0.95,0.42294843020004297,0.13911989137037395,0.7939682816294301,0.8373333333333334,0.17901757646994507,0.0,0.0,0.0,0.0,0,0
-0.42144703268967154,240.0,70.0,-0.42144703268967154,-0.42144703268967154,0.95,0.4253842222084362,0.13911989137037395,0.7979683774718356,0.8297872340425532,0.179431908101176,0.0,0.0,0.0,0.0,0,0
-0.4219586532643133,245.0,70.0,-0.4219586532643133,-0.4219586532643133,0.95,0.42494118546758847,0.13971233826275603,0.7997671801853932,0.8288770053475936,0.17978294066317627,0.0,0.0,0.0,0.0,0,0
-0.42315091384874237,250.0,70.0,-0.42315091384874237,-0.42315091384874237,0.95,0.4220468982897695,0.1496769489022743,0.801705723283118,0.8351351351351352,0.18145568755974328,0.0,0.0,0.0,0.0,0,0
-0.428287484900417,255.0,70.0,-0.428287484900417,-0.428287484900417,0.95,0.4282503557056048,0.14982142147578692,0.8040538749228392,0.8148148148148148,0.18246036743969554,0.0,0.0,0.0,0.0,0,0
-0.42995080493051924,260.0,70.0,-0.42995080493051924,-0.42995080493051924,0.95,0.4282539101907376,0.14982142147578692,0.8071159674730248,0.8058510638297872,0.18324492207899293,0.0,0.0,0.0,0.0,0,0
-0.43048969056273956,265.0,70.0,-0.43048969056273956,-0.43048969056273956,0.95,0.4280612042165348,0.14982142147578692,0.8123676191569206,0.8128205128205128,0.1844169474672706,0.0,0.0,0.0,0.0,0,0
-0.43107019820719605,270.0,70.0,-0.43107019820719605,-0.43107019820719605,0.95,0.42816230508528874,0.14982142147578692,0.8145278883447403,0.8128205128205128,0.18588798308338667,0.0,0.0,0.0,0.0,0,0
-0.43123554118160423,275.0,70.0,-0.43123554118160423,-0.43123554118160423,0.95,0.42815311409722023,0.14982142147578692,0.8143724358868932,0.8107416879795396,0.18742649117894147,0.0,0.0,0.0,0.0,0,0
-0.4303943901661138,280.0,70.0,-0.4303943901661138,-0.4303943901661138,0.95,0.4280612042165348,0.14982142147578692,0.8121779055368419,0.8132992327365729,0.18947725537870005,0.0,0.0,0.0,0.0,0,0
-0.42836330956844515,285.0,70.0,-0.42836330956844515,-0.42836330956844515,0.95,0.42504342471547607,0.14982142147578692,0.8119510840563012,0.8209718670076727,0.1920813574815746,0.0,0.0,0.0,0.0,0,0
-0.4271724608288028,290.0,70.0,-0.4271724608288028,-0.4271724608288028,0.95,0.4250093449661802,0.1496769489022743,0.8085897792017424,0.8239795918367347,0.19503597330174233,0.0,0.0,0.0,0.0,0,0
-0.42236668363844737,295.0,70.0,-0.42236668363844737,-0.42236668363844737,0.95,0.4209043799492673,0.1396312744770372,0.8064655729805469,0.8251928020565553,0.1987526718004275,0.0,0.0,0.0,0.0,0,0
-0.4207378425608164,300.0,70.0,-0.4207378425608164,-0.4207378425608164,0.95,0.4206286413329273,0.13911989137037395,0.802784415626806,0.8298969072164949,0.20316167949365585,0.0,0.0,0.0,0.0,0,0
-0.4194318910819868,305.0,70.0,-0.4194318910819868,-0.4194318910819868,0.95,0.4192495347867342,0.13911989137037395,0.7997671801853964,0.8298969072164949,0.20705988836928646,0.0,0.0,0.0,0.0,0,0
-0.41847671130494185,310.0,70.0,-0.41847671130494185,-0.41847671130494185,0.95,0.4175059152410287,0.13911989137037395,0.799767180185397,0.8324742268041238,0.21221430326861637,0.0,0.0,0.0,0.0,0,0
-0.4134946426481318,315.0,70.0,-0.4134946426481318,-0.4134946426481318,0.95,0.4117854348585639,0.1370587762172022,0.7919132278005891,0.834625322997416,0.21809425524595802,0.0,0.0,0.0,0.0,0,0
-0.414879609423213,320.0,70.0,-0.414879609423213,-0.414879609423213,0.95,0.41032508104701615,0.14269129783361723,0.7919132278005891,0.8290155440414507,0.2250851992228557,0.0,0.0,0.0,0.0,0,0
-0.4144760272959087,325.0,70.0,-0.4144760272959087,-0.4144760272959087,0.95,0.4077691149907888,0.14982142147578692,0.789325573110341,0.8341836734693877,0.23108643418403793,0.0,0.0,0.0,0.0,0,0
-0.409592457748207,330.0,70.0,-0.409592457748207,-0.409592457748207,0.95,0.40445789386825737,0.14982142147578692,0.7812116976951762,0.8494897959183674,0.2385084117101603,0.0,0.0,0.0,0.0,0,0
-0.4076639895957047,335.0,70.0,-0.4076639895957047,-0.4076639895957047,0.95,0.4013277105786437,0.15076465383893378,0.7812116976951762,0.8586118251928021,0.24579363470504764,0.0,0.0,0.0,0.0,0,0
-0.40461292313358416,340.0,70.0,-0.40461292313358416,-0.40461292313358416,0.95,0.39965724005155523,0.15238432159569779,0.7707782234043737,0.8604060913705583,0.2541489838871062,0.0,0.0,0.0,0.0,0,0
-0.39848000559053737,345.0,70.0,-0.39848000559053737,-0.39848000559053737,0.95,0.39986255014724387,0.13747592838295064,0.7705101675897624,0.8846153846153846,0.2633802816901408,0.0,0.0,0.0,0.0,0,0
-0.3955873691414273,350.0,70.0,-0.3955873691414273,-0.3955873691414273,0.95,0.3987538044806238,0.13747592838295064,0.7598086374843485,0.8823529411764706,0.2725124422643131,0.0,0.0,0.0,0.0,0,0
-0.38576442750541723,355.0,70.0,-0.38576442750541723,-0.38576442750541723,0.95,0.38970455793804853,0.1370587762172022,0.738481871282617,0.8900255754475703,0.2783194983144235,0.0,0.0,0.0,0.0,0,0
