score,azimuth_deg,elevation_deg,frame0_score,frame0_pred_to_observed_p90_m,frame0_pred_to_observed_median_m,frame0_observed_to_predicted_p90_m,frame0_pred_boundary_support_0p35m,frame0_iou_diagnostic
-0.7491225513840917,0.0,20.0,-0.7491225513840917,1.6971879953046412,0.05727769143263804,0.06661751049257984,0.6072644721906924,0.23417969068300712
-0.8162701453261052,5.0,20.0,-0.8162701453261052,1.731459565498619,0.15932835949461602,0.1617604365062188,0.565858798735511,0.23119999435064156
-0.8896545948430817,10.0,20.0,-0.8896545948430817,1.7942770419730567,0.26843999621984194,0.23880736349331905,0.5486806187443131,0.25137386458090405
-0.973735054787977,15.0,20.0,-0.973735054787977,1.9081448599035296,0.3493144521300925,0.2932651321157649,0.5016778523489933,0.21376218913732403
-1.074676348283989,20.0,20.0,-1.074676348283989,2.061132952356524,0.4368429480269352,0.34332830921271884,0.4481964696853415,0.16607715752325955
-1.169479062908116,25.0,20.0,-1.169479062908116,2.180562395033758,0.5049505894887032,0.3884381855199313,0.2609308885754584,0.12743910236994258
-1.1838134077472067,30.0,20.0,-1.1838134077472067,2.1755277771480497,0.4879270853053246,0.4366478481029763,0.17541436464088397,0.10141616630385379
-1.203803682956041,35.0,20.0,-1.203803682956041,2.185108577246906,0.5085638768221524,0.47719172522436004,0.1667864845434939,0.08206117002696622
-1.2063725236902358,40.0,20.0,-1.2063725236902358,2.170511094954395,0.4970022208247672,0.5165632207912819,0.15223274695534506,0.06419397803679078
-1.2283313684384116,45.0,20.0,-1.2283313684384116,2.1808987105269457,0.533683349297606,0.5500911932626444,0.1497175141242938,0.05551238591916558
-1.2421347031754437,50.0,20.0,-1.2421347031754437,2.1797220023907515,0.5638822430698651,0.5795047389620136,0.15600843288826424,0.05095901100706424
-1.2566016544827032,55.0,20.0,-1.2566016544827032,2.178378324777855,0.5937209674876274,0.6112915117909301,0.16002795248078266,0.04705168346449095
-1.269345135616137,60.0,20.0,-1.269345135616137,2.1787142441810796,0.6207039181467022,0.6331551072460316,0.15605318404478657,0.04360470977237444
-1.280279067521466,65.0,20.0,-1.280279067521466,2.1777072799851322,0.6420214227900272,0.6563659867760707,0.154006968641115,0.039046200449366075
-1.2565971777507625,70.0,20.0,-1.2565971777507625,2.0933007991901236,0.660089639991738,0.6773638130683602,0.1508650519031142,0.034179670391550815
-1.2280022742381373,75.0,20.0,-1.2280022742381373,2.003473468052726,0.6716325452232941,0.6947637542261095,0.14986187845303867,0.029476877562021286
-1.195282009705323,80.0,20.0,-1.195282009705323,1.905499972727125,0.6821842370515596,0.7106410829753934,0.15124309392265192,0.02552404933763374
-1.1361540985392644,85.0,20.0,-1.1361540985392644,1.7548860947887264,0.673610009144927,0.7199280428495264,0.14184852374839538,0.02194155088974202
-1.117517899726769,90.0,20.0,-1.117517899726769,1.7030765552723497,0.6762818115870768,0.726121184894602,0.14313471502590674,0.018520408290253452
-1.0961739142436837,95.0,20.0,-1.0961739142436837,1.649020441927137,0.675553281684418,0.7295255432882253,0.14703968770331816,0.015377316296298127
-1.0442143092386347,100.0,20.0,-1.0442143092386347,1.528339379842561,0.6629228497789205,0.7305941229117446,0.1550068587105624,0.01269729300767128
-1.0160334724548141,105.0,20.0,-1.0160334724548141,1.4722601444423362,0.6522357740299684,0.7213722880195197,0.1627260083449235,0.01014946915685059
-0.9658082914244978,110.0,20.0,-0.9658082914244978,1.3645012244778896,0.6407861756003843,0.7096778996050307,0.1760821716801174,0.00803126776029977
-0.8178687698716821,115.0,20.0,-0.8178687698716821,1.0324767980213938,0.6102814780493281,0.6926863073252564,0.20863895680521596,0.006572695406571252
-0.7829374315837392,120.0,20.0,-0.7829374315837392,0.974512551586244,0.5879340923003333,0.6724819341198579,0.2197159565580618,0.005559648844007185
-0.7446002350425783,125.0,20.0,-0.7446002350425783,0.9138982868366362,0.5612098153775911,0.6464593326329099,0.2287636669470143,0.004048700217635733
-0.7103513873120115,130.0,20.0,-0.7103513873120115,0.8668489479362352,0.535986581515092,0.6174948915968739,0.247585601404741,0.0045422009778349325
-0.6688976548162644,135.0,20.0,-0.6688976548162644,0.8032947166302867,0.510465810252738,0.5826504652010638,0.256993006993007,0.005813939279892666
-0.6148847913575859,140.0,20.0,-0.6148847913575859,0.7182654239613913,0.47212619629167457,0.5475261515814279,0.2733446519524618,0.008261481829186946
-0.5883455495583019,145.0,20.0,-0.5883455495583019,0.7101784616298111,0.4360759393555981,0.5071375587578839,0.31529209621993126,0.021606714202789812
-0.5469133114290621,150.0,20.0,-0.5469133114290621,0.6733032191220507,0.3943465331065206,0.46468189045005615,0.3716508210890233,0.04058756230027748
-0.4972661768946882,155.0,20.0,-0.4972661768946882,0.6245295233432204,0.3527604553802002,0.41639350774039524,0.4483412322274882,0.06260625180817501
-0.4143206021636975,160.0,20.0,-0.4143206021636975,0.5558792859718066,0.30465675691926375,0.36626139052952006,0.757606490872211,0.08848201698686954
-0.3565050326369298,165.0,20.0,-0.3565050326369298,0.48830859227381895,0.2538806307660533,0.314716719885491,0.8096774193548387,0.11878122406090771
-0.31267374898446376,170.0,20.0,-0.31267374898446376,0.45174409097002566,0.2004729706401404,0.2604610925019377,0.8325740318906606,0.15417605485267383
-0.2694189888935599,175.0,20.0,-0.2694189888935599,0.41726396529979826,0.14965595076735738,0.20557768355600875,0.8629500580720093,0.20985928075102053
-0.19695067686718426,180.0,20.0,-0.19695067686718426,0.38345081379719714,0.04810369846093643,0.07764829516757919,0.8786764705882353,0.2917633678837921
-0.23830729111026852,185.0,20.0,-0.23830729111026852,0.385797031584729,0.1364140594464961,0.1506387555579126,0.8777472527472527,0.27097485472743643
-0.387771005977279,190.0,20.0,-0.387771005977279,0.5088880137970657,0.26679230296290984,0.35276045538019973,0.7067238912732475,0.18743330086726348
-0.593469902994051,195.0,20.0,-0.593469902994051,0.708384438155325,0.4116829338467456,0.5671996561769835,0.346045197740113,0.14546873406552477
-0.6779478449409352,200.0,20.0,-0.6779478449409352,0.743390096002539,0.5588112527413002,0.6547447846071894,0.22797202797202798,0.09084684063810142
-0.6995556218343462,205.0,20.0,-0.6995556218343462,0.7383732809635383,0.6253480799921727,0.6574172122994635,0.164850136239782,0.029125735639642866
-0.7175129887678814,210.0,20.0,-0.7175129887678814,0.7327246028917161,0.6434499813199194,0.6574172122994635,0.007936507936507936,0.008613268392389389
-0.7153923979920708,215.0,20.0,-0.7153923979920708,0.7250608161442046,0.6440550738380924,0.6574172122994635,0.0,0.006968937638882323
-0.7160929265072343,220.0,20.0,-0.7160929265072343,0.7238551298682173,0.6461138582480517,0.660089639991738,0.0,0.006604904420578572
-0.7167296246809167,225.0,20.0,-0.7167296246809167,0.7231406775544051,0.6498037746448808,0.660089639991738,0.0,0.006125597208285282
-0.7312439735117341,230.0,20.0,-0.7312439735117341,0.7563384184050055,0.6547447846071894,0.660089639991738,0.0,0.00530143236183174
-0.7505680647354539,235.0,20.0,-0.7505680647354539,0.8046486464643051,0.6547447846071894,0.660089639991738,0.0,0.00460705607008629
-0.7153509159134585,240.0,20.0,-0.7153509159134585,0.7450686709526724,0.6490256059078485,0.6574172122994635,0.09287257019438445,0.005070278946683441
-0.7117945143362953,245.0,20.0,-0.7117945143362953,0.7343405751273371,0.6488770602131573,0.6574172122994635,0.0851528384279476,0.004896049260590971
-0.7110571242375603,250.0,20.0,-0.7110571242375603,0.7265425823520095,0.6483431528875625,0.6574172122994635,0.06,0.004747256731417435
-0.717535942857661,255.0,20.0,-0.717535942857661,0.7270160281325908,0.6495009141190349,0.6574172122994635,0.0,0.004664652428617556
-0.7215220398975778,260.0,20.0,-0.7215220398975778,0.7356227957883593,0.6498037746448808,0.6592879116840556,0.0,0.005157883694093786
-0.7319294746306201,265.0,20.0,-0.7319294746306201,0.7601609087913123,0.6513708044646425,0.660089639991738,0.0,0.0051519774674334
-0.7460359873295854,270.0,20.0,-0.7460359873295854,0.7949887202573052,0.6520723569149154,0.660089639991738,0.0,0.005203133625397869
-0.7398508438215029,275.0,20.0,-0.7398508438215029,0.779525861487099,0.6520723569149154,0.660089639991738,0.0,0.005143268403714388
-0.7596639571264077,280.0,20.0,-0.7596639571264077,0.8290586447493608,0.6520723569149154,0.660089639991738,0.0,0.005158881971736282
-0.7872266087301588,285.0,20.0,-0.7872266087301588,0.8979652737587386,0.6520723569149154,0.660089639991738,0.0,0.004638765436335662
-0.8065718804744217,290.0,20.0,-0.8065718804744217,0.9463127379780888,0.652097501141007,0.660089639991738,0.0,0.004643945505064085
-0.8621226778667138,295.0,20.0,-0.8621226778667138,1.0850640321361982,0.6522986200572002,0.660089639991738,0.0,0.004625017788529956
-0.8985756451544028,300.0,20.0,-0.8985756451544028,1.175945167906664,0.6527006719752106,0.660089639991738,0.0,0.004334299465525035
-1.130835681557425,305.0,20.0,-1.130835681557425,1.7542201673187476,0.6565008185279657,0.660089639991738,0.0,0.004309944836830438
-1.0839604380973817,310.0,20.0,-1.0839604380973817,1.6358962531451955,0.6556456796732011,0.6627620676840125,0.0,0.004524433945266361
-1.1069112075005487,315.0,20.0,-1.1069112075005487,1.6923093717751185,0.6565008185279657,0.663449016634039,0.0,0.0051665784528428325
-1.1359980461847632,320.0,20.0,-1.1359980461847632,1.7593659890970519,0.6574172122994635,0.6715893898843059,0.0,0.005657040184169646
-1.1496574898004297,325.0,20.0,-1.1496574898004297,1.7593659890970519,0.6619423840053149,0.7217019926411207,0.0,0.0069060898334041415
-1.1620482785408788,330.0,20.0,-1.1620482785408788,1.7589368761406479,0.6886131097436141,0.7452810025948641,0.0,0.008004641901069483
-1.1352178254127776,335.0,20.0,-1.1352178254127776,1.754722074343682,0.6732263427094808,0.660089639991738,0.0,0.009492526518804244
-1.12384869972277,340.0,20.0,-1.12384869972277,1.7516507395383616,0.6822135251875123,0.660089639991738,0.12387387387387387,0.014725660684456247
-1.0297255483760075,345.0,20.0,-1.0297255483760075,1.7280508025870902,0.5299147771334767,0.5291406830703003,0.26258637709772953,0.02322565651870788
-0.8952946323524966,350.0,20.0,-0.8952946323524966,1.6985872290301884,0.3420947089847922,0.3400676582322124,0.5468085106382978,0.051676334008062735
-0.7824553672930111,355.0,20.0,-0.7824553672930111,1.6605496621524916,0.15860636729600877,0.15911176183503373,0.6119402985074627,0.131464107264819
-0.7588384703754492,0.0,25.0,-0.7588384703754492,1.7027516061438952,0.06642797361862461,0.07976658129618307,0.5881081081081081,0.23529411764705882
-0.8237679748651751,5.0,25.0,-0.8237679748651751,1.7405658080672657,0.15500080615190592,0.17844077465451574,0.5581874356333677,0.24739192121515607
-0.8805647753305178,10.0,25.0,-0.8805647753305178,1.8075421278205144,0.2100025428278869,0.23425759504599986,0.535171102661597,0.28048111084972527
-0.9545339247952304,15.0,25.0,-0.9545339247952304,1.8977002975609367,0.31190417472600007,0.2756349540813277,0.5143097643097643,0.24379042787891522
-1.0683457728807952,20.0,25.0,-1.0683457728807952,2.021825824993662,0.513791421883273,0.3158125407922395,0.47785547785547783,0.19726109656219246
-1.1335363803094878,25.0,25.0,-1.1335363803094878,2.15738725464609,0.5124389445938017,0.35340590016808854,0.45879732739420936,0.15802636193283057
-1.1414675733459163,30.0,25.0,-1.1414675733459163,2.188485522237526,0.44680239002575783,0.39021170964511576,0.43180160466812545,0.12820943633399295
-1.1682130409229607,35.0,25.0,-1.1682130409229607,2.1889929456135104,0.4216556309635607,0.4248312115595311,0.19005847953216373,0.1061739199618108
-1.1767226497991947,40.0,25.0,-1.1767226497991947,2.1847714723175056,0.42977636579297424,0.45355453670512835,0.18018664752333094,0.08872648574885794
-1.187657933415004,45.0,25.0,-1.187657933415004,2.1903462699287717,0.4393535843804419,0.482312352687657,0.1889705882352941,0.07434297540746654
-1.1984800834055094,50.0,25.0,-1.1984800834055094,2.181235026020133,0.46586291388841133,0.5076711942258828,0.173974540311174,0.06223990101642024
-1.2086042062662001,55.0,25.0,-1.2086042062662001,2.1773717575887703,0.4885345475494233,0.5291716685744582,0.1677105080027836,0.050998041340830996
-1.2195328248327753,60.0,25.0,-1.2195328248327753,2.1763655883251904,0.5104336892243801,0.551763535037282,0.16562716562716562,0.043903245199504684
-1.2289794822504532,65.0,25.0,-1.2289794822504532,2.1770835053079036,0.5291406830703003,0.5722115457483211,0.17191977077363896,0.039120832145910514
-1.2052151199975232,70.0,25.0,-1.2052151199975232,2.0956278619070314,0.5451752492239459,0.589773757613972,0.1677327647476901,0.03484383249013374
-1.1757351824492366,75.0,25.0,-1.1757351824492366,2.007254600852868,0.558537387685317,0.6010196183974298,0.17055909412597312,0.030713988539874053
-1.1473299706055933,80.0,25.0,-1.1473299706055933,1.9241151252507758,0.5680539422139226,0.610243577263039,0.16890459363957597,0.026553990521818435
-1.1080652159050912,85.0,25.0,-1.1080652159050912,1.8211831859705665,0.5719281950984575,0.6168395709690007,0.176,0.02276352581305009
-1.0836821605803233,90.0,25.0,-1.0836821605803233,1.757523409416757,0.5699467502838752,0.6195485606819463,0.1670103092783505,0.019462880506314936
-1.0598122509711638,95.0,25.0,-1.0598122509711638,1.6990984959781423,0.5692270984544141,0.6195671610660471,0.1702571230020848,0.01649627929619584
-1.030969383074358,100.0,25.0,-1.030969383074358,1.6335340353959877,0.5638822430698651,0.61548009081652,0.1728481455563331,0.013766932683240956
-0.8782758495821884,105.0,25.0,-0.8782758495821884,1.2728410564567407,0.550520104608494,0.6085517049204976,0.2062852538275584,0.011314077235429824
-0.8721063963490998,110.0,25.0,-0.8721063963490998,1.2721742515415175,0.5392144356300714,0.5992608025844525,0.2138211382113821,0.008989851918543889
-0.7284885581198148,115.0,25.0,-0.7284885581198148,0.9440757062863058,0.5184509723012027,0.5826948474118241,0.2442817932296432,0.007036979212627644
-0.7019744130547649,120.0,25.0,-0.7019744130547649,0.9035383674736355,0.4997439784552835,0.5650180107825726,0.25631431244153413,0.005749472681499626
-0.6680657189988951,125.0,25.0,-0.6680657189988951,0.8480399235712313,0.47839883116104703,0.5442898867467315,0.26822429906542056,0.006291803779643198
-0.6308010129559556,130.0,25.0,-0.6308010129559556,0.790485621626259,0.45182173824633676,0.5219309894735554,0.2883141762452107,0.013172576460776818
-0.6017232096390476,135.0,25.0,-0.6017232096390476,0.7457719890379848,0.43087014724600037,0.4942184995352738,0.2785774767146486,0.022481891806777
-0.5776218892812249,140.0,25.0,-0.5776218892812249,0.7312827899620341,0.401518053520803,0.4651011326049673,0.3154602323503128,0.034039272573564025
-0.5448726499413888,145.0,25.0,-0.5448726499413888,0.699853019094726,0.37048297099045524,0.43242036831699654,0.3579439252336449,0.0482499266849523
-0.4720208879050022,150.0,25.0,-0.4720208879050022,0.6561639501588515,0.33424973377719536,0.39761763639607967,0.7341153470185728,0.06500987115412467
-0.4345554348649639,155.0,25.0,-0.4345554348649639,0.6143566922878216,0.29931190153471565,0.3611184131331513,0.7629482071713147,0.08334735159913367
-0.39834847956107405,160.0,25.0,-0.39834847956107405,0.5796520431580982,0.25928872904888944,0.3233106849115153,0.7916219119226638,0.1031609156132559
-0.36290126719614085,165.0,25.0,-0.36290126719614085,0.5392747859039605,0.22129586049252895,0.28737905310814105,0.7997737556561086,0.12584913334314074
-0.32947988315465054,170.0,25.0,-0.32947988315465054,0.5101316397887706,0.18208562597190064,0.24436672654225122,0.8118586088939567,0.15715426094144894
-0.29961600860591947,175.0,25.0,-0.29961600860591947,0.4922841528131878,0.13908417667379291,0.20063516585541952,0.8222748815165877,0.20993436446851407
-0.24844479410057316,180.0,25.0,-0.24844479410057316,0.4777936692074526,0.05612098153775902,0.10418832413260949,0.8275,0.2964839584940662
-0.2614872913532537,185.0,25.0,-0.2614872913532537,0.4771121719701922,0.09620739692187286,0.11491439076779253,0.8213802435723951,0.3283988043801618
-0.34300274951018656,190.0,25.0,-0.34300274951018656,0.4854675697756064,0.2539129177623797,0.26189791384287586,0.8013698630136986,0.2902711629131465
-0.4870580229831091,195.0,25.0,-0.4870580229831091,0.5681083834901807,0.3751077812135024,0.4305465610912843,0.4159891598915989,0.255011655011655
-0.6619588609216137,200.0,25.0,-0.6619588609216137,0.7339889028093438,0.5045006987504413,0.6413892514397319,0.1810918774966711,0.21033572809551662
-0.6942098857265769,205.0,25.0,-0.6942098857265769,0.729964871749672,0.5958719543731764,0.6547447846071894,0.10430247718383312,0.11995734621511897
-0.7149177981699456,210.0,25.0,-0.7149177981699456,0.7255445838965631,0.6413826461458183,0.6574172122994635,0.0,0.04674055616634901
-0.7131350115823597,215.0,25.0,-0.7131350115823597,0.7203054893843951,0.6426340510149432,0.6574172122994635,0.0,0.011320183406869107
-0.7111776604729027,220.0,25.0,-0.7111776604729027,0.7141263918841128,0.6446912025775668,0.6574172122994635,0.0,0.00622733792439887
-0.7125384747908501,225.0,25.0,-0.7125384747908501,0.7123475190143905,0.6503082287486374,0.660089639991738,0.0,0.0054105592583975435
-0.7276288713307838,230.0,25.0,-0.7276288713307838,0.7467376035363725,0.6556456796732011,0.660089639991738,0.0,0.005800114146246398
-0.7521273508932839,235.0,25.0,-0.7521273508932839,0.8078675927038972,0.6558316152551621,0.660089639991738,0.0,0.005039607052610659
-0.7748442023981513,240.0,25.0,-0.7748442023981513,0.8646597214660657,0.6558316152551621,0.660089639991738,0.0,0.004633159911583865
-0.7956957809766241,245.0,25.0,-0.7956957809766241,0.9167886679122477,0.6558316152551621,0.660089639991738,0.0,0.004713735205064685
-0.8188787172309141,250.0,25.0,-0.8188787172309141,0.9748622182866983,0.6556456796732011,0.660089639991738,0.0,0.004396185647776209
-0.8444032878369697,255.0,25.0,-0.8444032878369697,1.0386736448018374,0.6556456796732011,0.660089639991738,0.0,0.004418589384275882
-0.8688485346719294,260.0,25.0,-0.8688485346719294,1.0997867618892363,0.6556456796732011,0.660089639991738,0.0,0.0046324341659836794
-0.8953020767445267,265.0,25.0,-0.8953020767445267,1.1658507877889788,0.6557574065240026,0.660089639991738,0.0,0.004850997773647337
-0.9195136092800759,270.0,25.0,-0.9195136092800759,1.2264377239972146,0.6556644387330222,0.660089639991738,0.0,0.005022558081311281
-0.9456576860212805,275.0,25.0,-0.9456576860212805,1.291693430523889,0.6558316152551621,0.660089639991738,0.0,0.0050856517423066155
-0.892866591549755,280.0,25.0,-0.892866591549755,1.1611866313985615,0.6534781159695839,0.660089639991738,0.0,0.004923767541553767
-0.9333138687542394,285.0,25.0,-0.9333138687542394,1.2621788734322763,0.6536796375335772,0.660089639991738,0.0,0.0048405367506524745
-0.9570728017465046,290.0,25.0,-0.9570728017465046,1.3215762059129392,0.6536796375335772,0.660089639991738,0.0,0.004817078554680218
-0.977137953209625,295.0,25.0,-0.977137953209625,1.3717390845707407,0.6536796375335772,0.660089639991738,0.0,0.004711883456533956
-1.0369367280058377,300.0,25.0,-1.0369367280058377,1.5205703046402645,0.6547447846071894,0.660089639991738,0.0,0.00511712691130782
-1.1315352053872116,305.0,25.0,-1.1315352053872116,1.7563003017074623,0.6559706988251682,0.660089639991738,0.0,0.005716037856737511
-1.1314388482590856,310.0,25.0,-1.1314388482590856,1.7546530782469423,0.6574172122994635,0.6608932555417708,0.0,0.006372187590767925
-1.1334082744757956,315.0,25.0,-1.1334082744757956,1.754308097763243,0.6613056461057073,0.6654344953762865,0.0,0.006298067658240045
-1.1482166904276632,320.0,25.0,-1.1482166904276632,1.7522587580077118,0.7120485580529553,0.6772041908453574,0.0,0.006969149497697692
-1.1660062066638879,325.0,25.0,-1.1660062066638879,1.7564715453226851,0.708573630340761,0.7450967237984933,0.0,0.008129362905363612
-1.1437078681512496,330.0,25.0,-1.1437078681512496,1.754308097763243,0.7051764484997969,0.6627620676840125,0.0,0.010189077805620561
-1.1350568854546406,335.0,25.0,-1.1350568854546406,1.751203746845985,0.6839896846510262,0.660089639991738,0.014444444444444444,0.013511674235018993
-1.099049709369927,340.0,25.0,-1.099049709369927,1.743800128981232,0.7294064064689195,0.5372800479846652,0.15141955835962145,0.019042254505124073
-0.9485116470591337,345.0,25.0,-0.9485116470591337,1.7047456768033613,0.390475855749198,0.3882653618896708,0.2807192807192807,0.030950599952864505
-0.8428741388178754,350.0,25.0,-0.8428741388178754,1.6952516035321328,0.24586334768923024,0.24496653117473505,0.5793397231096912,0.07579205212374415
-0.7735775116508794,355.0,25.0,-0.7735775116508794,1.695071493964334,0.11233557109588006,0.11215083406338136,0.6057268722466961,0.181262698128857
-0.7761648923748481,0.0,30.0,-0.7761648923748481,1.7207472039630196,0.08787919256575893,0.08761743715084662,0.560081466395112,0.2772776543485113
-0.8423087732626605,5.0,30.0,-0.8423087732626605,1.7665635102902264,0.1802234251890869,0.1764452820154459,0.534838076545633,0.3074571782736083
-0.8951901311411596,10.0,30.0,-0.8951901311411596,1.829093388573957,0.23581378877087206,0.2264422158527972,0.520112254443405,0.31115826184509765
-0.9550452314888813,15.0,30.0,-0.9550452314888813,1.926248155856329,0.28406739417016474,0.2583287823309881,0.510530749789385,0.2657317328245443
-1.031181290479077,20.0,30.0,-1.031181290479077,2.0145731932873097,0.4086405793614886,0.2893721620582601,0.49151172190784154,0.22252889649095528
-1.1818084732538756,25.0,30.0,-1.1818084732538756,2.187978686159057,0.6880497312126398,0.32072710952558287,0.45577211394302847,0.18321829035268328
-1.1674948140468853,30.0,30.0,-1.1674948140468853,2.195432787589964,0.5933855140158308,0.3506681993210001,0.46691729323308273,0.15235062513852132
-1.1440302684148425,35.0,30.0,-1.1440302684148425,2.194753690803131,0.47922176623584023,0.3768976000395699,0.4790104947526237,0.1290055673100791
-1.129861931620531,40.0,30.0,-1.129861931620531,2.194074787974589,0.38144935235726163,0.40117079109347187,0.4342301943198804,0.11099196153888564
-1.1590728895325093,45.0,30.0,-1.1590728895325093,2.1920398291687206,0.38638338939150313,0.4241259235500627,0.2037037037037037,0.09587162792155388
-1.1683674271661335,50.0,30.0,-1.1683674271661335,2.189500368989495,0.40213565223553654,0.44608218399452315,0.19487179487179487,0.08297410016472155
-1.180231686205785,55.0,30.0,-1.180231686205785,2.195093142217402,0.41988750689912036,0.4669682884542549,0.19519519519519518,0.07160872264473071
-1.1875580010746698,60.0,30.0,-1.1875580010746698,2.193565610853183,0.4356057138407019,0.4833702318102597,0.19612229679343773,0.061987400028927296
-1.1765728419835568,65.0,30.0,-1.1765728419835568,2.1478929148282204,0.4502806421605914,0.49667816785303853,0.19324026451138868,0.053887171759949275
-1.1438958670295845,70.0,30.0,-1.1438958670295845,2.0520771405197693,0.459889353612043,0.5078692651732389,0.18874643874643873,0.04693680252473844
-1.1263813392868613,75.0,30.0,-1.1263813392868613,1.9952604905513107,0.47048669202864973,0.5180009416085397,0.1884476534296029,0.040820850545994464
-1.1013954424685786,80.0,30.0,-1.1013954424685786,1.9231746089411115,0.4783645569170898,0.5238444297216087,0.18426647767540752,0.03568337461918679
-1.0819716288622874,85.0,30.0,-1.0819716288622874,1.8680076080915693,0.48370941230163744,0.531336153222584,0.18992805755395684,0.03130468509371328
-1.0003610009726445,90.0,30.0,-1.0003610009726445,1.6664212493659005,0.48314908918162613,0.533052782187851,0.20257966616084977,0.027748163807847424
-0.9788497438299831,95.0,30.0,-0.9788497438299831,1.6152712151461475,0.4810369846093643,0.5323615065527778,0.20608365019011407,0.02502964422422305
-0.9445243867228154,100.0,30.0,-0.9445243867228154,1.5356719744450724,0.4783645569170898,0.5275442834853914,0.21221613155833985,0.02325612666823545
-0.807290254787136,105.0,30.0,-0.807290254787136,1.2101482070937681,0.46767484614799226,0.5233554438146348,0.24526600541027954,0.02240815862811011
-0.7767639050445442,110.0,30.0,-0.7767639050445442,1.1461084368932941,0.45698513537889607,0.5182218253667102,0.25481209899175067,0.022701593786139333
-0.6664474225821236,115.0,30.0,-0.6664474225821236,0.8928692852078783,0.44362299691752405,0.5065498889745726,0.282435129740519,0.024086924399043513
-0.6420215472391128,120.0,30.0,-0.6420215472391128,0.8535697356887239,0.42758843076387887,0.49179022967360997,0.2925101214574899,0.027384392098549978
-0.6067036950443002,125.0,30.0,-0.6067036950443002,0.7909766019739308,0.4098827124927493,0.4729827413410535,0.30403309203722856,0.032977254658189244
-0.5751521798273127,130.0,30.0,-0.5751521798273127,0.7411725470498021,0.3901744430720395,0.45412977880496797,0.3239289446185998,0.041310335495974
-0.5580317882568742,135.0,30.0,-0.5580317882568742,0.7254024260464856,0.3687950215338458,0.4328409215749989,0.32538167938931295,0.05123560221693636
-0.5222519711646717,140.0,30.0,-0.5222519711646717,0.7319491425645764,0.34593014236130804,0.4063341141940567,0.5859375,0.06238456065371909
-0.47719711812838356,145.0,30.0,-0.47719711812838356,0.6867274416085191,0.3198695704860628,0.38065550617907057,0.7262512768130746,0.0746194569084618
-0.45558109793608537,150.0,30.0,-0.45558109793608537,0.6745332909232236,0.2912946184578926,0.3530531035539718,0.7531914893617021,0.08826097129587465
-0.42313141810364935,155.0,30.0,-0.42313141810364935,0.6343285865379139,0.2630700456848442,0.32597697250235225,0.7786177105831533,0.10325337421233617
-0.39916398964314403,160.0,30.0,-0.39916398964314403,0.6114033390846495,0.23313503247768555,0.2959046508045705,0.7765726681127982,0.12090633760856254
-0.37625159392115004,165.0,30.0,-0.37625159392115004,0.5967648025945621,0.2004320769205683,0.2639374658238052,0.7854671280276817,0.14282865838997413
-0.35012268797380025,170.0,30.0,-0.35012268797380025,0.5740619501675649,0.1687520384645603,0.23062582420104327,0.793465577596266,0.17650197628458497
-0.3275581187668433,175.0,30.0,-0.3275581187668433,0.5640024490774922,0.1320710429835677,0.1922575135598181,0.79125,0.2270589443027098
-0.28535280035367755,180.0,30.0,-0.28535280035367755,0.5553979839687736,0.05612098153775902,0.11224977580214272,0.7889908256880734,0.3212098298676749
-0.28406374606741086,185.0,30.0,-0.28406374606741086,0.5578337661330303,0.07361564534277754,0.08363316457290357,0.7838196286472149,0.3783098910958938
-0.35149172695796854,190.0,30.0,-0.35149172695796854,0.5781143742111483,0.1900877031263462,0.19518749335390656,0.7607282184655396,0.3713953571739498
-0.42895236750641413,195.0,30.0,-0.42895236750641413,0.6050762897160441,0.31325698002657737,0.3241740161969982,0.7243589743589743,0.3387365348244388
-0.5643889898714848,200.0,30.0,-0.5643889898714848,0.6288887287440966,0.43827814153297595,0.4960264025385928,0.20742637644046094,0.2741969337035023
-0.6897126356873617,205.0,30.0,-0.6897126356873617,0.735784011734775,0.5651166454890659,0.6547447846071894,0.09566326530612244,0.19421485827262372
-0.7118973496968187,210.0,30.0,-0.7118973496968187,0.7214773923363831,0.6358083587495986,0.6574172122994635,0.0,0.12108426987268044
-0.7117521558374943,215.0,30.0,-0.7117521558374943,0.7157018559486689,0.6444684415326437,0.6574172122994635,0.0,0.06780811771676871
-0.7149053095038583,220.0,30.0,-0.7149053095038583,0.7202521699999257,0.6471281260238143,0.660089639991738,0.0,0.02673144016561781
-0.7227872283411797,225.0,30.0,-0.7227872283411797,0.7369621341302426,0.6519198587645925,0.660089639991738,0.0,0.010534887056897672
-0.7365720420483671,230.0,30.0,-0.7365720420483671,0.7686581295453565,0.6563455209291604,0.660089639991738,0.0,0.0066547455653069975
-0.7543507823686669,235.0,30.0,-0.7543507823686669,0.812543292274205,0.6572442218442016,0.660089639991738,0.0,0.005877781016224618
-0.7787496789006437,240.0,30.0,-0.7787496789006437,0.8734529994704434,0.6573842764581276,0.660089639991738,0.0,0.005193386490927244
-0.8040927812724213,245.0,30.0,-0.8040927812724213,0.9367901704990523,0.6574172122994635,0.660089639991738,0.0,0.004672706774066477
-0.8317425564529131,250.0,30.0,-0.8317425564529131,1.0059146084502817,0.6574172122994635,0.660089639991738,0.0,0.004567880348055107
-0.8586365210001707,255.0,30.0,-0.8586365210001707,1.0731598122688435,0.6574007443787955,0.660089639991738,0.0,0.004483417339869732
-0.8836870173165908,260.0,30.0,-0.8836870173165908,1.1359657504057228,0.6571132286254686,0.660089639991738,0.0,0.0047454961726139545
-0.9069649615395461,265.0,30.0,-0.9069649615395461,1.1939706211668644,0.6574172122994635,0.660089639991738,0.0,0.004859181026496202
-0.9328071583191239,270.0,30.0,-0.9328071583191239,1.2585761131158086,0.6574172122994635,0.660089639991738,0.0,0.005241463538751209
-0.9586482244440477,275.0,30.0,-0.9586482244440477,1.3231787784281184,0.6574172122994635,0.660089639991738,0.0,0.0051764510657128105
-0.9885392683843889,280.0,30.0,-0.9885392683843889,1.399568830086477,0.6547573054074547,0.660089639991738,0.0,0.0053677012773480255
-0.9192389552678506,285.0,30.0,-0.9192389552678506,1.227008271915474,0.6536529460149062,0.660089639991738,0.0,0.005195865070729054
-0.9861987780767631,290.0,30.0,-0.9861987780767631,1.3939847570407657,0.6543298610500897,0.660089639991738,0.0,0.005430407614134181
-1.1305950778199212,295.0,30.0,-1.1305950778199212,1.7542391016665033,0.6555081086215406,0.660089639991738,0.0,0.005426013636600218
-1.1298258237494934,300.0,30.0,-1.1298258237494934,1.7504438691796524,0.6585034643187911,0.660089639991738,0.0,0.005866306364856891
-1.1303049216376713,305.0,30.0,-1.1303049216376713,1.7501770349833605,0.6608467905855695,0.660089639991738,0.0,0.006667343125068703
-1.1315366790075243,310.0,30.0,-1.1315366790075243,1.752801592533765,0.6597743187973896,0.661889849178683,0.0,0.007507194394628185
-1.1334804370142502,315.0,30.0,-1.1334804370142502,1.7535525620294152,0.6628031534336497,0.6654344953762865,0.0,0.008521759823410427
-1.1462483647779922,320.0,30.0,-1.1462483647779922,1.7524623209549817,0.7156192502077119,0.6654344953762865,0.0,0.00955747630854106
-1.1388193979859018,325.0,30.0,-1.1388193979859018,1.749778697686255,0.6955420356538609,0.660089639991738,0.0,0.011354394118471925
-1.1499914959117885,330.0,30.0,-1.1499914959117885,1.7489854713360895,0.7414995895176719,0.660089639991738,0.0,0.013689199141823306
-1.1029996156941055,335.0,30.0,-1.1029996156941055,1.744279335495574,0.6587139083439212,0.583201574544578,0.05190989226248776,0.017017767134986688
-1.0127775682996945,340.0,30.0,-1.0127775682996945,1.7122756223449815,0.5367406116318401,0.4446473650019593,0.17479674796747968,0.022818746818055194
-0.9075732721243529,345.0,30.0,-0.9075732721243529,1.6992928243967818,0.381470621603189,0.31162061452603823,0.45416666666666666,0.045373011275012254
-0.8227724325690845,350.0,30.0,-0.8227724325690845,1.6966829528999468,0.21654237438799745,0.19801646941026357,0.5954045954045954,0.10324603295849302
-0.7646457440121905,355.0,30.0,-0.7646457440121905,1.697297400469899,0.09620739692187241,0.08431536016333459,0.5940390544707091,0.19223987214022556
-0.8367992197152845,0.0,35.0,-0.8367992197152845,1.7677680395359712,0.2452746556266103,0.08037708090720615,0.5172093023255814,0.2869139711438132
-0.9174059973571893,5.0,35.0,-0.9174059973571893,1.832425827314885,0.3697172655502454,0.16657874556348382,0.49638336347197104,0.31437366167023556
-0.9797912721867542,10.0,35.0,-0.9797912721867542,1.8990364561066677,0.45709759816156037,0.21696580417143108,0.4833916083916084,0.31941346182445496
-1.044332822770271,15.0,35.0,-1.044332822770271,1.9940382295570613,0.5304060726800445,0.24597279382414614,0.47377185678601164,0.28284738505454177
-1.1441474335748254,20.0,35.0,-1.1441474335748254,2.136425828563947,0.669968910142706,0.271266327722573,0.4573170731707317,0.24033819073220575
-1.184989258443654,25.0,35.0,-1.184989258443654,2.1979827436229673,0.7087906046976655,0.2953678220517389,0.45243445692883894,0.20356308969249054
-1.1756073712906359,30.0,35.0,-1.1756073712906359,2.2013892517312525,0.647193101926883,0.3174664106543358,0.4611320754716981,0.17350316393320056
-1.1645567953974598,35.0,35.0,-1.1645567953974598,2.199344421254336,0.586677721551782,0.3395915000326493,0.46748278500382556,0.15129714748593295
-1.147597283107608,40.0,35.0,-1.147597283107608,2.1998553399557808,0.5026553833396962,0.35998974503878794,0.48006134969325154,0.13239591520626942
-1.1321079771621632,45.0,35.0,-1.1321079771621632,2.1991741150205204,0.4247281681576439,0.3813554316875342,0.4908256880733945,0.11649788023030132
-1.1235917879604476,50.0,35.0,-1.1235917879604476,2.1988335025528905,0.3680918550614508,0.3995920743751045,0.47862595419847326,0.10397699426671818
-1.1520015582136744,55.0,35.0,-1.1520015582136744,2.1961124662516713,0.37246252820027054,0.4164847239609536,0.2368024132730015,0.09290023410768954
-1.1561649927496376,60.0,35.0,-1.1561649927496376,2.187455450927694,0.382159068509624,0.4285646903679123,0.2149812734082397,0.08316127635876372
-1.1390036844683002,65.0,35.0,-1.1390036844683002,2.1264220302476886,0.3957083659854046,0.44164521231232073,0.20903522205206737,0.0751611877571414
-1.0792591102578384,70.0,35.0,-1.0792591102578384,1.967856454691034,0.40231112217322024,0.4523185133650577,0.21540880503144655,0.06851951106063575
-1.0833542067454272,75.0,35.0,-1.0833542067454272,1.9655566913498703,0.41251552286804305,0.4593822454634519,0.20842911877394635,0.06275068016716685
-1.0667860497143462,80.0,35.0,-1.0667860497143462,1.9152191185267284,0.41957114768705583,0.46637875894789704,0.2078907435508346,0.05802993044659267
-1.0338882144697799,85.0,35.0,-1.0338882144697799,1.82868111419427,0.420546973019367,0.47292270230241246,0.20951650038372985,0.05413567061942992
-1.0086033553466989,90.0,35.0,-1.0086033553466989,1.7665421835327553,0.4195711476870563,0.4736257452982956,0.21312741312741312,0.05139398545466199
-0.89911333402466,95.0,35.0,-0.89911333402466,1.5018736719801258,0.4142460826778086,0.4738920540673816,0.2367066895368782,0.04933659814361369
-0.8584559217462067,100.0,35.0,-0.8584559217462067,1.4080291197293657,0.4114398368286073,0.46829832053613657,0.24690265486725663,0.04841535312458869
-0.7415347319478283,105.0,35.0,-0.7415347319478283,1.130884141269271,0.40353658153341065,0.4644303237773647,0.2781065088757396,0.048476833788860384
-0.7271995299702287,110.0,35.0,-0.7271995299702287,1.1062862391001576,0.3955192984565876,0.4567129023561388,0.2837301587301587,0.049415515409139216
-0.7006557941469489,115.0,35.0,-0.7006557941469489,1.055692923508386,0.384829587687491,0.4471139143080349,0.29607250755287007,0.05157284505971426
-0.5926860451454498,120.0,35.0,-0.5926860451454498,0.8094115181999002,0.37146744922611985,0.4348039855330192,0.3264642082429501,0.05521863301739734
-0.570956571254221,125.0,35.0,-0.570956571254221,0.7829900768429927,0.3558478121966831,0.4199688273191573,0.3619361936193619,0.061032777331143415
-0.4978215716655983,130.0,35.0,-0.4978215716655983,0.7019661150344549,0.33970972409502576,0.40194207214673644,0.6837782340862423,0.068354643692204
-0.4724189386842931,135.0,35.0,-0.4724189386842931,0.6672061597501713,0.3233637507651834,0.3840793329389723,0.7132429614181439,0.07683777235089861
-0.46042833700812186,140.0,35.0,-0.46042833700812186,0.6656613547919076,0.302038619120879,0.36436015098814595,0.7243589743589743,0.08702186561446709
-0.46477684587505697,145.0,35.0,-0.46477684587505697,0.6980056449388916,0.2832773353810696,0.344491101687017,0.7136752136752137,0.09851323185751279
-0.44602237316433985,150.0,35.0,-0.44602237316433985,0.6826338485123142,0.26189791384287586,0.3235119039534014,0.7338362068965517,0.11077722838363824
-0.42713241274404395,155.0,35.0,-0.42713241274404395,0.6734456619031846,0.23767028380944416,0.29804429469881727,0.761744966442953,0.1257627406832511
-0.4027289081113867,160.0,35.0,-0.4027289081113867,0.6483904943944813,0.21112178768966494,0.2724814132752734,0.7752808988764045,0.14340532582107374
-0.38534930540480505,165.0,35.0,-0.38534930540480505,0.6364418246842871,0.18706993845919673,0.24538452551487497,0.7734104046242775,0.1671041174861928
-0.3583128217367629,170.0,35.0,-0.3583128217367629,0.6060596934109308,0.15860636729600838,0.2196097200862834,0.7866507747318237,0.1998979340442755
-0.34328961476517544,175.0,35.0,-0.34328961476517544,0.6109424827946106,0.12293167384461512,0.18377408912661924,0.7776381909547738,0.24778605594550782
-0.31104041823910056,180.0,35.0,-0.31104041823910056,0.612510338621265,0.05879340923003307,0.11531291210052108,0.7749029754204398,0.33225556781908194
-0.2960152646239005,185.0,35.0,-0.2960152646239005,0.6008060815567106,0.05879340923003329,0.06964802186761516,0.7641752577319587,0.40765705869116053
-0.343550937518797,190.0,35.0,-0.343550937518797,0.6019881405926482,0.14816450077642607,0.16034566153645446,0.7437185929648241,0.4186764982911273
-0.4034738010304084,195.0,35.0,-0.4034738010304084,0.6201917080956283,0.24853577538150473,0.25757358030800814,0.7113022113022113,0.3732338043188483
-0.4933024935089198,200.0,35.0,-0.4933024935089198,0.6496483565290088,0.3517700263442592,0.36417125194380107,0.45542168674698796,0.3102835529154926
-0.6123736712602119,205.0,35.0,-0.6123736712602119,0.692146878378404,0.47912653441832415,0.5050888338398316,0.10538922155688622,0.24642803640313096
-0.6995120857240541,210.0,35.0,-0.6995120857240541,0.7396644202805418,0.5694200742311021,0.6451651962162477,0.0,0.18458408332835707
-0.7279067713390296,215.0,35.0,-0.7279067713390296,0.7567249323354595,0.6434499813199195,0.6574172122994635,0.0,0.12610795605328803
-0.7320275550295213,220.0,35.0,-0.7320275550295213,0.7616379068148166,0.6493999292226409,0.660089639991738,0.0,0.08216042055282347
-0.7413687771347318,225.0,35.0,-0.7413687771347318,0.7837147789445875,0.6514418222358492,0.660089639991738,0.0,0.051151868496700274
-0.7521847801926524,230.0,35.0,-0.7521847801926524,0.8070201677996303,0.6574172122994635,0.660089639991738,0.0,0.02649446825516575
-0.7641852366170326,235.0,35.0,-0.7641852366170326,0.8370213088605807,0.6574172122994635,0.660089639991738,0.0,0.014664914804620259
-0.7811353870449544,240.0,35.0,-0.7811353870449544,0.8793966849303853,0.6574172122994635,0.660089639991738,0.0,0.008417486979000853
-0.7998055702004447,245.0,35.0,-0.7998055702004447,0.9260721428191109,0.6574172122994635,0.660089639991738,0.0,0.007180335739638883
-0.8242560228632517,250.0,35.0,-0.8242560228632517,0.9871982744761283,0.6574172122994635,0.660089639991738,0.0,0.006623799194298109
-0.8537557335706608,255.0,35.0,-0.8537557335706608,1.0609475512446511,0.6574172122994635,0.660089639991738,0.0,0.006379805329723858
-0.8776047410020283,260.0,35.0,-0.8776047410020283,1.12057006982307,0.6574172122994635,0.660089639991738,0.0,0.006080442966738683
-0.9011359046688233,265.0,35.0,-0.9011359046688233,1.1793979789900573,0.6574172122994635,0.660089639991738,0.0,0.0058783504444291325
-0.9244379733042066,270.0,35.0,-0.9244379733042066,1.2376531505785158,0.6574172122994635,0.660089639991738,0.0,0.005871219436826451
-0.9496785042172475,275.0,35.0,-0.9496785042172475,1.3018616857525318,0.6556456796732011,0.660089639991738,0.0,0.00591393035462263
-0.9763611021845062,280.0,35.0,-0.9763611021845062,1.3684519709319531,0.6558316152551621,0.660089639991738,0.0,0.00621863130765057
-0.9779691553137929,285.0,35.0,-0.9779691553137929,1.3732531141939217,0.6545819985531591,0.660089639991738,0.0,0.006496231514276602
-0.9597750924213905,290.0,35.0,-0.9597750924213905,1.3280655138186985,0.6541059075839062,0.660089639991738,0.0,0.006770633970061038
-1.0016039463206932,295.0,35.0,-1.0016039463206932,1.4326376485669554,0.6541059075839062,0.660089639991738,0.0,0.007417090682380388
-1.1297688203871237,300.0,35.0,-1.1297688203871237,1.7491173563652704,0.6603978713723234,0.660089639991738,0.0,0.007775187795549511
-1.1520341799250908,305.0,35.0,-1.1520341799250908,1.744279335495574,0.7572001429157065,0.660089639991738,0.0,0.008279435829502064
-1.1805096929291616,310.0,35.0,-1.1805096929291616,1.7423434176006316,0.8715272358716232,0.6627620676840125,0.0,0.009366072537572972
-1.1884671620678149,315.0,35.0,-1.1884671620678149,1.7447853181522133,0.8967776438514317,0.6654344953762865,0.0,0.010437170092229161
-1.1738885786003408,320.0,35.0,-1.1738885786003408,1.7438393072302063,0.8453217828412944,0.660089639991738,0.0,0.012172356870670637
-1.17615451931441,325.0,35.0,-1.17615451931441,1.7387615215102508,0.8658196612469998,0.6567799815942383,0.0,0.013787849189294784
-1.1191124181855754,330.0,35.0,-1.1191124181855754,1.7344618479681062,0.727624009508459,0.578569335592854,0.012206572769953052,0.015394502022037756
-1.0239687445654078,335.0,35.0,-1.0239687445654078,1.7123133713910812,0.5600963764954588,0.4591351372650385,0.157644824311491,0.020770147687577952
-0.9385594299821846,340.0,35.0,-0.9385594299821846,1.702349748269181,0.43241289140566447,0.3520034167360529,0.3848454636091725,0.034397651399028346
-0.8700324423088038,345.0,35.0,-0.8700324423088038,1.700719092801782,0.32196697538501046,0.2509657337394471,0.5348837209302325,0.06598832242365682
-0.8152907276375934,350.0,35.0,-0.8152907276375934,1.7007852278617204,0.20357394008901172,0.15236467001086523,0.5400801603206413,0.12304574598850536
-0.7717196009468024,355.0,35.0,-0.7717196009468024,1.7231467773791718,0.08725329348397413,0.06125190645885978,0.5466540999057493,0.20684204905485742
-1.003039124744491,0.0,40.0,-1.003039124744491,1.920564336014359,0.6405160868486512,0.08204353015281934,0.4582651391162029,0.2900523213457845
-1.1166342766304718,5.0,40.0,-1.1166342766304718,2.0337065312749063,0.831348334537278,0.15440208181837597,0.43285939968404424,0.30901322254425134
-1.1665415110767559,10.0,40.0,-1.1665415110767559,2.1027062220585826,0.8669800169337442,0.2063735818071731,0.4287937743190661,0.31197760605582714
-1.2016854620161663,15.0,40.0,-1.2016854620161663,2.1623561078279434,0.8850677914663836,0.2332891348769392,0.42846212700841624,0.28812802824794315
-1.1972237778795143,20.0,40.0,-1.1972237778795143,2.1945839650959957,0.7979358076993859,0.2561043604141405,0.4411985018726592,0.25268990934656166
-1.183616116119303,25.0,40.0,-1.183616116119303,2.196452305582525,0.7243138549485413,0.27528311395010535,0.4486404833836858,0.2200855949001328
-1.1722783327872452,30.0,40.0,-1.1722783327872452,2.1996850337219658,0.6589452502007574,0.29396704615016667,0.4582375478927203,0.1929755842799321
-1.1636204488875732,35.0,40.0,-1.1636204488875732,2.20104825403991,0.6071448519103498,0.31193575876436735,0.4656900539707016,0.1700522476181233
-1.1484463161477745,40.0,40.0,-1.1484463161477745,2.20104825403991,0.5334875704764208,0.32859735735012674,0.47494217424826524,0.15236670326620735
-1.1507320253013447,45.0,40.0,-1.1507320253013447,2.202583320145361,0.5227413810297484,0.3464260787505054,0.47593167701863354,0.13727565224070393
-1.1345528637254445,50.0,40.0,-1.1345528637254445,2.202071247113936,0.44852538345465265,0.36094992269534626,0.48644461657629745,0.12421995030443277
-1.1186852555270645,55.0,40.0,-1.1186852555270645,2.1789484833427784,0.41086369792601163,0.3736687002501433,0.490272373540856,0.11299538113459352
-1.0379423881785372,60.0,40.0,-1.0379423881785372,2.0240724075738132,0.33703301546954445,0.3845201155577481,0.5207485760781123,0.10414923300360925
-1.0311818704318154,65.0,40.0,-1.0311818704318154,1.9901492284399291,0.34746672256048994,0.3960547151313608,0.5075818036711891,0.09672134013692095
-1.0248487434525104,70.0,40.0,-1.0248487434525104,1.9494530413306645,0.35570985435453556,0.4046073860837095,0.45011783189316573,0.09019708165654856
-1.0305699489021625,75.0,40.0,-1.0305699489021625,1.9089573367468557,0.36566488930177543,0.41199567722441466,0.2742812742812743,0.08461056253158651
-1.0175512898090093,80.0,40.0,-1.0175512898090093,1.8618501491921335,0.3695779695187781,0.4186553679982624,0.24247104247104248,0.0801616803204735
-1.000146701203291,85.0,40.0,-1.000146701203291,1.8119528254370416,0.3741358593648201,0.4214807505479857,0.23538581449727203,0.07658945740282803
-0.9796043323668181,90.0,40.0,-0.9796043323668181,1.760924100280821,0.3727965936822747,0.42253469870017046,0.23598130841121495,0.07406818629393327
-0.9586936214126796,95.0,40.0,-0.9586936214126796,1.7095329894755158,0.37228299149067745,0.4225803259060472,0.23835403726708074,0.07243850062721918
-0.8150125004487281,100.0,40.0,-0.8150125004487281,1.3713571066556831,0.36077773845702277,0.419864123886568,0.28690807799442897,0.07185702101994562
-0.7920183506846297,105.0,40.0,-0.7920183506846297,1.3250240540695915,0.3554328830724742,0.4155926873603051,0.3074766355140187,0.07223946095857837
-0.6497928542660245,110.0,40.0,-0.6497928542660245,1.051571651552692,0.34741559999565164,0.4083855596108773,0.597860962566845,0.07367984484981019
-0.5349202345934333,115.0,40.0,-0.5349202345934333,0.8069356492742863,0.3367745786385704,0.4008504167867157,0.7226027397260274,0.07624051868607722
-0.5163751311359261,120.0,40.0,-0.5163751311359261,0.7785139834143349,0.32623727412764164,0.38995424100842657,0.7407834101382489,0.08022925364040119
-0.4914941281832165,125.0,40.0,-0.4914941281832165,0.7275115707949193,0.31534646768836083,0.3769341124177956,0.7258064516129032,0.08559397716469651
-0.4747408593174326,130.0,40.0,-0.4747408593174326,0.7030865584020543,0.30198432922698926,0.3645844742485772,0.731359649122807,0.09273195196632368
-0.4631955103789485,135.0,40.0,-0.4631955103789485,0.6918398146810286,0.2859497630733441,0.35027531528429584,0.7259668508287292,0.10101148782570057
-0.4590566454949191,140.0,40.0,-0.4590566454949191,0.7016893397377425,0.27088538350483926,0.3346025406087347,0.7299107142857143,0.1100039989336177
-0.4417228337149858,145.0,40.0,-0.4417228337149858,0.6830582158873074,0.2538806307660533,0.3153984575506025,0.7382022471910112,0.1207417880650918
-0.42992044304790444,150.0,40.0,-0.42992044304790444,0.6797004579079743,0.23517363692013316,0.2969874026187256,0.75,0.13360432110673243
-0.4219726222674476,155.0,40.0,-0.4219726222674476,0.6864749430700801,0.21646664307421348,0.27682676490556957,0.7594070695553021,0.14863997130692336
-0.4084523604085106,160.0,40.0,-0.4084523604085106,0.6793548474266492,0.19508722153601976,0.2558100841458588,0.7601390498261877,0.167099617730885
-0.38907378981596397,165.0,40.0,-0.38907378981596397,0.6592620277547091,0.17370779999782604,0.23461085195333325,0.7671068427370948,0.19200207144466452
-0.372114226244912,170.0,40.0,-0.372114226244912,0.64709517900364,0.14975590198494837,0.210630269986934,0.7682038834951457,0.2211779914117175
-0.351889664942802,175.0,40.0,-0.351889664942802,0.6414447105911202,0.11491439076779253,0.1747604050135981,0.7710691823899372,0.26547617075554525
-0.32643511936881797,180.0,40.0,-0.32643511936881797,0.6437727506154222,0.06146583692230756,0.12012059250946516,0.7647058823529411,0.3384542914841917
-0.30637378320603015,185.0,40.0,-0.30637378320603015,0.638730974362295,0.04791215422493991,0.06146583692230787,0.7646310432569975,0.3968725247208524
-0.3423575293040534,190.0,40.0,-0.3423575293040534,0.6417171205582748,0.11758681846006658,0.1309489569214377,0.7646326276463262,0.3977226860408302
-0.38954030984371657,195.0,40.0,-0.38954030984371657,0.6485000211114126,0.2004320769205683,0.2082069875568162,0.7201946472019465,0.3624309568151792
-0.44173340820429796,200.0,40.0,-0.44173340820429796,0.6623315044245212,0.2844766181569688,0.29066009926744973,0.669833729216152,0.31173344970095235
-0.5326193868362472,205.0,40.0,-0.5326193868362472,0.6824467664427838,0.3714674492261194,0.37823243476469415,0.27784290738569756,0.2574626136252566
-0.6183004376427328,210.0,40.0,-0.6183004376427328,0.7107805312073198,0.4673963676032983,0.48764850043987906,0.047729918509895226,0.2072564181026805
-0.6897967431209191,215.0,40.0,-0.6897967431209191,0.7414740081972818,0.5673272205938888,0.6055013387741367,0.0,0.16032451882277063
-0.7297195872651604,220.0,40.0,-0.7297195872651604,0.77336071482669,0.6267564207307483,0.6547447846071894,0.0,0.11553250217966901
-0.7488721550094922,225.0,40.0,-0.7488721550094922,0.8038381991359542,0.6506359141803009,0.6587115872401414,0.0,0.08324828290072546
-0.7642680252093661,230.0,40.0,-0.7642680252093661,0.8388985476490857,0.6547447846071894,0.660089639991738,0.0,0.0585727197705034
-0.7764819155928586,235.0,40.0,-0.7764819155928586,0.8677630063001457,0.6574172122994635,0.660089639991738,0.0,0.04070942805033885
-0.7889047542073129,240.0,40.0,-0.7889047542073129,0.8988201028362812,0.6574172122994635,0.660089639991738,0.0,0.026093412580880798
-0.8025644182381947,245.0,40.0,-0.8025644182381947,0.9329692629134858,0.6574172122994635,0.660089639991738,0.0,0.01640542777032401
-0.8229219992673235,250.0,40.0,-0.8229219992673235,0.9837969660328173,0.657523211425048,0.660089639991738,0.0,0.011085838487736492
-0.8428703642133446,255.0,40.0,-0.8428703642133446,1.0334848006743957,0.6578161357826072,0.660089639991738,0.0,0.009063395147011754
-0.8660746239332534,260.0,40.0,-0.8660746239332534,1.091184003468382,0.6583144501918643,0.660089639991738,0.0,0.00801467943303115
-0.8918398664416055,265.0,40.0,-0.8918398664416055,1.1555971097392626,0.6583144501918643,0.660089639991738,0.0,0.007867171560677825
-0.9161186248908281,270.0,40.0,-0.9161186248908281,1.2161758720329894,0.6585034643187911,0.660089639991738,0.0,0.00781406371344163
-0.9402289882108931,275.0,40.0,-0.9402289882108931,1.2763676002930353,0.6586381523829776,0.660089639991738,0.0,0.007883505494986297
-0.9671195289639829,280.0,40.0,-0.9671195289639829,1.3444651587624952,0.6572442218442013,0.660089639991738,0.0,0.008076938267704096
-1.0014482171229278,285.0,40.0,-1.0014482171229278,1.4316544310655004,0.655056138795172,0.660089639991738,0.0,0.008290288853170206
-1.0360855625374987,290.0,40.0,-1.0360855625374987,1.5183797905591039,0.6548449452636906,0.660089639991738,0.0,0.008143403727852206
-1.0698916925760908,295.0,40.0,-1.0698916925760908,1.6029420650655655,0.6547698262077198,0.660089639991738,0.0,0.008664382913488654
-1.0975432786200485,300.0,40.0,-1.0975432786200485,1.6713204847895549,0.6559706988251683,0.660089639991738,0.0,0.009310142254809372
-1.1216338408055377,305.0,40.0,-1.1216338408055377,1.7287799074113055,0.6603978713723234,0.660089639991738,0.0,0.010123931514795534
-1.1728996413886854,310.0,40.0,-1.1728996413886854,1.7309162484499487,0.8620429280430849,0.660089639991738,0.0,0.011187050229566085
-1.2052147587724815,315.0,40.0,-1.2052147587724815,1.7357471810197793,0.9835739054665402,0.660089639991738,0.0,0.011918173300229321
-1.182350999987589,320.0,40.0,-1.182350999987589,1.734973386646734,0.898757027030276,0.6546895542853047,0.0,0.013172522364562893
-1.1355146699165979,325.0,40.0,-1.1355146699165979,1.734688324936042,0.8176099643136144,0.5552701907962078,0.015806988352745424,0.015495839153506151
-1.0755991507119735,330.0,40.0,-1.0755991507119735,1.7330015560660719,0.7165896803205818,0.4541858674207538,0.1029535864978903,0.02013250676010538
-1.0001146076081247,335.0,40.0,-1.0001146076081247,1.7288352521495607,0.5700141171440898,0.3671941577268706,0.25721561969439727,0.029596301297313287
-0.9851278037189785,340.0,40.0,-0.9851278037189785,1.7639517408615801,0.6063693174779572,0.2806633331249563,0.4221105527638191,0.049269586229621375
-0.9912077103692901,345.0,40.0,-0.9912077103692901,1.8072641074130906,0.6586431418759375,0.19514604060334864,0.45145228215767635,0.08426301603883024
-0.9934506293898224,350.0,40.0,-0.9934506293898224,1.8464335437936514,0.6837129154583828,0.11597911271382882,0.4504579517069109,0.13582903040734365
-1.0140439788853772,355.0,40.0,-1.0140439788853772,1.8995060936060328,0.744746705682397,0.04963083684131421,0.44352844187963725,0.22329764679545425
-1.0655824116203882,0.0,45.0,-1.0655824116203882,1.9748627717002112,0.779696710204546,0.09807809630646466,0.4380639868744873,0.2971639649540556
-1.0810634004430264,5.0,45.0,-1.0810634004430264,2.0109701745057706,0.7282517171874056,0.15687150553649787,0.44605475040257647,0.3128050589610979
-1.1160375952415855,10.0,45.0,-1.1160375952415855,2.0585514934853713,0.7488649493307701,0.19920304205897776,0.444,0.3093692544369817
-1.1207643108604555,15.0,45.0,-1.1207643108604555,2.0837341491724706,0.7065417128179639,0.22263720013410135,0.45024077046548955,0.29203359781439825
-1.1566931573091404,20.0,45.0,-1.1566931573091404,2.1394895162123326,0.7407947488712845,0.2409937065582464,0.44549763033175355,0.2632559516295429
-1.1866046945278645,25.0,45.0,-1.1866046945278645,2.1976425172749137,0.7496210284344844,0.25929963787490806,0.4468247895944912,0.23410834368652508
-1.1800990942098084,30.0,45.0,-1.1800990942098084,2.2034367751977366,0.7011388797655561,0.27457216404816653,0.45203376822716806,0.2095696831972397
-1.1677273083713091,35.0,45.0,-1.1677273083713091,2.200877755194239,0.6414802190354203,0.2910754535966613,0.4576271186440678,0.18889652107155844
-1.1581607533236489,40.0,45.0,-1.1581607533236489,2.200877755194239,0.5917746063658491,0.3055965101742034,0.46533127889060094,0.17059790341050693
-1.099567879453305,45.0,45.0,-1.099567879453305,2.142591556242737,0.44900395520588987,0.3155076002853501,0.4859663191659984,0.15602701363221094
-0.9654694248698148,50.0,45.0,-0.9654694248698148,1.9207431502308594,0.27898294521800726,0.32814796993484885,0.5461056401074306,0.14462785036599946
-0.9621619439951811,55.0,45.0,-0.9621619439951811,1.896929426866914,0.2904345335901146,0.3399387688606403,0.542031523642732,0.1345267689743768
-0.9570183096540661,60.0,45.0,-0.9570183096540661,1.8706293019615539,0.30015610491038863,0.35010886887481607,0.5379965457685665,0.12596920698666825
-0.9488340069481943,65.0,45.0,-0.9488340069481943,1.8387384201845733,0.30866006586261163,0.3582334784951735,0.5338474721508141,0.11855386939504223
-0.9414639760167243,70.0,45.0,-0.9414639760167243,1.8091051653399055,0.31736963197508905,0.36641800754795917,0.53125,0.11200727289680412
-0.9293268925772822,75.0,45.0,-0.9293268925772822,1.7711896715050104,0.32278840480248494,0.3729902730384262,0.5309364548494984,0.10662940418309662
-0.9138675980854765,80.0,45.0,-0.9138675980854765,1.7285200839077308,0.32661586547305616,0.3760237226247931,0.5320033250207814,0.10214702491618505
-0.8973493359317248,85.0,45.0,-0.8973493359317248,1.6841589725136596,0.3279684692262015,0.37883067041938767,0.5301403798513625,0.09880037403927412
-0.8783382749114782,90.0,45.0,-0.8783382749114782,1.636161046767053,0.3274451022576464,0.38147202927183477,0.5335542667771334,0.09645165860168954
-0.8513978292783296,95.0,45.0,-0.8513978292783296,1.570961214357204,0.3253584408531538,0.3813860852085044,0.5367278797996661,0.09499407385046309
-0.735499861459787,100.0,45.0,-0.735499861459787,1.3110816594011687,0.3180704484243891,0.379808629217597,0.6340257171117705,0.0945633713811762
-0.6168081254394879,105.0,45.0,-0.6168081254394879,1.0408278728416869,0.3126740399960868,0.3741836979910852,0.7123745819397993,0.09528972710500122
-0.6023857930384622,110.0,45.0,-0.6023857930384622,1.0119679545993685,0.30732918461153824,0.3689728137346171,0.7147688838782412,0.09690511173163595
-0.5957211155955129,115.0,45.0,-0.5957211155955129,1.0037566001022231,0.2993666760715019,0.36289793962377603,0.7134767836919592,0.10003592939873149
-0.49481662343376887,120.0,45.0,-0.49481662343376887,0.766068758998453,0.2912946184578926,0.3552696300250519,0.732519422863485,0.10414006563057993
-0.48408582758089624,125.0,45.0,-0.48408582758089624,0.750093716219487,0.2808082765587254,0.348658630414577,0.7331838565022422,0.10951321790411281
-0.4801273750301189,130.0,45.0,-0.4801273750301189,0.7539796720463774,0.26994556632177813,0.3362957813235906,0.7302483069977427,0.11641910254548472
-0.4538900710633823,135.0,45.0,-0.4538900710633823,0.7060233857737606,0.2581458509227691,0.3231126247389319,0.7383390216154722,0.12445503906767316
-0.43586092502406715,140.0,45.0,-0.43586092502406715,0.6791747038446884,0.24426727377471166,0.30916739385547476,0.7416762342135477,0.13407708628968779
-0.4356225598235792,145.0,45.0,-0.4356225598235792,0.6978607449693771,0.2299001112742324,0.2924291210401792,0.7410404624277457,0.1452441507029307
-0.4210660663015238,150.0,45.0,-0.4210660663015238,0.6847932393906357,0.2138708929998464,0.27542676529364407,0.7517564402810304,0.15822539658319298
-0.42535139352387996,155.0,45.0,-0.42535139352387996,0.7132451291239967,0.19809100996761253,0.2592254861506017,0.7427578215527231,0.17328449794842096
-0.4130648557663225,160.0,45.0,-0.4130648557663225,0.705525145477873,0.1798749134132776,0.2431909199969562,0.7491166077738516,0.19162431950889372
-0.39698106206621614,165.0,45.0,-0.39698106206621614,0.6889031800954654,0.16288198094903522,0.22448392615103652,0.7542168674698795,0.21338335257150187
-0.3825379532517435,170.0,45.0,-0.3825379532517435,0.6803472510171816,0.1416386676905348,0.20291320871357926,0.7573891625615764,0.23958499105316478
-0.3638392217785236,175.0,45.0,-0.3638392217785236,0.6767449768764447,0.10750888800367073,0.16829793136995738,0.7581047381546134,0.2815351343050561
-0.3433164733444153,180.0,45.0,-0.3433164733444153,0.681483973912036,0.06173201317252275,0.12293167384461512,0.7544303797468355,0.34057779954047235
-0.3177118151827194,185.0,45.0,-0.3177118151827194,0.6701736013836288,0.040086415384113394,0.0609956459470284,0.7562814070351759,0.38305912388053653
-0.3451644832547149,190.0,45.0,-0.3451644832547149,0.6740457134763955,0.09688669975581657,0.10689710769096994,0.7539975399753998,0.37132703024752706
-0.3808562060082847,195.0,45.0,-0.3808562060082847,0.6791895702692792,0.16363265571004793,0.17236246364042798,0.7481840193704601,0.33565510286825173
-0.4208453680907536,200.0,45.0,-0.4208453680907536,0.6913995461094468,0.23517363692013316,0.2378460646124075,0.7396937573616019,0.2948270503538475
-0.46772375459869225,205.0,45.0,-0.46772375459869225,0.7062334741005729,0.3019843292269897,0.3073151936173645,0.6709451575262544,0.25438717974082503
-0.5453030822850496,210.0,45.0,-0.5453030822850496,0.7218793182070096,0.37151158552100727,0.37565603380069096,0.3024054982817869,0.21231952149047703
-0.6237142621328918,215.0,45.0,-0.6237142621328918,0.7509019218386679,0.44629542460979854,0.4655662430181454,0.04611923509561305,0.1722872445943265
-0.6813066625152606,220.0,45.0,-0.6813066625152606,0.7798216085742661,0.5222548442327564,0.5552572321094605,0.0,0.1369220821209182
-0.7322517631321406,225.0,45.0,-0.7322517631321406,0.8070070708422601,0.5987148329019727,0.6390809062789734,0.0,0.10300546228934894
-0.7603494108164172,230.0,45.0,-0.7603494108164172,0.8407299784406386,0.6414848931534576,0.6547447846071894,0.0,0.07714345689762409
-0.7710140024584407,235.0,45.0,-0.7710140024584407,0.8585386615405862,0.6529769390693609,0.6574172122994635,0.0,0.061662982957389624
-0.785584156658197,240.0,45.0,-0.785584156658197,0.8909942940714245,0.6566561161267712,0.660089639991738,0.0,0.049632698828399505
-0.8047913310808873,245.0,45.0,-0.8047913310808873,0.9385365450202173,0.6574172122994635,0.660089639991738,0.0,0.04094510622242414
-0.8223642006958206,250.0,45.0,-0.8223642006958206,0.9824687190575507,0.6574172122994635,0.660089639991738,0.0,0.03263970108580273
-0.8412631180165442,255.0,45.0,-0.8412631180165442,1.0297160123593596,0.6574172122994635,0.660089639991738,0.0,0.02526946107784431
-0.85665573487225,260.0,45.0,-0.85665573487225,1.0681352085228382,0.6575169658607208,0.660089639991738,0.0,0.01794096372562599
-0.878012185017817,265.0,45.0,-0.878012185017817,1.1214089583199867,0.6577047667675511,0.660089639991738,0.0,0.013309292055682044
-0.9002199268189802,270.0,45.0,-0.9002199268189802,1.1768737818078085,0.6577920163916895,0.660089639991738,0.0,0.011106980555197293
-0.9262790607764698,275.0,45.0,-0.9262790607764698,1.2427315543671065,0.6566561161267712,0.660089639991738,0.0,0.010477395640318765
-0.950786842984274,280.0,45.0,-0.950786842984274,1.3041951318851233,0.6563455209291604,0.660089639991738,0.0,0.009881895649573928
-0.9754801080389088,285.0,45.0,-0.9754801080389088,1.3667341583554533,0.655056138795172,0.660089639991738,0.0,0.010191639890449137
-0.9993416041933058,290.0,45.0,-0.9993416041933058,1.4264416576479095,0.6549701245448296,0.660089639991738,0.0,0.010471702952448649
-1.0239279634906182,295.0,45.0,-1.0239279634906182,1.4874853339359584,0.6556456796732011,0.660089639991738,0.0,0.010562016556087638
-1.0459862850066803,300.0,45.0,-1.0459862850066803,1.5426076889013374,0.6556831977928432,0.660089639991738,0.0,0.010771233205804418
-1.0671420029683356,305.0,45.0,-1.0671420029683356,1.5954969838054756,0.6556831977928432,0.660089639991738,0.0,0.011243556701030928
-1.0902686549498486,310.0,45.0,-1.0902686549498486,1.6522298546926206,0.6574172122994635,0.660089639991738,0.0,0.012133395555874645
-1.0927938609855046,315.0,45.0,-1.0927938609855046,1.6975237638293117,0.6478939251689554,0.6072434966461643,0.0,0.01378497639483403
-1.0626804469544835,320.0,45.0,-1.0626804469544835,1.7139396697198623,0.6157896611654556,0.5209255983321389,0.07074235807860262,0.016357938285429887
-1.0502605291708518,325.0,45.0,-1.0502605291708518,1.7372266891816248,0.6273797895997886,0.439212406347906,0.11278195488721804,0.020907462189075455
-1.0213676077918905,330.0,45.0,-1.0213676077918905,1.7591510556449497,0.6046767903112329,0.3691027714965405,0.2573770491803279,0.028339485368854653
-0.9944271442771473,335.0,45.0,-0.9944271442771473,1.7786756537734456,0.5984706694750105,0.2990899752698712,0.414332784184514,0.04080008387822407
-0.9787663218079083,340.0,45.0,-0.9787663218079083,1.7983463255899932,0.5938074223835926,0.22744489103622081,0.45885286783042395,0.06442291435041679
-0.9721938322950335,345.0,45.0,-0.9721938322950335,1.8252024081486855,0.5943146725709765,0.15911176183503328,0.46243739565943237,0.10175990669578756
-0.9854086293828985,350.0,45.0,-0.9854086293828985,1.8713204428266472,0.6371828859078604,0.09353496922959881,0.45799011532125206,0.1647140506668845
-1.0138628704835866,355.0,45.0,-1.0138628704835866,1.920438799400981,0.7161266786431891,0.04568290561809526,0.4476504534212696,0.2520749493130463
-1.0254886568825685,0.0,50.0,-1.0254886568825685,1.955128236756822,0.6481706708662843,0.1078572588657324,0.45569620253164556,0.31377326604315214
-1.0612027597605862,5.0,50.0,-1.0612027597605862,1.9926319512557429,0.6792852646779443,0.1576672971914837,0.4508816120906801,0.317004221043256
-1.0846513541739786,10.0,50.0,-1.0846513541739786,2.0285527869080213,0.6821651979634795,0.19127199614921006,0.45129059117402165,0.3090291598389256
-1.0949531706984685,15.0,50.0,-1.0949531706984685,2.0653994758280163,0.6445629795564969,0.21379421538193943,0.4579591836734694,0.2942451940031071
-1.0975455141495223,20.0,50.0,-1.0975455141495223,2.0815601122116627,0.615994773329033,0.2286091365172814,0.46229508196721314,0.27390436503072857
-1.0667804000118106,25.0,50.0,-1.0667804000118106,2.0603730783316596,0.517943201227397,0.24289866881473196,0.4757929883138564,0.24951627761039127
-1.008077290363208,30.0,50.0,-1.008077290363208,2.0108264770846587,0.356802877797226,0.2576680131834365,0.49871023215821153,0.2261932279977034
-0.9426527075231849,35.0,50.0,-0.9426527075231849,1.927010029393485,0.2300611276501242,0.2705943275292967,0.5331516802906449,0.20761067164545768
-0.90156189615515,40.0,50.0,-0.90156189615515,1.8244396291157603,0.22911076573055184,0.28343933398582455,0.5635148042024832,0.19204488287874094
-0.9016849007668456,45.0,50.0,-0.9016849007668456,1.8110208680642248,0.24079101832835959,0.2941398895214659,0.5645617342130066,0.17847473571758854
-0.8996516757951941,50.0,50.0,-0.8996516757951941,1.789926820990327,0.2522503493752207,0.3060248420901914,0.5588785046728972,0.1663778056584037
-0.8990833022888773,55.0,50.0,-0.8990833022888773,1.7748807065527268,0.26246075583066725,0.3166528545209198,0.5564738292011019,0.1564497462832725
-0.8928119093026883,60.0,50.0,-0.8928119093026883,1.7497868444742293,0.27034685205626724,0.3227354587680322,0.5537340619307832,0.14789867969757373
-0.8848509491646417,65.0,50.0,-0.8848509491646417,1.7207514658656549,0.27793247999652104,0.3290948240597626,0.552064631956912,0.1405770791989897
-0.8754650352368221,70.0,50.0,-0.8754650352368221,1.6877532278865555,0.2837079371639308,0.33728522744195566,0.5488454706927176,0.13432072414803675
-0.8648137945804052,75.0,50.0,-0.8648137945804052,1.6547996616771876,0.2888965410563329,0.3415006385641973,0.5470536499560247,0.12907191818082908
-0.850662616459067,80.0,50.0,-0.850662616459067,1.6158006739562212,0.2918328514860795,0.3439414439956949,0.5460122699386503,0.1249909389891939
-0.8349551039618344,85.0,50.0,-0.8349551039618344,1.5744834461950126,0.2926984169530949,0.3467039626334058,0.5468886941279579,0.1218000861285229
-0.8193305381251619,90.0,50.0,-0.8193305381251619,1.535179917739365,0.2940312873742402,0.3470029967434229,0.55,0.11971471967245592
-0.8009373354893705,95.0,50.0,-0.8009373354893705,1.4886412493942889,0.2931875657082643,0.3480002255546076,0.5481611208406305,0.11843506942709169
-0.6838408303454684,100.0,50.0,-0.6838408303454684,1.2305844261381065,0.28594976307334363,0.3470029967434229,0.6663113006396588,0.11811162179908076
-0.5938869385860327,105.0,50.0,-0.5938869385860327,1.023395690910431,0.28060490768879554,0.34506734488528157,0.7188940092165899,0.11896077100012106
-0.56412544060562,110.0,50.0,-0.56412544060562,0.9538244672126092,0.27621146584256945,0.3416436765122629,0.7186813186813187,0.12092211706233807
-0.49711441239643206,115.0,50.0,-0.49711441239643206,0.799481921129303,0.2699151969196989,0.3359388845799682,0.7414187643020596,0.12391875594035287
-0.4850082596948484,120.0,50.0,-0.4850082596948484,0.7791700007699011,0.2618979138428763,0.3292665919127681,0.7445086705202312,0.12823429135308526
-0.47190607201869494,125.0,50.0,-0.47190607201869494,0.757870116501328,0.2538806307660533,0.3186110552022136,0.74364896073903,0.13422758372344257
-0.46006004863832844,130.0,50.0,-0.46006004863832844,0.7406577373078277,0.2431909199969562,0.31001784946220345,0.7450523864959255,0.1418458245896855
-0.45183070289312277,135.0,50.0,-0.45183070289312277,0.7331367653509651,0.23257171933446563,0.29732391500826805,0.7389791183294664,0.15083915028379882
-0.44164675572252643,140.0,50.0,-0.44164675572252643,0.7220507710981973,0.22181149845876225,0.2859313453060568,0.7410926365795725,0.16028128243739126
-0.42369141133390564,145.0,50.0,-0.42369141133390564,0.6944483683452528,0.20895991822477322,0.2727559706086864,0.7451690821256038,0.171123833898213
-0.4192421850419505,150.0,50.0,-0.4192421850419505,0.7005693667134103,0.19654586649633693,0.2592697561794032,0.7493946731234867,0.18314525930974268
-0.42060586781793097,155.0,50.0,-0.42060586781793097,0.715003181093339,0.18396688387535007,0.2458328435738317,0.7284533648170012,0.19793515403565468
-0.41128275896597577,160.0,50.0,-0.41128275896597577,0.7139288168544238,0.1683629446132775,0.23172087984177103,0.7430972388955582,0.2155581109872589
-0.4017606698739701,165.0,50.0,-0.4017606698739701,0.7121744708218373,0.15243597746566787,0.21379421538193943,0.7466666666666667,0.23535718870104275
-0.39112496574048994,170.0,50.0,-0.39112496574048994,0.7114042044497368,0.1327983142020242,0.1924744294834937,0.7475490196078431,0.261861220965515
-0.369667675497677,175.0,50.0,-0.369667675497677,0.6968687240770514,0.10171357967488776,0.16233891100443384,0.7509293680297398,0.2980078452113359
-0.34924658914393497,180.0,50.0,-0.34924658914393497,0.6955144946683913,0.06252374329525277,0.12025924615234063,0.7465495608531995,0.34148889482521755
-0.32722070012390636,185.0,50.0,-0.32722070012390636,0.693498187835126,0.025681806922430234,0.07261379402709256,0.7475247524752475,0.37677164554905784
-0.3484555444948572,190.0,50.0,-0.3484555444948572,0.707768563320066,0.0723824246928723,0.08550340143031546,0.7412333736396615,0.35917947870455963
-0.37505608185669886,195.0,50.0,-0.37505608185669886,0.7052763154320656,0.12880651266031667,0.13862788398821738,0.7391304347826086,0.3271368727378172
-0.40762257096458065,200.0,50.0,-0.40762257096458065,0.7149578333875263,0.18706993845919717,0.19228592295901265,0.731995277449823,0.28607268332729935
-0.4421515767190112,205.0,50.0,-0.4421515767190112,0.7274056956177029,0.24586334768923024,0.24752493668572878,0.7215777262180975,0.25047642803691694
-0.4830926760082171,210.0,50.0,-0.4830926760082171,0.7426331953918877,0.3033386616357919,0.30534982221856893,0.6613272311212814,0.2188393304991064
-0.5435977252355664,215.0,50.0,-0.5435977252355664,0.7613346982114277,0.3583403580878789,0.3614088667015443,0.4087346024636058,0.18512343609047413
-0.6139069020800321,220.0,50.0,-0.6139069020800321,0.7817110833901627,0.41957114768705583,0.42236393117794113,0.0926130099228225,0.15278187436754956
-0.6588980270895513,225.0,50.0,-0.6588980270895513,0.7948943614387204,0.483663328235809,0.4924054941281358,0.03076923076923077,0.12652583685407864
-0.7060950687445207,230.0,50.0,-0.7060950687445207,0.8303740290600865,0.5421774730831608,0.5536043553987834,0.0,0.10592666583426978
-0.7494677657483619,235.0,50.0,-0.7494677657483619,0.8649055991818755,0.5957906021738735,0.6182315021285737,0.0,0.08849248690322425
-0.7878291775102645,240.0,50.0,-0.7878291775102645,0.90782303224736,0.6413826461458183,0.6574172122994635,0.0,0.07432564160551496
-0.8061276382335337,245.0,50.0,-0.8061276382335337,0.9505309668277215,0.6462437937103169,0.6574172122994635,0.0,0.06260434056761269
-0.824383155164388,250.0,50.0,-0.824383155164388,0.9939734973484574,0.6497578126005564,0.6574172122994635,0.0,0.053729999122308254
-0.8416052690678991,255.0,50.0,-0.8416052690678991,1.0332192356923229,0.653180659172142,0.660089639991738,0.0,0.045558379961283334
-0.8553409972365507,260.0,50.0,-0.8553409972365507,1.067263376837224,0.6536529460149062,0.660089639991738,0.0,0.0387825824920898
-0.8686668461831941,265.0,50.0,-0.8686668461831941,1.0998956000836557,0.6547447846071894,0.660089639991738,0.0,0.03261988255944072
-0.8858180469198158,270.0,50.0,-0.8858180469198158,1.1426327644641847,0.6549701245448296,0.660089639991738,0.0,0.029388146594990075
-0.903099525279434,275.0,50.0,-0.903099525279434,1.185500220315286,0.6555081086215406,0.660089639991738,0.0,0.025911463624575623
-0.9231272225671893,280.0,50.0,-0.9231272225671893,1.2360465410436436,0.6547447846071894,0.660089639991738,0.0,0.02293008144423863
-0.9429964875952462,285.0,50.0,-0.9429964875952462,1.2863854205347935,0.6536796375335772,0.660089639991738,0.0,0.020392854267752725
-0.9653445992884591,290.0,50.0,-0.9653445992884591,1.341589982846818,0.6547447846071894,0.660089639991738,0.0,0.018153468394458146
-0.9852124664404961,295.0,50.0,-0.9852124664404961,1.3911970503165974,0.6548449452636906,0.660089639991738,0.0,0.018356541497946223
-1.0039012799849913,300.0,50.0,-1.0039012799849913,1.4489232601659092,0.6453012962046918,0.6520266074698187,0.0,0.019243175087235727
-0.9980986660505862,305.0,50.0,-0.9980986660505862,1.498471106341396,0.5988702603045696,0.5959706337515415,0.0,0.019866457835297998
-0.9724053894045094,310.0,50.0,-0.9724053894045094,1.5275309690736716,0.5400160645472333,0.5332017308898626,0.06911447084233262,0.020551657916337562
-0.9501379170529275,315.0,50.0,-0.9501379170529275,1.563448558107076,0.4788418776564225,0.46487993986216963,0.11171960569550932,0.02305526506314858
-0.931205093515672,320.0,50.0,-0.931205093515672,1.6074011057757012,0.4183498685587956,0.40228831073085564,0.16914893617021276,0.026778761210152147
-0.9187524025886649,325.0,50.0,-0.9187524025886649,1.6837473693001617,0.3875020153797655,0.3507698686107643,0.39314516129032256,0.033016364632905006
-0.9028749784747157,330.0,50.0,-0.9028749784747157,1.7145385497572718,0.3659333599471713,0.29486993010213824,0.48141263940520446,0.044281800711452754
-0.9039805068620346,335.0,50.0,-0.9039805068620346,1.7568124457113603,0.36611617295418064,0.237670283809444,0.4969108561341571,0.06124497991967871
-0.9422525985724803,340.0,50.0,-0.9422525985724803,1.8090318487405608,0.48289303844449905,0.1831629964999807,0.47874149659863946,0.0920680461075234
-0.9609748081243946,345.0,50.0,-0.9609748081243946,1.8503774527972552,0.5431778368459323,0.1283921780437095,0.47068676716917923,0.14329977178144718
-0.9696889270221146,350.0,50.0,-0.9696889270221146,1.8840810712953866,0.5759352974389208,0.0750467736934319,0.46689019279128247,0.21290508214479148
-0.9835213735500518,355.0,50.0,-0.9835213735500518,1.9169324849217417,0.5957016999793799,0.05701809878264862,0.4643157010915197,0.2831461461636851
-0.8135681222696671,0.0,55.0,-0.8135681222696671,1.7831018254736941,0.10926327294686125,0.1114402347678358,0.5484848484848485,0.3221195737170178
-0.8365492775958272,5.0,55.0,-0.8365492775958272,1.796390942400482,0.1368680020852488,0.15419907784422382,0.5477386934673367,0.3189278222193608
-0.8466477375105735,10.0,55.0,-0.8466477375105735,1.7968680954130403,0.14912719035033734,0.183622843284869,0.552870090634441,0.31363710532756794
-0.82158702104182,15.0,55.0,-0.82158702104182,1.730888199800288,0.14974633417844374,0.20333036292869586,0.5903743315508021,0.30360544054501404
-0.827283694476425,20.0,55.0,-0.827283694476425,1.7290783648055756,0.16301808922872874,0.21603198295415174,0.5911016949152542,0.2880621826840994
-0.8464256987569758,25.0,55.0,-0.8464256987569758,1.7566339811807954,0.1770732167322424,0.2292715924717609,0.5781409601634321,0.26875988691057184
-0.8391724963251668,30.0,55.0,-0.8391724963251668,1.7258481018320078,0.18742019966433363,0.24128027408690172,0.5834186284544524,0.24951097587480983
-0.8315249884256287,35.0,55.0,-0.8315249884256287,1.6940466641929746,0.19775964922829425,0.25325492386859555,0.5884732052578362,0.23063646090013384
-0.8450942582971941,40.0,55.0,-0.8450942582971941,1.7110084011862177,0.20862566997549362,0.264068545695909,0.574826560951437,0.21488489704305086
-0.8352743234350951,45.0,55.0,-0.8352743234350951,1.6768794355138505,0.2180136143317358,0.2732781636141519,0.5830039525691699,0.20182016497375418
-0.8666296963491733,50.0,55.0,-0.8666296963491733,1.7329615784963253,0.23058233714450996,0.28343933398582466,0.5506035283194057,0.18980114195707817
-0.8419670506030593,55.0,55.0,-0.8419670506030593,1.6652916303432312,0.2378460646124072,0.29319468472090965,0.5690978886756238,0.17968002492156382
-0.8370513164020204,60.0,55.0,-0.8370513164020204,1.64549571775671,0.2433658360066228,0.2992584600679825,0.5680304471931494,0.17115804581701652
-0.8321741463900002,65.0,55.0,-0.8321741463900002,1.6221615627072878,0.25120701706072635,0.30655937005440576,0.5613207547169812,0.16401158908885471
-0.8228962639673103,70.0,55.0,-0.8228962639673103,1.5939905369345782,0.25549008439171894,0.31059318067031694,0.5622076707202993,0.15826632614968922
-0.8129667738063132,75.0,55.0,-0.8129667738063132,1.5638847550615158,0.2592254861506018,0.3145447393806781,0.5602968460111317,0.15341659258827473
-0.8009477042619146,80.0,55.0,-0.8009477042619146,1.5306743428301275,0.26189791384287586,0.3174664106543358,0.561631139944393,0.1494485384037683
-0.7865757053680698,85.0,55.0,-0.7865757053680698,1.4919793939269244,0.26429913422788287,0.3201367492974209,0.5632502308402585,0.14651036918869645
-0.7720740923419762,90.0,55.0,-0.7720740923419762,1.4554341572897695,0.2645703415351499,0.3207666702867705,0.5643382352941176,0.14457292604101224
-0.7522854861154602,95.0,55.0,-0.7522854861154602,1.41007022398374,0.26345839485499223,0.32126322346205,0.5792300805729633,0.1437862616079433
-0.6717986077716411,100.0,55.0,-0.6717986077716411,1.234728086613748,0.2566169599736048,0.31990506067835295,0.6622313203684749,0.14391614893706944
-0.5567985553334406,105.0,55.0,-0.5567985553334406,0.9685008120872689,0.25146914454590275,0.3176107240997615,0.7287173666288309,0.1451380243839785
-0.5412396355428204,110.0,55.0,-0.5412396355428204,0.9363895387833676,0.2483941440195147,0.3128365489424156,0.7362385321100917,0.14739559691330004
-0.4818995860923753,115.0,55.0,-0.4818995860923753,0.7993596546403152,0.24296022193835834,0.3076650307192415,0.7550058892815077,0.15085178339465868
-0.4758169509180333,120.0,55.0,-0.4758169509180333,0.790680297777241,0.2358002768832075,0.30202233215271207,0.7491082045184304,0.15543192580671306
-0.4663856145366515,125.0,55.0,-0.4663856145366515,0.7765055526252365,0.22901897754454348,0.2945907868778745,0.7511904761904762,0.1612978154126606
-0.4600067617313511,130.0,55.0,-0.4600067617313511,0.7701511843615001,0.22100167619436425,0.28738953635870057,0.7515151515151515,0.16864466449940824
-0.4486197743424539,135.0,55.0,-0.4486197743424539,0.7535360903388986,0.2111606116226903,0.2762114658425688,0.7463768115942029,0.17738832036276733
-0.43976016753923736,140.0,55.0,-0.43976016753923736,0.7431463537191295,0.20173669702623914,0.2665583157375605,0.7457212713936431,0.18679454865273937
-0.43505566591591127,145.0,55.0,-0.43505566591591127,0.7445429758391426,0.19241479384374527,0.2553166145897409,0.7469437652811736,0.19702501822347182
-0.4266835338156869,150.0,55.0,-0.4266835338156869,0.7381332762389243,0.18172508307464863,0.24510829475464563,0.7527812113720643,0.20982993832928423
-0.41440200219351825,155.0,55.0,-0.41440200219351825,0.7164883588463685,0.17103537230555155,0.2329448855027377,0.7318840579710145,0.22462716963335072
-0.4020770228561662,160.0,55.0,-0.4020770228561662,0.7038254559336393,0.15767323384418042,0.2210994939403199,0.7414634146341463,0.24086040975845302
-0.3907538628177114,165.0,55.0,-0.3907538628177114,0.6962479786959488,0.14431109538280884,0.20335457644438337,0.7466174661746617,0.25757957201942094
-0.3755756766944119,170.0,55.0,-0.3755756766944119,0.687038478030617,0.12293167384461512,0.18197746310272503,0.7546699875466999,0.2809152436972642
-0.36614325475565723,175.0,55.0,-0.36614325475565723,0.6949173222299961,0.09620739692187286,0.15687150553649817,0.75093399750934,0.31245366769905264
-0.35181021239845434,180.0,55.0,-0.35181021239845434,0.7024441746496686,0.06413826461458161,0.11768436785132382,0.7462311557788944,0.34744470981146
-0.3407654595577644,185.0,55.0,-0.3407654595577644,0.7231550977109886,0.024051849230468214,0.0766986747682705,0.7368421052631579,0.37414143269750877
-0.3500790889587025,190.0,55.0,-0.3500790889587025,0.7275722877833066,0.05869152958235385,0.0712289725624505,0.7342995169082126,0.361717400803146
-0.37331410661367825,195.0,55.0,-0.37331410661367825,0.7356976438869919,0.10155225230642118,0.10671204894103789,0.7303102625298329,0.33592790268535316
-0.39552572515948226,200.0,55.0,-0.39552572515948226,0.7340429962066192,0.14705381152750752,0.152049489492627,0.7286729857819905,0.2999839192434782
-0.4215482548543763,205.0,55.0,-0.4215482548543763,0.7388341533690713,0.19545837713884281,0.1990817830221083,0.7262044653349001,0.26553092396549877
-0.4520049211608501,210.0,55.0,-0.4520049211608501,0.7559016685778506,0.24097873082568624,0.2433125698074387,0.7142857142857143,0.23732043977208891
-0.4882018970828225,215.0,55.0,-0.4882018970828225,0.7789754996363641,0.28617902852723615,0.2886221907656181,0.6708860759493671,0.20989340947176505
-0.52323255355313,220.0,55.0,-0.52323255355313,0.7946043941116554,0.33058465258418096,0.33143050845082067,0.6011299435028249,0.1832342791411043
-0.5907867109282883,225.0,55.0,-0.5907867109282883,0.8262900102661367,0.37428167963181924,0.37418369799108525,0.2684563758389262,0.1574407838973184
-0.6410757850200253,230.0,55.0,-0.6410757850200253,0.8505820814318659,0.4201959369625047,0.4222435753793303,0.097669256381798,0.13378293035005412
-0.6793564175994865,235.0,55.0,-0.6793564175994865,0.8803119919683177,0.4649878394712448,0.4716005537664157,0.06915477497255763,0.11557404297011688
-0.7197523087552959,240.0,55.0,-0.7197523087552959,0.9156896738129556,0.5038211213765238,0.5131380706584344,0.007633587786259542,0.10232788044844617
-0.7543596539987194,245.0,55.0,-0.7543596539987194,0.9567482640241395,0.5334488612554864,0.553192532300768,0.0,0.0928396847565842
-0.7820304655827626,250.0,55.0,-0.7820304655827626,0.9907640849939836,0.5576376617326175,0.5852616646080588,0.0,0.08330787373669482
-0.8055153442211072,255.0,55.0,-0.8055153442211072,1.0255302105620085,0.5718995261466882,0.609313513838527,0.0,0.075208199871877
-0.8285188409287692,260.0,55.0,-0.8285188409287692,1.0607236806711724,0.5911283650144028,0.6257891096267979,0.0,0.06843573211971808
-0.8487839661443417,265.0,55.0,-0.8487839661443417,1.0935347517388914,0.6130629440121549,0.6324173177829855,0.0,0.06382562110341802
-0.8618875866683964,270.0,55.0,-0.8618875866683964,1.1244082408392513,0.6177556072497482,0.6307415540810354,0.0,0.058991903606575254
-0.8758730038251799,275.0,55.0,-0.8758730038251799,1.1591983027459218,0.6172322769266343,0.6315424539806106,0.0,0.05480984774610624
-0.8839539665856538,280.0,55.0,-0.8839539665856538,1.1934068646020803,0.6081662057579131,0.6181986772213736,0.0,0.05310420594972807
-0.8839828557240101,285.0,55.0,-0.8839828557240101,1.2219230397375673,0.5839254507619218,0.5969291085540109,0.0,0.050459865565705156
-0.8888269274191255,290.0,55.0,-0.8888269274191255,1.2680505510335038,0.5558649599930421,0.5705618680298541,0.0,0.04762997274557659
-0.885128562619301,295.0,55.0,-0.885128562619301,1.3107080541297078,0.5237958276857517,0.5372525803515298,0.044167610419026046,0.04599883060608245
-0.8904923982152375,300.0,55.0,-0.8904923982152375,1.3738892484170637,0.4958016724108353,0.4951381054389534,0.06798245614035088,0.04571253822629969
-0.8717413635212551,305.0,55.0,-0.8717413635212551,1.3994306549989797,0.44836625443533884,0.44896785230207303,0.12364425162689804,0.04596632277757854
-0.8620445684311847,310.0,55.0,-0.8620445684311847,1.4387747892276124,0.40620900922568515,0.4041378446849823,0.16052060737527116,0.0462546224731192
-0.8457401052502415,315.0,55.0,-0.8457401052502415,1.476015259082355,0.3714674492261194,0.3661225938415713,0.2906350914962325,0.04836713361644806
-0.8128409541596869,320.0,55.0,-0.8128409541596869,1.5082924531839927,0.3287086061497315,0.3241059001132423,0.5367965367965368,0.0550205770571435
-0.7981529392458905,325.0,55.0,-0.7981529392458905,1.540803609819436,0.28620046620839756,0.28060490768879554,0.5986984815618221,0.06615480967734452
-0.7879960735145715,330.0,55.0,-0.7879960735145715,1.5742829546792727,0.24322462581689747,0.23502624661138494,0.6127982646420824,0.08106576780321037
-0.7769479263206283,335.0,55.0,-0.7769479263206283,1.60501967741364,0.1961121119692238,0.18914167168322454,0.6137339055793991,0.1087397204050273
-0.7641901173236381,340.0,55.0,-0.7641901173236381,1.631015194263347,0.15063875555791217,0.14218705808769833,0.6142241379310345,0.14774256826552865
-0.751858431957906,345.0,55.0,-0.751858431957906,1.6537470000642691,0.1068971076909695,0.09977185948048206,0.6130760986066452,0.1998732579741858
-0.7676744935284996,350.0,55.0,-0.7676744935284996,1.7277798131865465,0.0704206882379353,0.06382147118732465,0.5699797160243407,0.26078822369600285
-0.7846982172233634,355.0,55.0,-0.7846982172233634,1.7606608600772569,0.07453438697907282,0.06964802186761535,0.5561172901921132,0.3134079678637863
-0.7253374183070449,0.0,60.0,-0.7253374183070449,1.6029243866993692,0.06464552849709787,0.11756084029780564,0.6138392857142857,0.3335729170148988
-0.7465097117650796,5.0,60.0,-0.7465097117650796,1.6144990561885528,0.0951832903238452,0.15155950585917816,0.6097560975609756,0.3341422286597559
-0.7618903043672556,10.0,60.0,-0.7618903043672556,1.620790817405193,0.12017705062281761,0.17744489838520414,0.6083150984682714,0.32834745652906266
-0.7714139641371212,15.0,60.0,-0.7714139641371212,1.62100285705798,0.1389662399982603,0.19508722153601976,0.6050054406964092,0.3196625414048269
-0.7805299533888135,20.0,60.0,-0.7805299533888135,1.625981499304746,0.15232837845963143,0.20796324888257206,0.5993555316863588,0.30498187051435405
-0.7868729545448783,25.0,60.0,-0.7868729545448783,1.6283161082553157,0.16301808922872896,0.21780914470193904,0.5966029723991507,0.2909052264283785
-0.7889516457201153,30.0,60.0,-0.7889516457201153,1.6211559555591943,0.1725623830620759,0.22737998047246788,0.5949632738719832,0.273193152557726
-0.7905264533455114,35.0,60.0,-0.7905264533455114,1.6121339617006625,0.18223252891146485,0.23789431286430904,0.59358841778697,0.25679606621133755
-0.7924126040560397,40.0,60.0,-0.7924126040560397,1.6050026120044334,0.1916774698963138,0.2466286449211588,0.5916496945010183,0.24099895783412068
-0.7954410655498602,45.0,60.0,-0.7954410655498602,1.6016127318769655,0.20039394671521404,0.2550072483040191,0.5905432595573441,0.22696702936191154
-0.7921299204027646,50.0,60.0,-0.7921299204027646,1.582867713383648,0.20740362176406701,0.26389117619346897,0.5884086444007859,0.21511128932410378
-0.7814601183609833,55.0,60.0,-0.7814601183609833,1.5498139496038437,0.21351019972814167,0.27143983553775974,0.597029702970297,0.2051375708336178
-0.7769658822074014,60.0,60.0,-0.7769658822074014,1.5317755729859173,0.21913907076648798,0.2759974902050999,0.5952848722986247,0.19638284996043015
-0.77969835569702,65.0,60.0,-0.77969835569702,1.5294685625339346,0.22564953039735716,0.28076844785996197,0.5869356388088377,0.18934208642923134
-0.7643571258778936,70.0,60.0,-0.7643571258778936,1.487603442317411,0.22895374562497534,0.2852174627391282,0.5922705314009662,0.18369002747077237
-0.7633413370064477,75.0,60.0,-0.7633413370064477,1.4791540530589484,0.2325012092278591,0.2886221907656181,0.5860113421550095,0.1790937741795467
-0.7619315644540021,80.0,60.0,-0.7619315644540021,1.4707857574064045,0.2352084914672292,0.29091791017823393,0.5791433891992551,0.17549248270914405
-0.7417025715283803,85.0,60.0,-0.7417025715283803,1.4203436174652238,0.23697156404487166,0.2924291210401793,0.5878504672897197,0.1730337701194005
-0.7275085347587291,90.0,60.0,-0.7275085347587291,1.3841207181873147,0.23784606461240765,0.29377112026188656,0.5904404873477038,0.17153680811836325
-0.6826784667015048,95.0,60.0,-0.6826784667015048,1.286775600281158,0.23329829311205078,0.29400608532533434,0.6385786802030456,0.17111033232260128
-0.5831832540020926,100.0,60.0,-0.5831832540020926,1.0640597228843283,0.22780504859932765,0.29229416194619096,0.7246543778801844,0.17163208291569812
-0.5421143071856003,105.0,60.0,-0.5421143071856003,0.9679273705996144,0.2251403210802959,0.2905299494037773,0.7397420867526378,0.1731741727435963
-0.5204351573531011,110.0,60.0,-0.5204351573531011,0.9184550871056408,0.22181626775378468,0.2879051190867472,0.7437722419928826,0.17561029520113955
-0.4764514826342565,115.0,60.0,-0.4764514826342565,0.8173485860143721,0.2176751823984143,0.2834180775070903,0.7576126674786845,0.17885003976370764
-0.4734256135998044,120.0,60.0,-0.4734256135998044,0.8138606776164587,0.2130544948636352,0.2785920874704604,0.7503030303030302,0.18310766843527881
-0.4654477209600356,125.0,60.0,-0.4654477209600356,0.803353286781827,0.2070478769204564,0.2725876246119725,0.7580246913580246,0.18809604607572936
-0.4573708684011931,130.0,60.0,-0.4573708684011931,0.7908505330996848,0.2004320769205683,0.2652817309952103,0.7539779681762546,0.19494168328318753
-0.4475471647779764,135.0,60.0,-0.4475471647779764,0.7757781947962332,0.192499987614815,0.2584237578429191,0.754950495049505,0.20370946599049297
-0.4456919914814244,140.0,60.0,-0.4456919914814244,0.7809898238464212,0.1844864068673088,0.25019037821754747,0.753731343283582,0.21366258738276467
-0.4287815247590504,145.0,60.0,-0.4287815247590504,0.7504859684025867,0.1763802276901001,0.24172772039820342,0.7593984962406015,0.22553215571700422
-0.42787580796188923,150.0,60.0,-0.42787580796188923,0.7602055248094359,0.1660858716587307,0.23248474690882295,0.7584905660377359,0.23801072913176508
-0.4183427571051502,155.0,60.0,-0.4183427571051502,0.746292670094312,0.15767323384418042,0.22375186949168824,0.7553058676654182,0.25188159326818427
-0.4055646526586388,160.0,60.0,-0.4055646526586388,0.7245587838173011,0.14716289395933635,0.21308561318482108,0.7432098765432099,0.26601050714711616
-0.3988455150514009,165.0,60.0,-0.3988455150514009,0.7285586954110806,0.1336213846137122,0.19532234606071344,0.7481389578163772,0.28306874944392896
-0.38923407355879636,170.0,60.0,-0.38923407355879636,0.7286102100122573,0.1154837069574053,0.17605172059483917,0.7509386733416771,0.3029840896118721
-0.38281796204734947,175.0,60.0,-0.38281796204734947,0.7426677895816365,0.09272165186363711,0.1496559507673577,0.7484355444305382,0.3258194218719175
-0.36738686997655906,180.0,60.0,-0.36738686997655906,0.7430613378892318,0.06382147118732398,0.11682786809614128,0.75,0.3507449423891472
-0.35262290184745143,185.0,60.0,-0.35262290184745143,0.7488285803606181,0.029396704615016755,0.08284525846050159,0.7496902106567535,0.3729927683081133
-0.35192886141790636,190.0,60.0,-0.35192886141790636,0.7499352748437758,0.04426610473400844,0.05965046216318523,0.7402439024390244,0.37025086968859366
-0.3679877393665936,195.0,60.0,-0.3679877393665936,0.7555130804722054,0.07750040307595318,0.08163929915363498,0.7400241837968561,0.34902556180964067
-0.3886835657782787,200.0,60.0,-0.3886835657782787,0.7607847442750604,0.11491439076779253,0.11717505994833935,0.7365269461077845,0.3214995244637007
-0.4175296522777067,205.0,60.0,-0.4175296522777067,0.7864624094894603,0.15232837845963187,0.15313333136793936,0.734207389749702,0.2912061131114291
-0.44255088772527523,210.0,60.0,-0.44255088772527523,0.801942633759911,0.18749571477504684,0.1901656598460452,0.7264150943396226,0.26090576693335266
-0.46470596091649463,215.0,60.0,-0.46470596091649463,0.8108667068359816,0.22448392615103607,0.22514032108029577,0.7204678362573099,0.23748439848187677
-0.49197489237066677,220.0,60.0,-0.49197489237066677,0.8303783847302912,0.2609740720834691,0.25969939217555926,0.7034482758620689,0.21447675525148002
-0.5216673932413616,225.0,60.0,-0.5216673932413616,0.8512811039871243,0.29396704615016667,0.29396704615016667,0.6582857142857143,0.1931735550183755
-0.5517644813646451,230.0,60.0,-0.5517644813646451,0.8735007041278402,0.32603617845745747,0.32603617845745747,0.6065388951521984,0.17205226733868448
-0.5939350858195828,235.0,60.0,-0.5939350858195828,0.9001096888320683,0.3554328830724742,0.35340590016808826,0.43318485523385303,0.15274687539689633
-0.6355923870819318,240.0,60.0,-0.6355923870819318,0.9296859604103151,0.37948473230294244,0.37948473230294244,0.2602436323366556,0.13561676713036896
-0.6685166754081491,245.0,60.0,-0.6685166754081491,0.9587826893932732,0.40353658153341065,0.40594684361862104,0.1736725663716814,0.12264779917001156
-0.6990576628131918,250.0,60.0,-0.6990576628131918,0.9897365830611997,0.4215428484703879,0.43031631834260964,0.09801762114537445,0.11347948928865205
-0.7209197168803857,255.0,60.0,-0.7209197168803857,1.019832322600673,0.4356597500490177,0.4494751742372128,0.08296943231441048,0.10813786394888687
-0.7399785976982528,260.0,60.0,-0.7399785976982528,1.0507552175112778,0.4427752431338964,0.4649980447603762,0.07266811279826464,0.10568252197326751
-0.7579245007261831,265.0,60.0,-0.7579245007261831,1.084703491064284,0.4529453243132013,0.4675484826823787,0.06080347448425624,0.1006303849929109
-0.7720907838879382,270.0,60.0,-0.7720907838879382,1.1138810286287546,0.4545142029659443,0.4718979074694559,0.05064655172413793,0.09428520624346748
-0.7685755515279904,275.0,60.0,-0.7685755515279904,1.1127452989750541,0.45008028026110436,0.46944742501886044,0.06404494382022471,0.09077663587875634
-0.7770749760407243,280.0,60.0,-0.7770749760407243,1.1494304175813088,0.44362299691752405,0.4572266571943749,0.07909604519774012,0.08978823365337261
-0.7774255500616508,285.0,60.0,-0.7774255500616508,1.1765968305149068,0.4249160030716044,0.4383043277118787,0.09018264840182648,0.08741935059409718
-0.7879096934919516,290.0,60.0,-0.7879096934919516,1.229411424628407,0.4105959390540696,0.4195711476870563,0.11396648044692738,0.08648765756883066
-0.7786093734585152,295.0,60.0,-0.7786093734585152,1.2538886777238223,0.3902622086082167,0.39936933007126796,0.20353982300884957,0.08645215427395633
-0.7781195705638164,300.0,60.0,-0.7781195705638164,1.3040779743285538,0.3716439629560137,0.37681230461066795,0.3062568605927552,0.08727230023622509
-0.7568400528862094,305.0,60.0,-0.7568400528862094,1.3364343827087304,0.3466409782167006,0.3511961508187296,0.5219298245614035,0.0897606839956563
-0.7503726068260654,310.0,60.0,-0.7503726068260654,1.3698076676860047,0.31911872868535196,0.32205197934091007,0.5784313725490197,0.09459825009794227
-0.7462494465982638,315.0,60.0,-0.7462494465982638,1.4033140010458622,0.2891330145076827,0.29003892419236366,0.5986913849509269,0.10067474970497545
-0.7376597954873343,320.0,60.0,-0.7376597954873343,1.4316149485098535,0.2566169599736048,0.2565530584583273,0.6327868852459017,0.1095647355065771
-0.7320236706265522,325.0,60.0,-0.7320236706265522,1.4606868695624484,0.22188540553694455,0.22181149845876247,0.6317530319735392,0.1230550851678454
-0.7255070358856568,330.0,60.0,-0.7255070358856568,1.4881065499136474,0.18728888243925773,0.18660720918913115,0.6320960698689956,0.1417631983598155
-0.7194135580463075,335.0,60.0,-0.7194135580463075,1.5168847463104027,0.15329405063503135,0.1497463341784444,0.631004366812227,0.17125171214835108
-0.7096315359045844,340.0,60.0,-0.7096315359045844,1.5355079691026727,0.11863143282154598,0.11548370695740573,0.631004366812227,0.20718698272224687
-0.6994901086820953,345.0,60.0,-0.6994901086820953,1.5541368911569537,0.08284525846050173,0.08080384272444535,0.6307692307692307,0.25435821011716425
-0.6940762864073952,350.0,60.0,-0.6940762864073952,1.5744239797555877,0.05077612615321048,0.05612098153775933,0.6241758241758242,0.30237490121161464
-0.7022684366971086,355.0,60.0,-0.7022684366971086,1.5875755946494658,0.034741559999565075,0.08210480519451284,0.6197339246119734,0.3293276483346331
-0.6899121187423267,0.0,65.0,-0.6899121187423267,1.5146421344153491,0.06413826461458205,0.1221389120129491,0.6251402918069585,0.34873619235079933
-0.7066600286373307,5.0,65.0,-0.7066600286373307,1.5239911309326297,0.08984780050706676,0.14729539343893733,0.6222222222222222,0.3479885964244132
-0.7201800184719629,10.0,65.0,-0.7201800184719629,1.5284137806044067,0.1119381997017288,0.1704959049532914,0.6179401993355482,0.34272940062593693
-0.7302790902076465,15.0,65.0,-0.7302790902076465,1.5327416246396726,0.12827652922916322,0.18626821015151449,0.6145374449339207,0.3335203834020869
-0.7376585697857777,20.0,65.0,-0.7376585697857777,1.5332617152268608,0.14315076026019938,0.19868514288396394,0.6110509209100758,0.32237211916807196
-0.7422308807472429,25.0,65.0,-0.7422308807472429,1.5334079941418235,0.15186356351462377,0.2082423619804768,0.6115879828326181,0.3085814847404251
-0.7449750976062431,30.0,65.0,-0.7449750976062431,1.5285069949958006,0.1603456615364549,0.21667857963027937,0.6068376068376068,0.29612651235375226
-0.7460422303240372,35.0,65.0,-0.7460422303240372,1.521606513062124,0.16836294461327705,0.22368539738854165,0.6061246040126715,0.2822620403583632
-0.749419327200678,40.0,65.0,-0.749419327200678,1.5198167643323575,0.17586082390326863,0.23195066615177154,0.604602510460251,0.2683400518988788
-0.7492830132185367,45.0,65.0,-0.7492830132185367,1.510050603187631,0.18208562597190076,0.23904810643013544,0.6002066115702479,0.25592430103468883
-0.7463496757459064,50.0,65.0,-0.7463496757459064,1.4950729243035294,0.18846707761169273,0.2451424797513826,0.6008188331627431,0.2445393931560901
-0.7441023545508875,55.0,65.0,-0.7441023545508875,1.482443567617936,0.1945334455415052,0.25021016691237175,0.600609756097561,0.23382990968655923
-0.7341290413983669,60.0,65.0,-0.7341290413983669,1.4541447378658316,0.1978178868964637,0.2546024854327365,0.6063394683026585,0.22476392230081504
-0.7296963236034278,65.0,65.0,-0.7296963236034278,1.4372279888664425,0.20299652395140613,0.25850041104022453,0.6056910569105691,0.21724853639949007
-0.7300234104688323,70.0,65.0,-0.7300234104688323,1.4326621457359598,0.20577693230511684,0.26189791384287586,0.599601593625498,0.2112819805530653
-0.7154236909567486,75.0,65.0,-0.7154236909567486,1.3947616052097063,0.2084493599973909,0.26461371743151035,0.6074672048435923,0.20652989954784642
-0.7137057861177095,80.0,65.0,-0.7137057861177095,1.3849754820208224,0.21112178768966539,0.2671075489504283,0.5984174085064293,0.20315119345573043
-0.6974633040826388,85.0,65.0,-0.6974633040826388,1.3464268235034964,0.21122322845341202,0.2679470702715486,0.609,0.20062533089594134
-0.6935726722005415,90.0,65.0,-0.6935726722005415,1.3326624518307888,0.21379421538193943,0.268948012941557,0.6017786561264822,0.1990957564764953
-0.6831505993835754,95.0,65.0,-0.6831505993835754,1.3066416276533315,0.21342409788207578,0.2695723038465419,0.6025515210991168,0.19873314100490502
-0.5401043318017013,100.0,65.0,-0.5401043318017013,0.9900763761524916,0.20542541382441337,0.26748806902632766,0.7415458937198067,0.19927130877300675
-0.5106299742128847,105.0,65.0,-0.5106299742128847,0.9216381055501731,0.20310450461284235,0.26614411660995324,0.7533742331288343,0.20065482686774483
-0.5008991081423405,110.0,65.0,-0.5008991081423405,0.901139179440989,0.20043207692056786,0.26393746582380506,0.7564894932014833,0.20320857393757152
-0.5006257151781515,115.0,65.0,-0.5006257151781515,0.9042285411789998,0.19606413071165243,0.2612720801047135,0.7539975399753998,0.20657494355371706
-0.4700848740508752,120.0,65.0,-0.4700848740508752,0.8356573688429823,0.1924147938437457,0.2569030629647521,0.7650753768844221,0.21103154148882347
-0.46567437017277835,125.0,65.0,-0.46567437017277835,0.828675181306134,0.18715756521418142,0.2522683210392913,0.7565217391304347,0.21670378234674675
-0.45938685895228576,130.0,65.0,-0.45938685895228576,0.820001762663499,0.18172508307464863,0.24796005944905658,0.7603513174404015,0.2242781167066685
-0.45129557377633045,135.0,65.0,-0.45129557377633045,0.8071917680585234,0.17605172059483978,0.24240963982339359,0.7619647355163728,0.23358862540047587
-0.44741931190034157,140.0,65.0,-0.44741931190034157,0.806512056717382,0.16846030232854953,0.2352224332860673,0.7610619469026548,0.24446579310909788
-0.4361814934753792,145.0,65.0,-0.4361814934753792,0.7869011844234866,0.16197348129223849,0.22902705322790237,0.7632911392405063,0.25529331294142965
-0.4330098621416327,150.0,65.0,-0.4330098621416327,0.788928310740005,0.15499594649041448,0.2210322125745665,0.765685019206146,0.2674685085422817
-0.4261605861178428,155.0,65.0,-0.4261605861178428,0.7837239863013411,0.14698352307508333,0.21096158981095706,0.7681528662420383,0.27924972143122445
-0.41770560795060274,160.0,65.0,-0.41770560795060274,0.7717958770119326,0.13629381230598625,0.19965521627733232,0.75,0.29286367127660945
-0.41535291190499124,165.0,65.0,-0.41535291190499124,0.7818997858613917,0.1236207702186334,0.18637480847981744,0.7490589711417817,0.30883372625156014
-0.40539680689608887,170.0,65.0,-0.40539680689608887,0.7806343150047658,0.10689710769096994,0.1664308833920576,0.7518891687657431,0.32626339897939194
-0.3965616470515343,175.0,65.0,-0.3965616470515343,0.7858924423004082,0.08819011384505027,0.1416386676905348,0.7525252525252525,0.3450961706762092
-0.38460697035972,180.0,65.0,-0.38460697035972,0.7882544818743218,0.06382147118732467,0.11491439076779209,0.7537878787878788,0.3606462374206943
-0.3748694274959148,185.0,65.0,-0.3748694274959148,0.796481950552863,0.037413987691839345,0.08819011384504982,0.7512437810945274,0.374410735910936
-0.3701796746648786,190.0,65.0,-0.3701796746648786,0.8077791272752888,0.02907501236688436,0.05956699633897435,0.750924784217016,0.3786472854193713
-0.37645945969052186,195.0,65.0,-0.37645945969052186,0.805703159693006,0.05375444400183504,0.06382147118732429,0.752157829839704,0.3626639541731356
-0.3906301169266674,200.0,65.0,-0.3906301169266674,0.8111588545777031,0.08098674064611962,0.08355745961412453,0.7496947496947497,0.3427553112688001
-0.41015019495484284,205.0,65.0,-0.41015019495484284,0.8198687066196323,0.11224196307551848,0.11224196307551804,0.7391826923076923,0.316855471780904
-0.4323690558581529,210.0,65.0,-0.4323690558581529,0.8376087105354291,0.14188525083169468,0.14283872249121818,0.7385542168674699,0.29223443379179864
-0.4518816242920907,215.0,65.0,-0.4518816242920907,0.84968072840318,0.17103537230555155,0.17103537230555155,0.7350835322195705,0.26722360170026516
-0.4696733453292014,220.0,65.0,-0.4696733453292014,0.8591094719246337,0.1978425414431146,0.19809063141349395,0.7295373665480427,0.24575693740084784
-0.4908757797914922,225.0,65.0,-0.4908757797914922,0.8761573150045131,0.22448392615103607,0.2242153303145961,0.7176196032672112,0.2276656912572514
-0.5128265965667591,230.0,65.0,-0.5128265965667591,0.8990549820383303,0.2485357753815043,0.24879951971733544,0.7112922002328289,0.21007429450585044
-0.5349813458329558,235.0,65.0,-0.5349813458329558,0.9232176283602319,0.26991519691969845,0.2713429936939809,0.6962025316455697,0.19408697387789725
-0.5544322748274463,240.0,65.0,-0.5544322748274463,0.9418027108122946,0.2912946184578922,0.29047374674492377,0.677309007981756,0.17920222168605882
-0.5776637374953899,245.0,65.0,-0.5776637374953899,0.9736833886759736,0.3073291846115378,0.3090687071248278,0.6590909090909091,0.1675049616686773
-0.5933439548512206,250.0,65.0,-0.5933439548512206,0.9915998767536546,0.32069132307290893,0.3233637507651834,0.6430976430976431,0.15826198341535766
-0.6088400455951312,255.0,65.0,-0.6088400455951312,1.019977350570258,0.331381033842006,0.3340534615342805,0.6550951847704367,0.1515749819530828
-0.6207327532091546,260.0,65.0,-0.6207327532091546,1.0431602242707079,0.3328094959845613,0.3420707446111031,0.6525139664804469,0.143594879510924
-0.6346159405846308,265.0,65.0,-0.6346159405846308,1.0661368763964167,0.3371801077117258,0.34741559999565164,0.6298773690078038,0.13581748905990645
-0.6482518109190842,270.0,65.0,-0.6482518109190842,1.095220709133892,0.3394466230044223,0.34859347048482875,0.6184649610678532,0.1303044540499906
-0.6317704561788551,275.0,65.0,-0.6317704561788551,1.0730118152800134,0.332905123739955,0.34741559999565164,0.6751445086705202,0.12777487932241946
-0.6308297591743056,280.0,65.0,-0.6308297591743056,1.081254966717553,0.3270386056961095,0.3427363189258176,0.6911595866819747,0.12748868618133255
-0.626689713774247,285.0,65.0,-0.626689713774247,1.083920156970053,0.3180188953806349,0.3344213586222054,0.6998841251448435,0.12844032343785589
-0.669055387632626,290.0,65.0,-0.669055387632626,1.1925280360193962,0.30970773726163947,0.3233637507651834,0.6622369878183831,0.1294492659428047
-0.6759382620556476,295.0,65.0,-0.6759382620556476,1.226050289345062,0.2974389220481439,0.3086600658626115,0.6600660066006601,0.1327113893886844
-0.6797300941519177,300.0,65.0,-0.6797300941519177,1.2543685866469487,0.28420191098752834,0.2912946184578926,0.6589147286821705,0.1368890147114812
-0.6821930931388436,305.0,65.0,-0.6821930931388436,1.2856124942708858,0.26457034153515036,0.26991519691969845,0.6567328918322296,0.14209766277954167
-0.685888163314519,310.0,65.0,-0.685888163314519,1.3200815390485336,0.24475660433606955,0.24803423986598594,0.6534216335540839,0.14854420062695925
-0.6839367221866479,315.0,65.0,-0.6839367221866479,1.3463231908744366,0.22181149845876202,0.22204050711095286,0.6555555555555556,0.1573562960850613
-0.6807940841476132,320.0,65.0,-0.6807940841476132,1.370497015900759,0.19542311371415425,0.1954231137141538,0.6511627906976745,0.16753180819760455
-0.6755050828318765,325.0,65.0,-0.6755050828318765,1.3894035304658465,0.17103537230555155,0.1683629446132775,0.6510590858416946,0.1835782943119111
-0.673182427280159,330.0,65.0,-0.673182427280159,1.415468923227448,0.14459475845996336,0.1426767088949856,0.6482300884955752,0.2061674956311332
-0.6686556634383369,335.0,65.0,-0.6686556634383369,1.4361738490216016,0.11814325728814065,0.11646702460930218,0.6446644664466447,0.23258652014972747
-0.6608082939049469,340.0,65.0,-0.6608082939049469,1.4514346413627823,0.0910795387208411,0.08813635641385906,0.6456953642384106,0.2636521526146447
-0.6565854594708437,345.0,65.0,-0.6565854594708437,1.4685361556382877,0.06515279237961415,0.06800960179811436,0.6411960132890365,0.297037426444403
-0.6582838978273725,350.0,65.0,-0.6582838978273725,1.4869637312295494,0.04169040735515453,0.06668723174510313,0.6359600443951166,0.3300419663583035
-0.6712922299145709,355.0,65.0,-0.6712922299145709,1.5003560580017732,0.040086415384113394,0.0954056686141903,0.6272321428571429,0.34412672826753243
-0.6555907520748709,0.0,70.0,-0.6555907520748709,1.43039368521499,0.06413826461458161,0.12496207897933609,0.6384180790960452,0.35875736058673396
-0.6693391769503034,5.0,70.0,-0.6693391769503034,1.43867396996362,0.08338081471030852,0.1450584350038617,0.6324022346368715,0.3581502436043625
-0.6813399214139659,10.0,70.0,-0.6813399214139659,1.4475402584667343,0.10162818200120609,0.16034566153645446,0.6316964285714286,0.3544886288070222
-0.688871636445315,15.0,70.0,-0.688871636445315,1.447756532633218,0.115660043236681,0.17430100608364232,0.6272123893805309,0.3456292750363668
-0.6964730227274971,20.0,70.0,-0.6964730227274971,1.4496392483758964,0.12882623516663042,0.18693111967817735,0.6232201533406353,0.33703544640092686
-0.7028130613610353,25.0,70.0,-0.7028130613610353,1.4509888119026464,0.13926884726031935,0.19920304205897763,0.6220043572984749,0.32713408155774915
-0.7046165014948108,30.0,70.0,-0.7046165014948108,1.4466188450051445,0.14727657607311762,0.20529493007180732,0.6217391304347826,0.3156706110717085
-0.7075798860167297,35.0,70.0,-0.7075798860167297,1.4434846511120423,0.15500080615190592,0.21299248707425675,0.6181229773462783,0.3045217022773076
-0.7078765027779572,40.0,70.0,-0.7078765027779572,1.4372509852724604,0.1603456615364549,0.21854153176012656,0.6174568965517241,0.2952124520829964
-0.7064262808936812,45.0,70.0,-0.7064262808936812,1.426618081698277,0.165690516921003,0.22318838780088512,0.614406779661017,0.28517310278415287
-0.7058798044207687,50.0,70.0,-0.7058798044207687,1.4196508156080374,0.17103537230555155,0.2273583298783476,0.6157894736842106,0.2749712429241102
-0.7047972108188854,55.0,70.0,-0.7047972108188854,1.4112654308795705,0.17575028295799972,0.23027760256641386,0.6121593291404612,0.2661764705882353
-0.6998258103251169,60.0,70.0,-0.6998258103251169,1.3940168757778524,0.17905265538237458,0.2351736369201336,0.61337513061651,0.2581290036251095
-0.6967764681109992,65.0,70.0,-0.6967764681109992,1.3825926719524608,0.1820856259719009,0.23784606461240765,0.6124352331606218,0.2510651891937663
-0.6857615512307181,70.0,70.0,-0.6857615512307181,1.3538382820894672,0.18439751076692312,0.2405662046176283,0.6201469045120671,0.24505721040189124
-0.6813651427756622,75.0,70.0,-0.6813651427756622,1.338865724769964,0.18706993845919717,0.2431909199969562,0.6174636174636174,0.24029108107301644
-0.6786926539081782,80.0,70.0,-0.6786926539081782,1.3297052266355924,0.18870417781252805,0.24396459113335006,0.6135662898252826,0.23661861722331007
-0.67063565153283,85.0,70.0,-0.67063565153283,1.3074826150816472,0.18974236615147122,0.24591002306232798,0.6127049180327869,0.2339571996957463
-0.6615299566517963,90.0,70.0,-0.6615299566517963,1.2853008333105735,0.18974236615147122,0.24604997331264228,0.6153846153846154,0.23231485824615755
-0.5343118777692143,95.0,70.0,-0.5343118777692143,1.0026365314809091,0.18439751076692268,0.24628297144851438,0.7441285537700866,0.2319929473737674
-0.5107853021213419,100.0,70.0,-0.5107853021213419,0.9479752413663963,0.18181528582674425,0.24556553647238874,0.7525,0.23271061287020162
-0.49635913985657787,105.0,70.0,-0.49635913985657787,0.9151952671135004,0.18132749913843235,0.2436960039754607,0.759748427672956,0.23444684928911333
-0.4989393263958824,110.0,70.0,-0.4989393263958824,0.9226458560204044,0.17905265538237436,0.24271566959593968,0.7556109725685786,0.23705371384151686
-0.4890397381891368,115.0,70.0,-0.4890397381891368,0.9033376569825207,0.1763802276901001,0.24023192477602612,0.7644836272040302,0.24072737768797806
-0.4808076051934857,120.0,70.0,-0.4808076051934857,0.8852469477386874,0.1737077999978256,0.23779333037151873,0.7616645649432535,0.24558898482940578
-0.47351057057327145,125.0,70.0,-0.47351057057327145,0.8727559620252133,0.1683629446132775,0.23381525298492145,0.7613636363636364,0.25114958280041416
-0.4667992785041547,130.0,70.0,-0.4667992785041547,0.8613917378252004,0.165690516921003,0.2294902094777031,0.7655259822560203,0.25762961527279776
-0.4595961688923927,135.0,70.0,-0.4595961688923927,0.8492264749984153,0.16034566153645446,0.22575695899117892,0.7662007623888183,0.2661867084848053
-0.4485708075602335,140.0,70.0,-0.4485708075602335,0.8288941132124426,0.15500080615190592,0.2210209946200709,0.7699228791773779,0.27580372936918807
-0.44460491546730596,145.0,70.0,-0.44460491546730596,0.8274035762406542,0.1487576334980076,0.21429959687460137,0.7712082262210797,0.2861160647322545
-0.43786324974056684,150.0,70.0,-0.43786324974056684,0.81989521379446,0.1416386676905348,0.20583269705130436,0.7696267696267697,0.29753012797686723
-0.4331953649487914,155.0,70.0,-0.4331953649487914,0.815844907030365,0.13404267179943613,0.19718440510157575,0.759493670886076,0.309301873109645
-0.4292516003674425,160.0,70.0,-0.4292516003674425,0.8169650695009247,0.12505935432798493,0.18706993845919703,0.7556675062972292,0.3223256663015699
-0.4246220190382004,165.0,70.0,-0.4246220190382004,0.8214556176051995,0.11238794693746618,0.17290607169014335,0.7528373266078184,0.33604698850271286
-0.41497675578648624,170.0,70.0,-0.41497675578648624,0.8179711211070244,0.09904550498380617,0.15500080615190592,0.7572327044025158,0.3503552592491587
-0.40896899949744686,175.0,70.0,-0.40896899949744686,0.8245003230918895,0.08304293582936535,0.1355288789681395,0.7547408343868521,0.3652351902795729
-0.4001278566302599,180.0,70.0,-0.4001278566302599,0.8278542608080394,0.06305042048058629,0.11491439076779209,0.7550505050505051,0.37604540177995616
-0.3920210128533572,185.0,70.0,-0.3920210128533572,0.8322140693804645,0.04275884307638789,0.09540566861419017,0.7540574282147315,0.3858803995494757
-0.38490287610492363,190.0,70.0,-0.38490287610492363,0.8410071378877847,0.024051849230468214,0.072314361592432,0.7559153175591532,0.3927206374570818
-0.3835773529889892,195.0,70.0,-0.3835773529889892,0.8412992948915909,0.03165935312160004,0.05879340923003351,0.7555555555555555,0.3827066400274377
-0.3933727115237994,200.0,70.0,-0.3933727115237994,0.8501096695734783,0.05077612615321048,0.06413826461458161,0.7539975399753998,0.36469786584534875
-0.4056471925372659,205.0,70.0,-0.4056471925372659,0.8576303580745714,0.07482797538367869,0.07677471573360115,0.7530562347188264,0.34723033183631374
-0.4215909918576864,210.0,70.0,-0.4215909918576864,0.8665855883607191,0.09887982461414735,0.09889157870667849,0.7448609431680774,0.32673747012808857
-0.43464474585785295,215.0,70.0,-0.43464474585785295,0.868679350850371,0.12293167384461512,0.1235811714707554,0.7445520581113801,0.30664650111398417
-0.4565818848415979,220.0,70.0,-0.4565818848415979,0.8943504615322104,0.14574648019409805,0.1446865060396497,0.7376654632972323,0.28782474704481537
-0.47175036803815085,225.0,70.0,-0.47175036803815085,0.9052580771565383,0.16588257399279252,0.16569051692100242,0.7324613555291319,0.269302556916939
-0.4872919601778482,230.0,70.0,-0.4872919601778482,0.9210512066375621,0.18290334594358781,0.18439751076692268,0.7295373665480427,0.2524644263112658
-0.5002066163946974,235.0,70.0,-0.5002066163946974,0.9334687995557811,0.19784254144311472,0.19782774871512415,0.7209847596717468,0.23880722650701292
-0.5150575592398681,240.0,70.0,-0.5150575592398681,0.9563628462040765,0.20862566997549348,0.21233310396654737,0.7272727272727273,0.22734129117452098
-0.5307307019551086,245.0,70.0,-0.5307307019551086,0.9769442601254752,0.2218854055369441,0.22471021181372422,0.7169590643274854,0.2173261732720996
-0.5395016783673872,250.0,70.0,-0.5395016783673872,0.9849837134861532,0.23250120922785866,0.2367231020292972,0.717978848413631,0.20633590259102524
-0.5540056641481605,255.0,70.0,-0.5540056641481605,1.0078888111198776,0.24058665275174762,0.24478864772532474,0.7049368541905855,0.19603042220759942
-0.566519663027821,260.0,70.0,-0.566519663027821,1.0308012165631482,0.24586334768923024,0.2511155902672581,0.7004555808656037,0.18662937119634343
-0.5416474092057777,265.0,70.0,-0.5416474092057777,0.9728912880401456,0.2485357753815043,0.25388063076605283,0.7311320754716981,0.1801504533276825
-0.5511627307108099,270.0,70.0,-0.5511627307108099,0.9946632688746758,0.2485357753815043,0.25500685843872456,0.7258823529411764,0.17534993985212177
-0.5615545182711404,275.0,70.0,-0.5615545182711404,1.0222120355116104,0.24612995572267563,0.25388063076605283,0.7233294255568582,0.1738902525692915
-0.5670987139085394,280.0,70.0,-0.5670987139085394,1.0411228474936054,0.24319091999695575,0.2490300211568674,0.7240566037735849,0.17342094364589541
-0.5676287351441731,285.0,70.0,-0.5676287351441731,1.0515360701655025,0.23517363692013316,0.2431909199969562,0.7257683215130024,0.17463216641298834
-0.5729527939028684,290.0,70.0,-0.5729527939028684,1.0740275448946985,0.22702957137288649,0.23517363692013316,0.7220902612826603,0.17609135838990528
-0.6268603279970119,295.0,70.0,-0.6268603279970119,1.2095493229125602,0.21723433476492676,0.22606900016033965,0.6778523489932886,0.1792796958487464
-0.6301268975570915,300.0,70.0,-0.6301268975570915,1.2325420153200797,0.20577693230511684,0.2130544948636355,0.6759776536312849,0.18388119386285703
-0.6334923629550023,305.0,70.0,-0.6334923629550023,1.2564546926670883,0.19508722153601976,0.19775964922829425,0.6730123180291153,0.18970176951828327
-0.6324479857933218,310.0,70.0,-0.6324479857933218,1.2749501557948297,0.17786135664718053,0.17941856862256594,0.6685205784204672,0.19811410459587955
-0.6323822973086966,315.0,70.0,-0.6323822973086966,1.296539291351173,0.1603456615364547,0.1603456615364549,0.6640625,0.20982207242095818
-0.6292443880601041,320.0,70.0,-0.6292443880601041,1.3122101287571635,0.1417543809796458,0.14175438097964557,0.6651685393258427,0.2224796405504072
-0.6312134374959306,325.0,70.0,-0.6312134374959306,1.337957695824856,0.1256041015368896,0.12338219999192838,0.6621621621621622,0.2387249359573085
-0.6275838772500549,330.0,70.0,-0.6275838772500549,1.3521152985044838,0.1068971076909695,0.10418800191436678,0.6603351955307263,0.25963026845340764
-0.6254184295302512,335.0,70.0,-0.6254184295302512,1.3708893025410878,0.08723973457373538,0.0835110994815286,0.65625,0.28358684889204655
-0.6220529495171223,340.0,70.0,-0.6220529495171223,1.3838189871865754,0.0668106923068561,0.06948311999913015,0.6554809843400448,0.3081723642371366
-0.6194897820639376,345.0,70.0,-0.6194897820639376,1.3939615561489769,0.04810369846093643,0.05989853367137808,0.6509539842873177,0.3343573696352299
-0.6284968639238647,350.0,70.0,-0.6284968639238647,1.412218212547484,0.031659353121600224,0.08210480519451302,0.648314606741573,0.3520733697823333
-0.6404509855801471,355.0,70.0,-0.6404509855801471,1.4188694378530808,0.04426610473400752,0.10410349377840816,0.6418918918918919,0.3576347888971124
