score,azimuth_deg,elevation_deg,frame0_score,frame0_distance_only_score,frame0_distance_percentile,frame0_pred_to_observed_tail_m,frame0_pred_to_observed_median_m,frame0_observed_to_predicted_tail_m,frame0_pred_boundary_support_0p35m,frame0_iou_diagnostic,frame0_structure_penalty_m,frame0_tangent_p80_rad,frame0_curvature_log_p80,frame0_bump_support,frame0_predicted_bump_count,frame0_observed_bump_count
-1.3850089929350242,0.0,20.0,-1.3850089929350242,-1.3850089929350242,0.95,1.8352905352414504,0.8640651606381662,1.437497922587096,0.24497991967871485,0.07801088832824327,0.0,0.0,0.0,0.0,0,0
-1.4517590533765206,5.0,20.0,-1.4517590533765206,-1.4517590533765206,0.95,1.8577929794611232,0.9174911025616614,1.6020184287487078,0.21235521235521235,0.08889459824009249,0.0,0.0,0.0,0.0,0,0
-1.5184944944242493,10.0,20.0,-1.5184944944242493,-1.5184944944242493,0.95,1.874341185479035,0.9058621250956115,1.821343868878408,0.13043478260869565,0.10471107839528893,0.0,0.0,0.0,0.0,0,0
-1.5531109086730255,15.0,20.0,-1.5531109086730255,-1.5531109086730255,0.95,1.8995970007752983,0.9570496752466564,1.8722371053124065,0.14049586776859505,0.12037909112314575,0.0,0.0,0.0,0.0,0,0
-1.7198761097488797,20.0,20.0,-1.7198761097488797,-1.7198761097488797,0.95,1.9373549609066345,1.6088783236317,1.8447043317593577,0.18461538461538463,0.13464575812274368,0.0,0.0,0.0,0.0,0,0
-1.7388022281518873,25.0,20.0,-1.7388022281518873,-1.7388022281518873,0.95,1.9702767913584933,1.6135594074796686,1.8469606496494786,0.1443850267379679,0.15852382263839163,0.0,0.0,0.0,0.0,0,0
-1.75161341976475,30.0,20.0,-1.75161341976475,-1.75161341976475,0.95,2.025608898755333,1.5937115265503081,1.8235813860027492,0.12953367875647667,0.16184481937906595,0.0,0.0,0.0,0.0,0,0
-1.8430265702453663,35.0,20.0,-1.8430265702453663,-1.8430265702453663,0.95,2.0719288705988212,1.7357750652996362,1.9212450227237141,0.0,0.15823612228479486,0.0,0.0,0.0,0.0,0,0
-1.8537299200298203,40.0,20.0,-1.8537299200298203,-1.8537299200298203,0.95,1.999739626875568,1.7180252971284034,2.0973109799899685,0.0,0.15014710847441276,0.0,0.0,0.0,0.0,0,0
-1.8464299828491881,45.0,20.0,-1.8464299828491881,-1.8464299828491881,0.95,1.9854618950311,1.6905423445250907,2.1184385548219016,0.0,0.1423586880669923,0.0,0.0,0.0,0.0,0,0
-1.793738006198382,50.0,20.0,-1.793738006198382,-1.793738006198382,0.95,1.9427534086135698,1.6410248343087133,2.025521736703102,0.0,0.13625730994152047,0.0,0.0,0.0,0.0,0,0
-1.6884788877875094,55.0,20.0,-1.6884788877875094,-1.6884788877875094,0.95,1.862593383402929,1.4865339358238203,1.9183202847830847,0.07772020725388601,0.13224956063268892,0.0,0.0,0.0,0.0,0,0
-1.63216131394008,60.0,20.0,-1.63216131394008,-1.63216131394008,0.95,1.8153516676404853,1.4520640062593801,1.8140185812761631,0.105,0.12730785744954917,0.0,0.0,0.0,0.0,0,0
-1.5914964001528624,65.0,20.0,-1.5914964001528624,-1.5914964001528624,0.95,1.8305084578990465,1.4115328138315086,1.6838916813259315,0.14563106796116504,0.125635593220339,0.0,0.0,0.0,0.0,0,0
-1.5438216699137293,70.0,20.0,-1.5438216699137293,-1.5438216699137293,0.95,1.8419174097421558,1.3473498007717877,1.554108459915398,0.18309859154929578,0.12393431607240352,0.0,0.0,0.0,0.0,0,0
-1.507873411290666,75.0,20.0,-1.507873411290666,-1.507873411290666,0.95,1.8707930403555053,1.2958299044814716,1.4290308208128446,0.21658986175115208,0.12391304347826088,0.0,0.0,0.0,0.0,0,0
-1.4465884381810084,80.0,20.0,-1.4465884381810084,-1.4465884381810084,0.95,1.8782405429296505,1.1710419471816718,1.3064905732185572,0.2409090909090909,0.1265203761755486,0.0,0.0,0.0,0.0,0,0
-1.4108440232850117,85.0,20.0,-1.4108440232850117,-1.4108440232850117,0.95,1.9404545927002,1.0414119921362306,1.2021256415723849,0.26222222222222225,0.13257718966603654,0.0,0.0,0.0,0.0,0,0
-1.3775647648975844,90.0,20.0,-1.3775647648975844,-1.3775647648975844,0.95,2.0146630119037594,0.9066325425613215,1.098309157898613,0.29535864978902954,0.13746357531990372,0.0,0.0,0.0,0.0,0,0
-1.3530964626286568,95.0,20.0,-1.3530964626286568,-1.3530964626286568,0.95,2.088641331687562,0.7920631747109894,0.9975048095663481,0.2975206611570248,0.14296675191815858,0.0,0.0,0.0,0.0,0,0
-1.308434044509037,100.0,20.0,-1.308434044509037,-1.308434044509037,0.95,2.1075795614255592,0.6729787041281288,0.9140539044406829,0.3135593220338983,0.14811300409747682,0.0,0.0,0.0,0.0,0,0
-1.259394085886878,105.0,20.0,-1.259394085886878,-1.259394085886878,0.95,2.090798795188339,0.5818729347431024,0.8370920031697329,0.31666666666666665,0.15534704257464813,0.0,0.0,0.0,0.0,0,0
-1.2310594808331385,110.0,20.0,-1.2310594808331385,-1.2310594808331385,0.95,2.1105768164331997,0.5037166064856173,0.773106607275128,0.3237704918032787,0.16243586883783181,0.0,0.0,0.0,0.0,0,0
-1.1975030617150495,115.0,20.0,-1.1975030617150495,-1.1975030617150495,0.95,2.123464603304722,0.4482648453182485,0.7127990775767082,0.4214876033057851,0.16821113836649404,0.0,0.0,0.0,0.0,0,0
-1.194214208214701,120.0,20.0,-1.194214208214701,-1.194214208214701,0.95,2.200434931386014,0.40302042273745,0.6352543410419423,0.45528455284552843,0.17812805133212442,0.0,0.0,0.0,0.0,0,0
-1.2316829047071756,125.0,20.0,-1.2316829047071756,-1.2316829047071756,0.95,2.3738653756254346,0.3613953172880835,0.5615740112968951,0.4860557768924303,0.1910343507798297,0.0,0.0,0.0,0.0,0,0
-1.1492009284134161,130.0,20.0,-1.1492009284134161,-1.1492009284134161,0.95,2.229141053346484,0.34652763893606675,0.4919837226965568,0.5208333333333334,0.21591980546871123,0.0,0.0,0.0,0.0,0,0
-1.2398140458603146,135.0,20.0,-1.2398140458603146,-1.2398140458603146,0.95,2.4565597437531124,0.37127961314578783,0.4416319236867163,0.46037735849056605,0.24249693752552062,0.0,0.0,0.0,0.0,0,0
-1.3748792888322816,140.0,20.0,-1.3748792888322816,-1.3748792888322816,0.95,2.795887946444227,0.3915193991173993,0.3960315873555089,0.4036363636363636,0.2720168954593453,0.0,0.0,0.0,0.0,0,0
-1.4133945540482815,145.0,20.0,-1.4133945540482815,-1.4133945540482815,0.95,2.8773649484734287,0.3960315873555089,0.4201860689443653,0.41605839416058393,0.2995851069561938,0.0,0.0,0.0,0.0,0,0
-1.4948425011350328,150.0,20.0,-1.4948425011350328,-1.4948425011350328,0.95,3.0214492718155013,0.4148086353565829,0.48485246335675897,0.38652482269503546,0.31375721296446096,0.0,0.0,0.0,0.0,0,0
-1.5839660905172026,155.0,20.0,-1.5839660905172026,-1.5839660905172026,0.95,3.1641589486157895,0.43095687447901887,0.5849105124618708,0.35664335664335667,0.3143574941201625,0.0,0.0,0.0,0.0,0,0
-1.6387154299889186,160.0,20.0,-1.6387154299889186,-1.6387154299889186,0.95,3.21232069714465,0.4455355357749511,0.6932241798603938,0.3090277777777778,0.29847779463304913,0.0,0.0,0.0,0.0,0,0
-1.7771702890998384,165.0,20.0,-1.7771702890998384,-1.7771702890998384,0.95,3.4278947561223507,0.5216618520259035,0.785664145089634,0.20819112627986347,0.2654292814037223,0.0,0.0,0.0,0.0,0,0
-1.8429371768256078,170.0,20.0,-1.8429371768256078,-1.8429371768256078,0.95,3.4948368695995526,0.6013104005281288,0.8606105782136527,0.20477815699658702,0.2177458264981183,0.0,0.0,0.0,0.0,0,0
-1.8616870147730724,175.0,20.0,-1.8616870147730724,-1.8616870147730724,0.95,3.431294671373826,0.703314260320752,0.9361693421172756,0.20701754385964913,0.1669170878295315,0.0,0.0,0.0,0.0,0,0
-1.892632447399003,180.0,20.0,-1.892632447399003,-1.892632447399003,0.95,3.403219276385801,0.8197347994075513,0.9850665306426591,0.19855595667870035,0.11287515388207327,0.0,0.0,0.0,0.0,0,0
-1.9259296051708439,185.0,20.0,-1.9259296051708439,-1.9259296051708439,0.95,3.4243814945988293,0.8984988180838662,1.005631593912862,0.19855595667870035,0.0854769132449273,0.0,0.0,0.0,0.0,0,0
-1.9610390977580754,190.0,20.0,-1.9610390977580754,-1.9610390977580754,0.95,3.4754481257457237,0.9551614567238917,1.006849361686681,0.19642857142857142,0.06792822677925212,0.0,0.0,0.0,0.0,0,0
-1.9384525693557373,195.0,20.0,-1.9384525693557373,-1.9384525693557373,0.95,3.3839137537920068,0.9918970687181285,1.026196657183063,0.19636363636363635,0.051649569289058866,0.0,0.0,0.0,0.0,0,0
-1.3537834673041453,200.0,20.0,-1.3537834673041453,-1.3537834673041453,0.95,2.159568365521302,0.6289443926495536,1.0269499607285775,0.24017467248908297,0.037152019650655024,0.0,0.0,0.0,0.0,0,0
-1.3986735549029112,205.0,20.0,-1.3986735549029112,-1.3986735549029112,0.95,2.204768070253926,0.7248626096347329,1.032800988168921,0.2264957264957265,0.026368371057027745,0.0,0.0,0.0,0.0,0,0
-0.9915698393561104,210.0,20.0,-0.9915698393561104,-0.9915698393561104,0.95,1.3622218014222474,0.43134118509836095,1.0693832900504852,0.285,0.019802921326954152,0.0,0.0,0.0,0.0,0,0
-0.9884197598368301,215.0,20.0,-0.9884197598368301,-0.9884197598368301,0.95,1.3639215549736763,0.42078356156523,1.079333861111337,0.3217821782178218,0.016515123399517537,0.0,0.0,0.0,0.0,0,0
-0.9953895382634571,220.0,20.0,-0.9953895382634571,-0.9953895382634571,0.95,1.3743947033858714,0.4227889461572397,1.0829604302943603,0.3080568720379147,0.015142337976983646,0.0,0.0,0.0,0.0,0,0
-1.0635383419936608,225.0,20.0,-1.0635383419936608,-1.0635383419936608,0.95,1.4287976644768385,0.6178616107999237,1.0871385709348549,0.3423076923076923,0.01667463542911786,0.0,0.0,0.0,0.0,0,0
-1.013675641509633,230.0,20.0,-1.013675641509633,-1.013675641509633,0.95,1.3915904837002149,0.4908134598664612,1.0871385709348549,0.37448559670781895,0.01867250614032492,0.0,0.0,0.0,0.0,0,0
-1.0220493448027919,235.0,20.0,-1.0220493448027919,-1.0220493448027919,0.95,1.4021668570744463,0.49325512508606245,1.102915612024098,0.3786008230452675,0.020916187951097363,0.0,0.0,0.0,0.0,0,0
-1.0349035958925825,240.0,20.0,-1.0349035958925825,-1.0349035958925825,0.95,1.4069470060067746,0.5338461101979411,1.102915612024098,0.37065637065637064,0.023761851481067076,0.0,0.0,0.0,0.0,0,0
-1.0373845596111395,245.0,20.0,-1.0373845596111395,-1.0373845596111395,0.95,1.404913827360461,0.5423937416578798,1.1073739760633758,0.3702290076335878,0.026365627034384803,0.0,0.0,0.0,0.0,0,0
-1.0605786573363658,250.0,20.0,-1.0605786573363658,-1.0605786573363658,0.95,1.426326515823011,0.5973437754105257,1.1073739760633758,0.3613138686131387,0.029269746646795828,0.0,0.0,0.0,0.0,0,0
-1.073145052407062,255.0,20.0,-1.073145052407062,-1.073145052407062,0.95,1.444795581014175,0.6116520481351433,1.1120114156160077,0.3568904593639576,0.032508578652700015,0.0,0.0,0.0,0.0,0,0
-1.0793036571876444,260.0,20.0,-1.0793036571876444,-1.0793036571876444,0.95,1.4516588574119802,0.6200060859489418,1.1120114156160077,0.3436426116838488,0.035412487081281536,0.0,0.0,0.0,0.0,0,0
-1.115677890023077,265.0,20.0,-1.115677890023077,-1.115677890023077,0.95,1.5455542184732864,0.6200060859489418,1.1120114156160077,0.3554817275747508,0.03828060142053316,0.0,0.0,0.0,0.0,0,0
-1.0940351315200016,270.0,20.0,-1.0940351315200016,-1.0940351315200016,0.95,1.4876802443466455,0.6297866654553124,1.1120114156160077,0.36486486486486486,0.04107790421408028,0.0,0.0,0.0,0.0,0,0
-1.1184524283605122,275.0,20.0,-1.1184524283605122,-1.1184524283605122,0.95,1.5400680715742248,0.6328064401634684,1.1120114156160077,0.3377926421404682,0.04324907913120793,0.0,0.0,0.0,0.0,0,0
-1.1157712856286288,280.0,20.0,-1.1157712856286288,-1.1157712856286288,0.95,1.5218105585039037,0.6356676732426083,1.1171781099122369,0.3116438356164384,0.045475171787890574,0.0,0.0,0.0,0.0,0,0
-1.15983706889357,285.0,20.0,-1.15983706889357,-1.15983706889357,0.95,1.5905969354890637,0.6959863999375616,1.1171781099122369,0.29692832764505117,0.04812300319488818,0.0,0.0,0.0,0.0,0,0
-1.1748635162232217,290.0,20.0,-1.1748635162232217,-1.1748635162232217,0.95,1.6021586137475985,0.7350361716062441,1.1120752224015966,0.2777777777777778,0.05106937208664656,0.0,0.0,0.0,0.0,0,0
-1.1651426588735443,295.0,20.0,-1.1651426588735443,-1.1651426588735443,0.95,1.5716003175466,0.7431547631740484,1.1120752224015966,0.2730496453900709,0.05380419382261264,0.0,0.0,0.0,0.0,0,0
-1.1943168818507828,300.0,20.0,-1.1943168818507828,-1.1943168818507828,0.95,1.6174046830058144,0.7817564450647767,1.1120114156160077,0.2608695652173913,0.05697849107764465,0.0,0.0,0.0,0.0,0,0
-1.2398366042753242,305.0,20.0,-1.2398366042753242,-1.2398366042753242,0.95,1.684665426083778,0.8504210443889253,1.1120114156160077,0.2463768115942029,0.06053786000381461,0.0,0.0,0.0,0.0,0,0
-1.2486241229596828,310.0,20.0,-1.2486241229596828,-1.2486241229596828,0.95,1.6899125152682526,0.891626141989882,1.0971235329668145,0.24528301886792453,0.06485580950101712,0.0,0.0,0.0,0.0,0,0
-1.2276054736156188,315.0,20.0,-1.2276054736156188,-1.2276054736156188,0.95,1.6229791132966158,0.9225452397464659,1.0923148927185322,0.25301204819277107,0.06965278067939665,0.0,0.0,0.0,0.0,0,0
-1.289005854280174,320.0,20.0,-1.289005854280174,-1.289005854280174,0.95,1.7218306071993346,0.9900789683887297,1.1070784693390145,0.24015748031496062,0.074902895480226,0.0,0.0,0.0,0.0,0,0
-1.3078143179045176,325.0,20.0,-1.3078143179045176,-1.3078143179045176,0.95,1.764552352282666,0.9928865065823418,1.1103250966215588,0.23809523809523808,0.08394366197183098,0.0,0.0,0.0,0.0,0,0
-1.315562679280531,330.0,20.0,-1.315562679280531,-1.315562679280531,0.95,1.764719971564976,1.0034469474177805,1.137243847072892,0.2549800796812749,0.09471199718776678,0.0,0.0,0.0,0.0,0,0
-1.3319456035495705,335.0,20.0,-1.3319456035495705,-1.3319456035495705,0.95,1.7778454289245822,1.0246370169940167,1.1570054093376323,0.24603174603174602,0.10183310241926889,0.0,0.0,0.0,0.0,0,0
-1.3342477360697298,340.0,20.0,-1.3342477360697298,-1.3342477360697298,0.95,1.7806828562442703,0.9866329464739549,1.2032574596866414,0.2549800796812749,0.10232167832167832,0.0,0.0,0.0,0.0,0,0
-1.335812956228855,345.0,20.0,-1.335812956228855,-1.335812956228855,0.95,1.78564936073897,0.9454656460535305,1.24397300813115,0.25806451612903225,0.09901338971106413,0.0,0.0,0.0,0.0,0,0
-1.3454986321775342,350.0,20.0,-1.3454986321775342,-1.3454986321775342,0.95,1.8068941173094402,0.8984988180838662,1.2944894144291423,0.2550607287449393,0.09561703450419645,0.0,0.0,0.0,0.0,0,0
-1.3597539303296284,355.0,20.0,-1.3597539303296284,-1.3597539303296284,0.95,1.8217028620371216,0.8856815279490162,1.3346726062360874,0.24015748031496062,0.08340965589428236,0.0,0.0,0.0,0.0,0,0
-1.186351606691261,0.0,25.0,-1.186351606691261,-1.186351606691261,0.95,1.3885771028379141,0.8119226167005915,1.4169328593168933,0.2629310344827586,0.10543815575587409,0.0,0.0,0.0,0.0,0,0
-1.2011287571466391,5.0,25.0,-1.2011287571466391,-1.2011287571466391,0.95,1.408627637286287,0.818749099744464,1.4285718786755586,0.24152542372881355,0.11244892002335084,0.0,0.0,0.0,0.0,0,0
-1.2011866593053557,10.0,25.0,-1.2011866593053557,-1.2011866593053557,0.95,1.4213723774018976,0.8228956158465579,1.391059472850978,0.20851063829787234,0.12863041002277906,0.0,0.0,0.0,0.0,0,0
-1.2253857651763456,15.0,25.0,-1.2253857651763456,-1.2253857651763456,0.95,1.4380823284544249,0.8131434701327643,1.4473797593186657,0.14977973568281938,0.14613003095975233,0.0,0.0,0.0,0.0,0,0
-1.2482382358162545,20.0,25.0,-1.2482382358162545,-1.2482382358162545,0.95,1.455009373285417,0.9730663306895942,1.4009625244096655,0.2727272727272727,0.16704636826588046,0.0,0.0,0.0,0.0,0,0
-1.2884909152923858,25.0,25.0,-1.2884909152923858,-1.2884909152923858,0.95,1.47856610174447,1.1633427878567488,1.328468410014028,0.25888324873096447,0.18053843658773921,0.0,0.0,0.0,0.0,0,0
-1.2765728937635992,30.0,25.0,-1.2765728937635992,-1.2765728937635992,0.95,1.4770326780777514,1.139797270428743,1.303242019701251,0.25,0.20310395690373886,0.0,0.0,0.0,0.0,0,0
-1.2629567867028104,35.0,25.0,-1.2629567867028104,-1.2629567867028104,0.95,1.485756282879951,1.0840207299534494,1.2603399539934599,0.17435897435897435,0.2020888696619492,0.0,0.0,0.0,0.0,0,0
-1.3038956568946845,40.0,25.0,-1.3038956568946845,-1.3038956568946845,0.95,1.488364406512642,1.0822106747031444,1.363100013566477,0.027777777777777776,0.19507961211540764,0.0,0.0,0.0,0.0,0,0
-1.3654077965052918,45.0,25.0,-1.3654077965052918,-1.3654077965052918,0.95,1.5141376186758582,1.0964525145064292,1.542558481633364,0.0,0.1847089487402259,0.0,0.0,0.0,0.0,0,0
-1.3758223346593588,50.0,25.0,-1.3758223346593588,-1.3758223346593588,0.95,1.5087440352296977,1.0843616232560902,1.6049372590138282,0.0,0.17480518024331446,0.0,0.0,0.0,0.0,0,0
-1.3467385474001503,55.0,25.0,-1.3467385474001503,-1.3467385474001503,0.95,1.4628738912512527,1.0551987486729344,1.630287649708271,0.09782608695652174,0.16803716360529689,0.0,0.0,0.0,0.0,0,0
-1.2742986276304564,60.0,25.0,-1.2742986276304564,-1.2742986276304564,0.95,1.3963352147872317,1.004974588893901,1.5254305167438638,0.1683673469387755,0.16294971596886176,0.0,0.0,0.0,0.0,0,0
-1.209704879060239,65.0,25.0,-1.209704879060239,-1.209704879060239,0.95,1.3295839264148779,0.9471412199465247,1.4410279518544604,0.19170984455958548,0.15712507778469198,0.0,0.0,0.0,0.0,0,0
-1.1298860083573252,70.0,25.0,-1.1298860083573252,-1.1298860083573252,0.95,1.2331005806834956,0.891508809949149,1.3473819866942514,0.23076923076923078,0.15800010266413428,0.0,0.0,0.0,0.0,0,0
-1.0871782655542186,75.0,25.0,-1.0871782655542186,-1.0871782655542186,0.95,1.2060712326518184,0.8386030714185482,1.2850114031708015,0.26153846153846155,0.15980617189492477,0.0,0.0,0.0,0.0,0,0
-1.1063860397038836,80.0,25.0,-1.1063860397038836,-1.1063860397038836,0.95,1.3174840114345676,0.8077030434889152,1.221405158569773,0.27884615384615385,0.16725361098351452,0.0,0.0,0.0,0.0,0,0
-1.108031469399442,85.0,25.0,-1.108031469399442,-1.108031469399442,0.95,1.3864335925462108,0.7696994288535185,1.162792987751652,0.2966507177033493,0.17093361950022995,0.0,0.0,0.0,0.0,0,0
-1.1169832701584042,90.0,25.0,-1.1169832701584042,-1.1169832701584042,0.95,1.4984121721691506,0.7344892468686902,1.059348844275594,0.308411214953271,0.17869980486802917,0.0,0.0,0.0,0.0,0,0
-1.0869804712737596,95.0,25.0,-1.0869804712737596,-1.0869804712737596,0.95,1.5252126377616693,0.6662584554762784,0.9655241224420978,0.3105022831050228,0.1873896333229459,0.0,0.0,0.0,0.0,0,0
-1.0589890324099016,100.0,25.0,-1.0589890324099016,-1.0589890324099016,0.95,1.5457165013827132,0.5792414295174007,0.90969442403599,0.3153153153153153,0.19945182374024878,0.0,0.0,0.0,0.0,0,0
-0.9687148685098524,105.0,25.0,-0.9687148685098524,-0.9687148685098524,0.95,1.4436389395171099,0.47028750998464375,0.8370920031697329,0.35585585585585583,0.21509757666738152,0.0,0.0,0.0,0.0,0,0
-0.9649668896409777,110.0,25.0,-0.9649668896409777,-0.9649668896409777,0.95,1.5348168066919492,0.4210346821054338,0.7587781596644014,0.4391304347826087,0.2279730902777778,0.0,0.0,0.0,0.0,0,0
-0.941071781666851,115.0,25.0,-0.941071781666851,-0.941071781666851,0.95,1.5669325073018296,0.35766600322712777,0.6961103083385451,0.49145299145299143,0.2448844520434615,0.0,0.0,0.0,0.0,0,0
-0.9654829974734283,120.0,25.0,-0.9654829974734283,-0.9654829974734283,0.95,1.6857135491243567,0.33954391420814556,0.6278215043827335,0.5064377682403434,0.26708703974777614,0.0,0.0,0.0,0.0,0,0
-0.9715083727725685,125.0,25.0,-0.9715083727725685,-0.9715083727725685,0.95,1.7482550934282608,0.3340320902524969,0.5582715122221252,0.508695652173913,0.2902313773007905,0.0,0.0,0.0,0.0,0,0
-0.9833173625423395,130.0,25.0,-0.9833173625423395,-0.9833173625423395,0.95,1.8539358204745104,0.3079854818636248,0.4735789302246276,0.5364806866952789,0.31233070309739724,0.0,0.0,0.0,0.0,0,0
-0.9792576145113421,135.0,25.0,-0.9792576145113421,-0.9792576145113421,0.95,1.8871195975111783,0.32177566472634567,0.4049232663609662,0.5726495726495726,0.3377511498426531,0.0,0.0,0.0,0.0,0,0
-1.0872915684201565,140.0,25.0,-1.0872915684201565,-1.0872915684201565,0.95,2.1918283831609737,0.32177566472634567,0.35337658830178564,0.5822784810126582,0.3582366016300321,0.0,0.0,0.0,0.0,0,0
-1.1727035531789556,145.0,25.0,-1.1727035531789556,-1.1727035531789556,0.95,2.3506223243413014,0.34557513960773567,0.3973581082603649,0.5327868852459017,0.36635502445669,0.0,0.0,0.0,0.0,0,0
-1.2264630633574847,150.0,25.0,-1.2264630633574847,-1.2264630633574847,0.95,2.409630428742299,0.35306427076439967,0.4973792966778608,0.5,0.3796889876229768,0.0,0.0,0.0,0.0,0,0
-1.2796480922969997,155.0,25.0,-1.2796480922969997,-1.2796480922969997,0.95,2.461257520133121,0.3712796131457736,0.5982771017819879,0.47244094488188976,0.3592365371506476,0.0,0.0,0.0,0.0,0,0
-1.433610923095613,160.0,25.0,-1.433610923095613,-1.433610923095613,0.95,2.7456824316587225,0.3960315873555089,0.6922899113426846,0.36742424242424243,0.33323266489490216,0.0,0.0,0.0,0.0,0,0
-1.5145039069036563,165.0,25.0,-1.5145039069036563,-1.5145039069036563,0.95,2.8314507254711887,0.4625373524222951,0.7798740955705035,0.28679245283018867,0.3010954249897487,0.0,0.0,0.0,0.0,0,0
-1.570955022335563,170.0,25.0,-1.570955022335563,-1.570955022335563,0.95,2.8565441391442743,0.5664482540838347,0.8583515943069678,0.2786259541984733,0.249401814033721,0.0,0.0,0.0,0.0,0,0
-1.643711225527391,175.0,25.0,-1.643711225527391,-1.643711225527391,0.95,2.9300900982565397,0.6696181425594301,0.9265883057617232,0.2737642585551331,0.18895545715029954,0.0,0.0,0.0,0.0,0,0
-1.7052428056899522,180.0,25.0,-1.7052428056899522,-1.7052428056899522,0.95,2.9739326565446866,0.7830387982347986,0.9850665306426591,0.26356589147286824,0.1361797533752498,0.0,0.0,0.0,0.0,0,0
-1.7454579131914782,185.0,25.0,-1.7454579131914782,-1.7454579131914782,0.95,3.0139797675218016,0.8639099501980132,1.005631593912862,0.2751937984496124,0.10648810898175941,0.0,0.0,0.0,0.0,0,0
-1.750654652446768,190.0,25.0,-1.750654652446768,-1.750654652446768,0.95,3.006727911396682,0.8947494894224644,1.005631593912862,0.2713178294573643,0.08846036118763391,0.0,0.0,0.0,0.0,0,0
-1.566201140815968,195.0,25.0,-1.566201140815968,-1.566201140815968,0.95,2.6130008522763677,0.7824512395548031,1.0132186267335472,0.2791666666666667,0.07233989326217478,0.0,0.0,0.0,0.0,0,0
-1.3069282347907007,200.0,25.0,-1.3069282347907007,-1.3069282347907007,0.95,2.089663576005407,0.5866259889425167,1.026196657183063,0.32142857142857145,0.05563975749840459,0.0,0.0,0.0,0.0,0,0
-1.2580369863414838,205.0,25.0,-1.2580369863414838,-1.2580369863414838,0.95,2.011338066073886,0.5626169920348765,1.0273900476128408,0.44,0.0438012393672299,0.0,0.0,0.0,0.0,0,0
-0.9372073473120669,210.0,25.0,-0.9372073473120669,-0.9372073473120669,0.95,1.3608915278334353,0.3468324848240766,1.0306929088702865,0.5153061224489796,0.03688922044013428,0.0,0.0,0.0,0.0,0,0
-0.933197378425743,215.0,25.0,-0.933197378425743,-0.933197378425743,0.95,1.3451606649653831,0.3395439142081464,1.051297813900728,0.5257731958762887,0.033152391708258955,0.0,0.0,0.0,0.0,0,0
-0.9371741322184887,220.0,25.0,-0.9371741322184887,-0.9371741322184887,0.95,1.3500057102308525,0.33007005660340927,1.0718153054443291,0.5329949238578681,0.030585201633120836,0.0,0.0,0.0,0.0,0,0
-0.975560174974301,225.0,25.0,-0.975560174974301,-0.975560174974301,0.95,1.3382191538117194,0.4594855557074822,1.0829604302943603,0.4533898305084746,0.029015653645466082,0.0,0.0,0.0,0.0,0,0
-0.9587418525756567,230.0,25.0,-0.9587418525756567,-0.9587418525756567,0.95,1.3450152517012965,0.3875931967552184,1.0829604302943603,0.4690265486725664,0.027916524119055763,0.0,0.0,0.0,0.0,0,0
-0.9652439006804269,235.0,25.0,-0.9652439006804269,-0.9652439006804269,0.95,1.3511001930049216,0.39735810826036344,1.0871385709348549,0.46320346320346323,0.029111043174020856,0.0,0.0,0.0,0.0,0,0
-0.9664281117424931,240.0,25.0,-0.9664281117424931,-0.9664281117424931,0.95,1.3448964126743717,0.40871386468316123,1.0871385709348549,0.45493562231759654,0.03137507631775321,0.0,0.0,0.0,0.0,0,0
-0.9809617030156075,245.0,25.0,-0.9809617030156075,-0.9809617030156075,0.95,1.3556907738110768,0.43766953777625006,1.0918619521548434,0.4369747899159664,0.03381231272132934,0.0,0.0,0.0,0.0,0,0
-0.9754917906583753,250.0,25.0,-0.9754917906583753,-0.9754917906583753,0.95,1.3318706180076836,0.454721977763925,1.0918619521548434,0.43902439024390244,0.0365098374679213,0.0,0.0,0.0,0.0,0,0
-0.9771195211519499,255.0,25.0,-0.9771195211519499,-0.9771195211519499,0.95,1.335512602165846,0.45668839926648686,1.0918619521548434,0.44223107569721115,0.03991437055451971,0.0,0.0,0.0,0.0,0,0
-0.988309262339708,260.0,25.0,-0.988309262339708,-0.988309262339708,0.95,1.3386169304624103,0.49497262384874685,1.0918619521548434,0.43846153846153846,0.042981749395733355,0.0,0.0,0.0,0.0,0,0
-0.9802795204635114,265.0,25.0,-0.9802795204635114,-0.9802795204635114,0.95,1.319990167041746,0.48891937201095237,1.0918619521548434,0.42911877394636017,0.04686611711199545,0.0,0.0,0.0,0.0,0,0
-1.0001828188101074,270.0,25.0,-1.0001828188101074,-1.0001828188101074,0.95,1.3375857865946825,0.5228299198163553,1.102915612024098,0.4128787878787879,0.049439659832078126,0.0,0.0,0.0,0.0,0,0
-0.9873599815240126,275.0,25.0,-0.9873599815240126,-0.9873599815240126,0.95,1.3107053077042372,0.5142430189126926,1.0971235329668145,0.39763779527559057,0.051785975699019174,0.0,0.0,0.0,0.0,0,0
-0.9862654175394787,280.0,25.0,-0.9862654175394787,-0.9862654175394787,0.95,1.3011479505487145,0.5217434396594605,1.0971235329668145,0.38910505836575876,0.054118613070578137,0.0,0.0,0.0,0.0,0,0
-1.0035853353882396,285.0,25.0,-1.0035853353882396,-1.0035853353882396,0.95,1.292522495315995,0.5856159246076833,1.0971235329668145,0.34108527131782945,0.05696928014672169,0.0,0.0,0.0,0.0,0,0
-1.0094849674430977,290.0,25.0,-1.0094849674430977,-1.0094849674430977,0.95,1.27861912737512,0.624713233005384,1.0971235329668145,0.32421875,0.0598327509716933,0.0,0.0,0.0,0.0,0,0
-1.0234391158907803,295.0,25.0,-1.0234391158907803,-1.0234391158907803,0.95,1.2685194473015207,0.6817428507704472,1.0971235329668145,0.2868525896414343,0.06272734621291731,0.0,0.0,0.0,0.0,0,0
-1.0283186135557392,300.0,25.0,-1.0283186135557392,-1.0283186135557392,0.95,1.2673394448363586,0.6963443174544766,1.0971235329668145,0.2698412698412698,0.06638900458142441,0.0,0.0,0.0,0.0,0,0
-1.0595746222516795,305.0,25.0,-1.0595746222516795,-1.0595746222516795,0.95,1.299712739547938,0.7652782974595584,1.0971235329668145,0.2591093117408907,0.06880220442607422,0.0,0.0,0.0,0.0,0,0
-1.0750873389333684,310.0,25.0,-1.0750873389333684,-1.0750873389333684,0.95,1.3089974030746134,0.809656424128269,1.0971235329668145,0.25206611570247933,0.07310202986676205,0.0,0.0,0.0,0.0,0,0
-1.0685445110880458,315.0,25.0,-1.0685445110880458,-1.0685445110880458,0.95,1.2877583870304017,0.8170739925696264,1.0971235329668145,0.2510822510822511,0.0786206250292836,0.0,0.0,0.0,0.0,0,0
-1.0968908949313523,320.0,25.0,-1.0968908949313523,-1.0968908949313523,0.95,1.325869887959299,0.8663190973401242,1.1028569534959003,0.2575107296137339,0.08675460698582085,0.0,0.0,0.0,0.0,0,0
-1.114533739754054,325.0,25.0,-1.114533739754054,-1.114533739754054,0.95,1.3416105695779292,0.9112955781884753,1.1040922567370959,0.25957446808510637,0.09734095557769969,0.0,0.0,0.0,0.0,0,0
-1.123724053928429,330.0,25.0,-1.123724053928429,-1.123724053928429,0.95,1.3527612085929432,0.9158230457595664,1.123275925860613,0.27155172413793105,0.11085648811228874,0.0,0.0,0.0,0.0,0,0
-1.143316968150801,335.0,25.0,-1.143316968150801,-1.143316968150801,0.95,1.3558778392391557,0.9385022931518592,1.1739817263238688,0.27155172413793105,0.11591664149803685,0.0,0.0,0.0,0.0,0,0
-1.158616062652322,340.0,25.0,-1.158616062652322,-1.158616062652322,0.95,1.3600572294453241,0.9455429373692885,1.2214504357826543,0.27155172413793105,0.11605329949238578,0.0,0.0,0.0,0.0,0,0
-1.1626709954586572,345.0,25.0,-1.1626709954586572,-1.1626709954586572,0.95,1.3524905050373488,0.9336665389631604,1.2611871412494782,0.2703862660944206,0.11327575818437437,0.0,0.0,0.0,0.0,0,0
-1.1690761652833164,350.0,25.0,-1.1690761652833164,-1.1690761652833164,0.95,1.3613585815345175,0.9029873845324925,1.3020400978696827,0.2672413793103448,0.11528169014084506,0.0,0.0,0.0,0.0,0,0
-1.1667351371785704,355.0,25.0,-1.1667351371785704,-1.1667351371785704,0.95,1.3643743731442801,0.8446195786345772,1.3458721913894673,0.2663755458515284,0.11158451480202747,0.0,0.0,0.0,0.0,0,0
-0.9733638514104093,0.0,30.0,-0.9733638514104093,-0.9733638514104093,0.95,1.0892713041097006,0.7635190023901328,1.0898050193786855,0.25675675675675674,0.12573389248951583,0.0,0.0,0.0,0.0,0,0
-0.9729113153371329,5.0,30.0,-0.9729113153371329,-0.9729113153371329,0.95,1.1014432336525495,0.6947642978538464,1.1323093462116927,0.24434389140271492,0.1183950053296787,0.0,0.0,0.0,0.0,0,0
-0.9808461008483029,10.0,30.0,-0.9808461008483029,-0.9808461008483029,0.95,1.1008018457156101,0.6796878703558196,1.166817249617187,0.21100917431192662,0.13316433045034298,0.0,0.0,0.0,0.0,0,0
-0.9848155983192655,15.0,30.0,-0.9848155983192655,-0.9848155983192655,0.95,1.1110621598196104,0.7286695040765907,1.1028485904397674,0.17488789237668162,0.1632668036395656,0.0,0.0,0.0,0.0,0,0
-0.9722899149110629,20.0,30.0,-0.9722899149110629,-0.9722899149110629,0.95,1.1241164161385804,0.7757279631667574,1.0104551867533265,0.23902439024390243,0.18571738031626833,0.0,0.0,0.0,0.0,0,0
-0.9844727287330113,25.0,30.0,-0.9844727287330113,-0.9844727287330113,0.95,1.1348090817195475,0.8544368001024114,0.9902085636701939,0.30612244897959184,0.20411639460610362,0.0,0.0,0.0,0.0,0,0
-0.9801649660748187,30.0,30.0,-0.9801649660748187,-0.9801649660748187,0.95,1.1405446135112436,0.8415671231304316,0.9752470005764947,0.30256410256410254,0.2332721626199887,0.0,0.0,0.0,0.0,0,0
-0.9553819585884649,35.0,30.0,-0.9553819585884649,-0.9553819585884649,0.95,1.1476740499777138,0.7427015855632684,0.9668196134864431,0.3106796116504854,0.2740861433833947,0.0,0.0,0.0,0.0,0,0
-0.9779028592400704,40.0,30.0,-0.9779028592400704,-0.9779028592400704,0.95,1.154719300627698,0.707847997612795,1.069383290050487,0.28292682926829266,0.27183254782367616,0.0,0.0,0.0,0.0,0,0
-1.0306408041474369,45.0,30.0,-1.0306408041474369,-1.0306408041474369,0.95,1.1719409114798285,0.7197937860950219,1.1925854380955863,0.16230366492146597,0.25549505948779994,0.0,0.0,0.0,0.0,0,0
-1.047793620107227,50.0,30.0,-1.047793620107227,-1.047793620107227,0.95,1.1863992313221807,0.6594554444224053,1.2542056544920495,0.05181347150259067,0.23750081694006928,0.0,0.0,0.0,0.0,0,0
-1.0467886443992775,55.0,30.0,-1.0467886443992775,-1.0467886443992775,0.95,1.1744439241786282,0.669365148522559,1.2680576814621922,0.07344632768361582,0.22587845162936038,0.0,0.0,0.0,0.0,0,0
-1.0047332337326291,60.0,30.0,-1.0047332337326291,-1.0047332337326291,0.95,1.1326356150610344,0.620482073361215,1.267452151583322,0.20304568527918782,0.2194203989461799,0.0,0.0,0.0,0.0,0,0
-0.9863935314765347,65.0,30.0,-0.9863935314765347,-0.9863935314765347,0.95,1.092728349928036,0.6479149522407343,1.2435346514768821,0.2356020942408377,0.21875773323434794,0.0,0.0,0.0,0.0,0,0
-0.9511091109629493,70.0,30.0,-0.9511091109629493,-0.9511091109629493,0.95,1.038307074964762,0.6468309948758736,1.1963141290323038,0.25,0.21706283397825687,0.0,0.0,0.0,0.0,0,0
-0.8916112310185956,75.0,30.0,-0.8916112310185956,-0.8916112310185956,0.95,0.965874423728885,0.5742243336375519,1.1640989993816093,0.2931937172774869,0.21914033798677443,0.0,0.0,0.0,0.0,0,0
-0.8609561676761947,80.0,30.0,-0.8609561676761947,-0.8609561676761947,0.95,0.9490707874584846,0.5344257700349838,1.1153754366545867,0.3112244897959184,0.22968089667422062,0.0,0.0,0.0,0.0,0,0
-0.8905355462974555,85.0,30.0,-0.8905355462974555,-0.8905355462974555,0.95,1.069397610879102,0.4951415602293376,1.0859644475539212,0.325,0.24183811753110757,0.0,0.0,0.0,0.0,0,0
-0.8621837903763386,90.0,30.0,-0.8621837903763386,-0.8621837903763386,0.95,1.073756938536199,0.4625373524222951,1.004147298558146,0.3399014778325123,0.25713930965979637,0.0,0.0,0.0,0.0,0,0
-0.8329255533697763,95.0,30.0,-0.8329255533697763,-0.8329255533697763,0.95,1.090667491850534,0.4190759049780128,0.9175583215402382,0.375,0.2706715108995239,0.0,0.0,0.0,0.0,0,0
-0.7929526839003581,100.0,30.0,-0.7929526839003581,-0.7929526839003581,0.95,1.0817968194989025,0.37187140106136046,0.8565040368683979,0.46859903381642515,0.28733303791859216,0.0,0.0,0.0,0.0,0,0
-0.7763547995938922,105.0,30.0,-0.7763547995938922,-0.7763547995938922,0.95,1.1115233948679513,0.3360253402481667,0.7975914974287277,0.5165876777251185,0.3067189105858171,0.0,0.0,0.0,0.0,0,0
-0.7829736469125008,110.0,30.0,-0.7829736469125008,-0.7829736469125008,0.95,1.1822271373461584,0.32177566472634567,0.7308777780513207,0.5308056872037915,0.32318455658482864,0.0,0.0,0.0,0.0,0,0
-0.7578431386745059,115.0,30.0,-0.7578431386745059,-0.7578431386745059,0.95,1.1928619050758607,0.27536080841313715,0.6671510080226649,0.5492957746478874,0.3390985324947589,0.0,0.0,0.0,0.0,0,0
-0.8612934440145921,120.0,30.0,-0.8612934440145921,-0.8612934440145921,0.95,1.4550854276429992,0.31987572726596447,0.6044340918363321,0.5181818181818182,0.3574753923915935,0.0,0.0,0.0,0.0,0,0
-0.8735687323696913,125.0,30.0,-0.8735687323696913,-0.8735687323696913,0.95,1.5607557830242353,0.2921357887376428,0.5409659239383816,0.5900900900900901,0.37568315228392146,0.0,0.0,0.0,0.0,0,0
-0.8696337897538656,130.0,30.0,-0.8696337897538656,-0.8696337897538656,0.95,1.619582557918678,0.26442951862242703,0.4864903618824427,0.6592920353982301,0.39317639031047424,0.0,0.0,0.0,0.0,0,0
-0.895377612125062,135.0,30.0,-0.895377612125062,-0.895377612125062,0.95,1.7227210286881924,0.2608309260129524,0.4262092846579363,0.6547085201793722,0.40838455694454034,0.0,0.0,0.0,0.0,0,0
-0.9119211188347844,140.0,30.0,-0.9119211188347844,-0.9119211188347844,0.95,1.7869732378218324,0.26802811123190107,0.3836102947034153,0.6577777777777778,0.4118787207531497,0.0,0.0,0.0,0.0,0,0
-0.9683657916215244,145.0,30.0,-0.9683657916215244,-0.9683657916215244,0.95,1.8874370092628265,0.2722717163069035,0.43729223535867107,0.64,0.4077576754385965,0.0,0.0,0.0,0.0,0,0
-1.1295701096225361,150.0,30.0,-1.1295701096225361,-1.1295701096225361,0.95,2.205026572843704,0.2970236905166246,0.528214231423593,0.5875,0.3988349251507146,0.0,0.0,0.0,0.0,0,0
-1.1982479412940104,155.0,30.0,-1.1982479412940104,-1.1982479412940104,0.95,2.2968108997341816,0.32177566472634567,0.616561575854762,0.5506072874493927,0.38252891902672514,0.0,0.0,0.0,0.0,0,0
-1.3208892446873008,160.0,30.0,-1.3208892446873008,-1.3208892446873008,0.95,2.482211329809953,0.39031164180634376,0.6998448610687964,0.44534412955465585,0.35068972216825334,0.0,0.0,0.0,0.0,0,0
-1.372845166526656,165.0,30.0,-1.372845166526656,-1.372845166526656,0.95,2.5009593272674318,0.4832475662453687,0.7796594007231603,0.4326530612244898,0.3034939908313716,0.0,0.0,0.0,0.0,0,0
-1.4404127696767304,170.0,30.0,-1.4404127696767304,-1.4404127696767304,0.95,2.5631804645641614,0.5771496593859828,0.8596031522087567,0.44047619047619047,0.24474623895100392,0.0,0.0,0.0,0.0,0,0
-1.4952453812610929,175.0,30.0,-1.4952453812610929,-1.4952453812610929,0.95,2.5943513114532086,0.6786470879166551,0.9248663147061971,0.43373493975903615,0.19093868991777496,0.0,0.0,0.0,0.0,0,0
-1.5383472365152193,180.0,30.0,-1.5383472365152193,-1.5383472365152193,0.95,2.630950257618501,0.732785743066015,0.9850665306426591,0.4349593495934959,0.15184041049269595,0.0,0.0,0.0,0.0,0,0
-1.5737640424382886,185.0,30.0,-1.5737640424382886,-1.5737640424382886,0.95,2.691449699453866,0.7563844089408265,1.005631593912862,0.4331983805668016,0.1263331831155175,0.0,0.0,0.0,0.0,0,0
-1.5846569665787695,190.0,30.0,-1.5846569665787695,-1.5846569665787695,0.95,2.6987760057147168,0.7847505816260161,1.005631593912862,0.42448979591836733,0.10744670681579199,0.0,0.0,0.0,0.0,0,0
-1.5526191189405003,195.0,30.0,-1.5526191189405003,-1.5526191189405003,0.95,2.6380976961113887,0.7532818065395493,1.0083695029852138,0.430327868852459,0.0907676823131119,0.0,0.0,0.0,0.0,0,0
-1.2076508160013304,200.0,30.0,-1.2076508160013304,-1.2076508160013304,0.95,1.9686676522489548,0.446243432348355,1.026196657183063,0.4792626728110599,0.07383198069752138,0.0,0.0,0.0,0.0,0,0
-1.1854886752431872,205.0,30.0,-1.1854886752431872,-1.1854886752431872,0.95,1.9135312761994878,0.4458130709949291,1.026196657183063,0.4792626728110599,0.06215504797486626,0.0,0.0,0.0,0.0,0,0
-1.1936029161644954,210.0,30.0,-1.1936029161644954,-1.1936029161644954,0.95,1.9108290523934186,0.47782298709694904,1.0273900476128408,0.4703196347031963,0.05560612329333885,0.0,0.0,0.0,0.0,0,0
-0.8974652801452462,215.0,30.0,-0.8974652801452462,-0.8974652801452462,0.95,1.3143289265011902,0.2722717163069035,1.030663121872177,0.54,0.0504808667775839,0.0,0.0,0.0,0.0,0,0
-0.8971439951782665,220.0,30.0,-0.8971439951782665,-0.8971439951782665,0.95,1.3122588624001081,0.273982594882189,1.032800988168921,0.5445544554455446,0.04736297004461441,0.0,0.0,0.0,0.0,0,0
-0.8969505454952301,225.0,30.0,-0.8969505454952301,-0.8969505454952301,0.95,1.300868379663697,0.27607471599955036,1.0514435861576459,0.5527638190954773,0.04544740973312402,0.0,0.0,0.0,0.0,0,0
-0.9186519735976144,230.0,30.0,-0.9186519735976144,-0.9186519735976144,0.95,1.30700585306718,0.3185814494781465,1.0693832900504852,0.5114155251141552,0.044633823643863334,0.0,0.0,0.0,0.0,0,0
-0.9243781782860282,235.0,30.0,-0.9243781782860282,-0.9243781782860282,0.95,1.3073325465389805,0.3283247955433512,1.0829604302943563,0.5137614678899083,0.044019805044097166,0.0,0.0,0.0,0.0,0,0
-0.9222489890909406,240.0,30.0,-0.9222489890909406,-0.9222489890909406,0.95,1.3068884408567645,0.31728749296131004,1.0871385709348549,0.5161290322580645,0.04464871963230466,0.0,0.0,0.0,0.0,0,0
-0.935874774976167,245.0,30.0,-0.935874774976167,-0.935874774976167,0.95,1.307960390323136,0.36100381711655094,1.0871385709348549,0.49344978165938863,0.04526987811955891,0.0,0.0,0.0,0.0,0,0
-0.9256485225593514,250.0,30.0,-0.9256485225593514,-0.9256485225593514,0.95,1.3040987661425993,0.33063662390917414,1.0871385709348549,0.5043478260869565,0.04751905428526987,0.0,0.0,0.0,0.0,0,0
-0.928774556562912,255.0,30.0,-0.928774556562912,-0.928774556562912,0.95,1.2940487616442469,0.3557425062512155,1.0871385709348549,0.4956521739130435,0.05054194156456174,0.0,0.0,0.0,0.0,0,0
-0.9305867838504698,260.0,30.0,-0.9305867838504698,-0.9305867838504698,0.95,1.2881475766463046,0.3660007847508788,1.0918619521548434,0.49137931034482757,0.05362450953192501,0.0,0.0,0.0,0.0,0,0
-0.9386550349998064,265.0,30.0,-0.9386550349998064,-0.9386550349998064,0.95,1.2847918923681245,0.3977294579277234,1.0918619521548434,0.4765957446808511,0.0567150999438067,0.0,0.0,0.0,0.0,0,0
-0.9309080566105086,270.0,30.0,-0.9309080566105086,-0.9309080566105086,0.95,1.2711203261733943,0.3901855446175517,1.0918619521548434,0.4805194805194805,0.05949124168061737,0.0,0.0,0.0,0.0,0,0
-0.9393704240597117,275.0,30.0,-0.9393704240597117,-0.9393704240597117,0.95,1.2640643779555583,0.42708298408084866,1.0918619521548434,0.459915611814346,0.06191167323242795,0.0,0.0,0.0,0.0,0,0
-0.9443649169369852,280.0,30.0,-0.9443649169369852,-0.9443649169369852,0.95,1.2542123965765344,0.4536477970370284,1.0918619521548434,0.4369747899159664,0.06452021802509823,0.0,0.0,0.0,0.0,0,0
-0.9515431357841729,285.0,30.0,-0.9515431357841729,-0.9515431357841729,0.95,1.2479734413477783,0.4802649492321831,1.0918619521548434,0.4067796610169492,0.06722580087328693,0.0,0.0,0.0,0.0,0,0
-0.9529412724684752,290.0,30.0,-0.9529412724684752,-0.9529412724684752,0.95,1.2275113637066404,0.5097311096345862,1.0918619521548434,0.38461538461538464,0.07061996993013178,0.0,0.0,0.0,0.0,0,0
-0.9664718792547394,295.0,30.0,-0.9664718792547394,-0.9664718792547394,0.95,1.2174494649475005,0.5626169920348765,1.0971235329668145,0.35443037974683544,0.07424235540006362,0.0,0.0,0.0,0.0,0,0
-0.9711421237172697,300.0,30.0,-0.9711421237172697,-0.9711421237172697,0.95,1.1996312379179812,0.5925963847422657,1.0971235329668145,0.31140350877192985,0.07965099915564312,0.0,0.0,0.0,0.0,0,0
-0.9764865772120167,305.0,30.0,-0.9764865772120167,-0.9764865772120167,0.95,1.1823272216268745,0.6392132368196002,1.090053765213078,0.28761061946902655,0.08512083859070174,0.0,0.0,0.0,0.0,0,0
-0.9789843951091713,310.0,30.0,-0.9789843951091713,-0.9789843951091713,0.95,1.167870301735285,0.6836318272463028,1.0737569385361971,0.27510917030567683,0.09041828548362682,0.0,0.0,0.0,0.0,0,0
-0.9808544409304147,315.0,30.0,-0.9808544409304147,-0.9808544409304147,0.95,1.1514243833371447,0.7208876462919365,1.0691796755188623,0.27232142857142855,0.0965165764724426,0.0,0.0,0.0,0.0,0,0
-0.982241696225566,320.0,30.0,-0.982241696225566,-0.982241696225566,0.95,1.1415738063198733,0.7673112005012683,1.048651007802712,0.28378378378378377,0.10471635883905013,0.0,0.0,0.0,0.0,0,0
-0.9815409627791098,325.0,30.0,-0.9815409627791098,-0.9815409627791098,0.95,1.131729146216804,0.7920631747109894,1.039765967341193,0.29107981220657275,0.11316304222759176,0.0,0.0,0.0,0.0,0,0
-0.9897844744335184,330.0,30.0,-0.9897844744335184,-0.9897844744335184,0.95,1.1251487020580777,0.8125517012656163,1.0650697343627475,0.2968036529680365,0.1229646604752141,0.0,0.0,0.0,0.0,0,0
-0.9963696494192781,335.0,30.0,-0.9963696494192781,-0.9963696494192781,0.95,1.1108313638011238,0.8474238464184594,1.0770882055404913,0.2909090909090909,0.13081432394545686,0.0,0.0,0.0,0.0,0,0
-1.0006318257387055,340.0,30.0,-1.0006318257387055,-1.0006318257387055,0.95,1.1116939993268555,0.8475615190713637,1.0894973940929091,0.2831050228310502,0.1395644891122278,0.0,0.0,0.0,0.0,0,0
-1.0041168704935364,345.0,30.0,-1.0041168704935364,-1.0041168704935364,0.95,1.1101044358598275,0.8670398641192446,1.0878059750246318,0.2863636363636364,0.14678704944628623,0.0,0.0,0.0,0.0,0,0
-1.0101231293278314,350.0,30.0,-1.0101231293278314,-1.0101231293278314,0.95,1.1126828799640889,0.8809395294269097,1.0914775745120093,0.28054298642533937,0.1466832990901086,0.0,0.0,0.0,0.0,0,0
-1.0010341235855618,355.0,30.0,-1.0010341235855618,-1.0010341235855618,0.95,1.1135705482629576,0.8417095068337386,1.0898050193786855,0.2727272727272727,0.13660125767103568,0.0,0.0,0.0,0.0,0,0
-0.9387921497524006,0.0,35.0,-0.9387921497524006,-0.9387921497524006,0.95,1.0797041065981408,0.7609073409974609,0.9871230369696793,0.30097087378640774,0.15741682974559687,0.0,0.0,0.0,0.0,0,0
-0.8941421750442687,5.0,35.0,-0.8941421750442687,-0.8941421750442687,0.95,1.042928195870492,0.7001789313702403,0.9031174994507447,0.23853211009174313,0.15739069000706493,0.0,0.0,0.0,0.0,0,0
-0.8547905518794955,10.0,35.0,-0.8547905518794955,-0.8547905518794955,0.95,1.010860242356734,0.6457114521931434,0.8375223313549688,0.20361990950226244,0.16703056768558952,0.0,0.0,0.0,0.0,0,0
-0.8357498012065843,15.0,35.0,-0.8357498012065843,-0.8357498012065843,0.95,0.988535488658986,0.6105987026226773,0.8168151489207105,0.16517857142857142,0.18697932736809628,0.0,0.0,0.0,0.0,0,0
-0.7969383546476884,20.0,35.0,-0.7969383546476884,-0.7969383546476884,0.95,0.9054621842817807,0.5892038509613253,0.8168151489207105,0.16751269035532995,0.20208317494107808,0.0,0.0,0.0,0.0,0,0
-0.7954688902174346,25.0,35.0,-0.7954688902174346,-0.7954688902174346,0.95,0.9124075225216131,0.6240470604608932,0.8065191779421029,0.271356783919598,0.2180843027647681,0.0,0.0,0.0,0.0,0,0
-0.7903960969300963,30.0,35.0,-0.7903960969300963,-0.7903960969300963,0.95,0.9122898926959857,0.6318573846958183,0.7920631747109894,0.305,0.24869683463020323,0.0,0.0,0.0,0.0,0,0
-0.7856081238328064,35.0,35.0,-0.7856081238328064,-0.7856081238328064,0.95,0.9121722628703586,0.6187993552429418,0.7961372149271818,0.3299492385786802,0.2819136875519613,0.0,0.0,0.0,0.0,0,0
-0.7741887028988627,40.0,35.0,-0.7741887028988627,-0.7741887028988627,0.95,0.9167543223790177,0.544543432613807,0.8226025308080658,0.34299516908212563,0.3251393236124895,0.0,0.0,0.0,0.0,0,0
-0.7840757913373905,45.0,35.0,-0.7840757913373905,-0.7840757913373905,0.95,0.926243445127406,0.4862335305994779,0.9162282706943825,0.37037037037037035,0.33448978052643485,0.0,0.0,0.0,0.0,0,0
-0.7926285239024113,50.0,35.0,-0.7926285239024113,-0.7926285239024113,0.95,0.9411322756820535,0.44553553577492266,0.9663367300641915,0.36792452830188677,0.3180342384887839,0.0,0.0,0.0,0.0,0,0
-0.7931946128828743,55.0,35.0,-0.7931946128828743,-0.7931946128828743,0.95,0.9488444514748353,0.4210346821054339,0.9806514705957387,0.36764705882352944,0.30965867828612925,0.0,0.0,0.0,0.0,0,0
-0.7784678540212346,60.0,35.0,-0.7784678540212346,-0.7784678540212346,0.95,0.914212183194748,0.4179505628282692,0.9775716040475119,0.36097560975609755,0.29881045658522687,0.0,0.0,0.0,0.0,0,0
-0.7578884457743257,65.0,35.0,-0.7578884457743257,-0.7578884457743257,0.95,0.8893141755029406,0.39285884559022516,0.9896142462311683,0.43455497382198954,0.29069521729942943,0.0,0.0,0.0,0.0,0,0
-0.7519596273163236,70.0,35.0,-0.7519596273163236,-0.7519596273163236,0.95,0.8596466933979692,0.398506529337328,0.9971625766136646,0.40816326530612246,0.2859334681637492,0.0,0.0,0.0,0.0,0,0
-0.7335532977511272,75.0,35.0,-0.7335532977511272,-0.7335532977511272,0.95,0.8172817624874222,0.3917975238620415,1.0027648471625916,0.42,0.2895466518785526,0.0,0.0,0.0,0.0,0,0
-0.7030321658012617,80.0,35.0,-0.7030321658012617,-0.7030321658012617,0.95,0.7683335205371542,0.3867473366887377,0.9800476936568618,0.46,0.2975160866256141,0.0,0.0,0.0,0.0,0,0
-0.6759594540223433,85.0,35.0,-0.6759594540223433,-0.6759594540223433,0.95,0.7495676571638273,0.3550712764307722,0.9474975038827514,0.4950980392156863,0.31094596471732183,0.0,0.0,0.0,0.0,0,0
-0.6676046861965118,90.0,35.0,-0.6676046861965118,-0.6676046861965118,0.95,0.7671957238809218,0.3324155045069158,0.9143735772152874,0.5097087378640777,0.32585917854149204,0.0,0.0,0.0,0.0,0,0
-0.6746460397765799,95.0,35.0,-0.6746460397765799,-0.6746460397765799,0.95,0.8245336917807121,0.3097912379349885,0.8849236297068067,0.5384615384615384,0.34334885033149953,0.0,0.0,0.0,0.0,0,0
-0.6900545946953462,100.0,35.0,-0.6900545946953462,-0.6900545946953462,0.95,0.8946687578410889,0.30520356794510367,0.8368781316238723,0.5333333333333333,0.3659944416731989,0.0,0.0,0.0,0.0,0,0
-0.6595748702881034,105.0,35.0,-0.6595748702881034,-0.6595748702881034,0.95,0.8832679359826083,0.27536080841313715,0.7721489995573466,0.5560975609756098,0.386863948033201,0.0,0.0,0.0,0.0,0,0
-0.7226234113632899,110.0,35.0,-0.7226234113632899,-0.7226234113632899,0.95,1.060969708455741,0.29131182284668466,0.7186114211527609,0.5424528301886793,0.41029936630490205,0.0,0.0,0.0,0.0,0,0
-0.7067041896645105,115.0,35.0,-0.7067041896645105,-0.7067041896645105,0.95,1.0837450298861355,0.2706091448680688,0.661450015732922,0.5980861244019139,0.42437344276711125,0.0,0.0,0.0,0.0,0,0
-0.7418022450424714,120.0,35.0,-0.7418022450424714,-0.7418022450424714,0.95,1.2420868955145403,0.23156895736110641,0.5980662482014767,0.6244131455399061,0.4364266234244859,0.0,0.0,0.0,0.0,0,0
-0.7417882847987487,125.0,35.0,-0.7417882847987487,-0.7417882847987487,0.95,1.2912488817962153,0.22276776788747554,0.540651311376971,0.6556603773584906,0.4471502590673575,0.0,0.0,0.0,0.0,0,0
-0.7637009207613651,130.0,35.0,-0.7637009207613651,-0.7637009207613651,0.95,1.3934576430618166,0.22276776788748975,0.4841180360348486,0.7040358744394619,0.45262845262845264,0.0,0.0,0.0,0.0,0,0
-0.8551970381073917,135.0,35.0,-0.8551970381073917,-0.8551970381073917,0.95,1.660032206220442,0.2258980747216936,0.41362115645081826,0.6869565217391305,0.45840787119856885,0.0,0.0,0.0,0.0,0,0
-0.9433178467368997,140.0,35.0,-0.9433178467368997,-0.9433178467368997,0.95,1.8654222633654718,0.2353922577115182,0.417610287512342,0.6610169491525424,0.4539332494634796,0.0,0.0,0.0,0.0,0,0
-0.9440777961407073,145.0,35.0,-0.9440777961407073,-0.9440777961407073,0.95,1.814436261434636,0.24751974209718242,0.49292746672342025,0.6680851063829787,0.4383561643835616,0.0,0.0,0.0,0.0,0,0
-1.038832766798738,150.0,35.0,-1.038832766798738,-1.038832766798738,0.95,1.9642358864855642,0.2879108857828232,0.5693685014318499,0.6118143459915611,0.40739691086864105,0.0,0.0,0.0,0.0,0,0
-1.1772481401386132,155.0,35.0,-1.1772481401386132,-1.1772481401386132,0.95,2.1748668011374845,0.3709977523852063,0.6472374622142503,0.47257383966244726,0.3701870187018702,0.0,0.0,0.0,0.0,0,0
-1.219053015597086,160.0,35.0,-1.219053015597086,-1.219053015597086,0.95,2.183786657314612,0.4524313919444385,0.7198046633686254,0.47520661157024796,0.3231501686173378,0.0,0.0,0.0,0.0,0,0
-1.2943741223198275,165.0,35.0,-1.2943741223198275,-1.2943741223198275,0.95,2.274918489589691,0.5346916450252444,0.7905895818982138,0.4691358024691358,0.27325030030979325,0.0,0.0,0.0,0.0,0,0
-1.3801918956319623,170.0,35.0,-1.3801918956319623,-1.3801918956319623,0.95,2.3920766453990927,0.6169518981060502,0.8593501946403933,0.45714285714285713,0.23099220967449724,0.0,0.0,0.0,0.0,0,0
-1.3932600646235833,175.0,35.0,-1.3932600646235833,-1.3932600646235833,0.95,2.3998875339628243,0.5940473810332492,0.9234051882657928,0.4605809128630705,0.19352034310884433,0.0,0.0,0.0,0.0,0,0
-1.4330165210400905,180.0,35.0,-1.4330165210400905,-1.4330165210400905,0.95,2.4494445794973436,0.609554892988619,0.9850665306426591,0.45416666666666666,0.1625041625041625,0.0,0.0,0.0,0.0,0,0
-1.456658681644296,185.0,35.0,-1.456658681644296,-1.456658681644296,0.95,2.4818339734163852,0.6309816382686441,1.005631593912862,0.45228215767634855,0.13740865205099484,0.0,0.0,0.0,0.0,0,0
-1.4604066517136616,190.0,35.0,-1.4604066517136616,-1.4604066517136616,0.95,2.492171559265558,0.6283524508900005,1.005631593912862,0.4495798319327731,0.12016000820554901,0.0,0.0,0.0,0.0,0,0
-1.2710127665264344,195.0,35.0,-1.2710127665264344,-1.2710127665264344,0.95,2.128824378334989,0.463371895428321,1.005631593912862,0.47767857142857145,0.10479337212742874,0.0,0.0,0.0,0.0,0,0
-1.1515894915977007,200.0,35.0,-1.1515894915977007,-1.1515894915977007,0.95,1.8733980576070441,0.39285884559025025,1.0132186267335472,0.4928909952606635,0.09080947162799562,0.0,0.0,0.0,0.0,0,0
-1.1596256187997172,205.0,35.0,-1.1596256187997172,-1.1596256187997172,0.95,1.8850936530841007,0.39241765532423434,1.026196657183063,0.49065420560747663,0.07936875231395779,0.0,0.0,0.0,0.0,0,0
-1.1108643476386932,210.0,35.0,-1.1108643476386932,-1.1108643476386932,0.95,1.8016077478938688,0.33532009160211507,1.0264951348806075,0.5023255813953489,0.07203752988407236,0.0,0.0,0.0,0.0,0,0
-0.878562361069711,215.0,35.0,-0.878562361069711,-0.878562361069711,0.95,1.3013050815990475,0.22653292413861528,1.0273900476128408,0.5544041450777202,0.06684965468390296,0.0,0.0,0.0,0.0,0,0
-0.8643474993962584,220.0,35.0,-0.8643474993962584,-0.8643474993962584,0.95,1.2677114088322736,0.22824273562853914,1.029091836107685,0.5707070707070707,0.06376218662952646,0.0,0.0,0.0,0.0,0,0
-0.8807026079837792,225.0,35.0,-0.8807026079837792,-0.8807026079837792,0.95,1.281678752405802,0.2578566399884935,1.0306929088702865,0.5410628019323671,0.06121658271987602,0.0,0.0,0.0,0.0,0,0
-0.8754386791215877,230.0,35.0,-0.8754386791215877,-0.8754386791215877,0.95,1.2676268610687849,0.2556197982636353,1.0354076686679996,0.5436893203883495,0.06026966100974012,0.0,0.0,0.0,0.0,0,0
-0.8866849585875293,235.0,35.0,-0.8866849585875293,-0.8866849585875293,0.95,1.27806541456952,0.26825503949669427,1.048818226780286,0.5380952380952381,0.059872126010924336,0.0,0.0,0.0,0.0,0,0
-0.8893606872677109,240.0,35.0,-0.8893606872677109,-0.8893606872677109,0.95,1.2770042353451803,0.2706091448680688,1.0558334004204395,0.5305164319248826,0.059163119969659936,0.0,0.0,0.0,0.0,0,0
-0.8952830206368854,245.0,35.0,-0.8952830206368854,-0.8952830206368854,0.95,1.2742198362299761,0.2850900777849085,1.0693832900504852,0.5302325581395348,0.06027397260273973,0.0,0.0,0.0,0.0,0,0
-0.8977671966793687,250.0,35.0,-0.8977671966793687,-0.8977671966793687,0.95,1.2710936634991299,0.29596721664295134,1.0704426175668245,0.5227272727272727,0.061241752664523766,0.0,0.0,0.0,0.0,0,0
-0.9026473577751508,255.0,35.0,-0.9026473577751508,-0.9026473577751508,0.95,1.2670069408772555,0.3044589328443313,1.0871385709348549,0.5205479452054794,0.06393982134461683,0.0,0.0,0.0,0.0,0,0
-0.9022575746061541,260.0,35.0,-0.9022575746061541,-0.9022575746061541,0.95,1.2657589527816129,0.3044589328443313,1.089311792260926,0.5248868778280543,0.06637912443390123,0.0,0.0,0.0,0.0,0,0
-0.8973492403929956,265.0,35.0,-0.8973492403929956,-0.8973492403929956,0.95,1.2518118523371564,0.3044589328443332,1.089311792260926,0.5181818181818182,0.06917030567685589,0.0,0.0,0.0,0.0,0,0
-0.9047884160296265,270.0,35.0,-0.9047884160296265,-0.9047884160296265,0.95,1.24640102988267,0.33737013554973255,1.089311792260926,0.504424778761062,0.07142857142857142,0.0,0.0,0.0,0.0,0,0
-0.9035968656674114,275.0,35.0,-0.9035968656674114,-0.9035968656674114,0.95,1.2359834025594998,0.3479931999687832,1.0897097074945514,0.5022222222222222,0.07413568313626759,0.0,0.0,0.0,0.0,0,0
-0.9127495269558675,280.0,35.0,-0.9127495269558675,-0.9127495269558675,0.95,1.2287155718400091,0.38295410485393067,1.0897097074945514,0.4690265486725664,0.0768526989935956,0.0,0.0,0.0,0.0,0,0
-0.9129489347567801,285.0,35.0,-0.9129489347567801,-0.9129489347567801,0.95,1.2207656443733748,0.39333588637991823,1.0897097074945514,0.4611872146118721,0.08007466168922071,0.0,0.0,0.0,0.0,0,0
-0.9153892247704082,290.0,35.0,-0.9153892247704082,-0.9153892247704082,0.95,1.2040372515256483,0.4329960956922989,1.0737826168774995,0.42920353982300885,0.08347643579469567,0.0,0.0,0.0,0.0,0,0
-0.9278624493352943,295.0,35.0,-0.9278624493352943,-0.9278624493352943,0.95,1.1983817100610799,0.4764414854786786,1.0693832900504852,0.3794642857142857,0.08787183119230206,0.0,0.0,0.0,0.0,0,0
-0.9280743277482186,300.0,35.0,-0.9280743277482186,-0.9280743277482186,0.95,1.1824795497302965,0.5018160470230352,1.062658128545509,0.36036036036036034,0.091912502508529,0.0,0.0,0.0,0.0,0,0
-0.9261261542995662,305.0,35.0,-0.9261261542995662,-0.9261261542995662,0.95,1.176738812273972,0.5056057125805719,1.048818226780286,0.33175355450236965,0.0980382007350277,0.0,0.0,0.0,0.0,0,0
-0.9257474386310377,310.0,35.0,-0.9257474386310377,-0.9257474386310377,0.95,1.1552638159129773,0.5480272314845261,1.0385978338468036,0.33014354066985646,0.10467789361133387,0.0,0.0,0.0,0.0,0,0
-0.931952910632882,315.0,35.0,-0.931952910632882,-0.931952910632882,0.95,1.1406121720607478,0.5940473810332207,1.0351998805407332,0.3160377358490566,0.11150560301786308,0.0,0.0,0.0,0.0,0,0
-0.9424160955401188,320.0,35.0,-0.9424160955401188,-0.9424160955401188,0.95,1.1323594525259495,0.6435513294526629,1.0339640968905923,0.29906542056074764,0.11900236161511434,0.0,0.0,0.0,0.0,0,0
-0.9517770749232732,325.0,35.0,-0.9517770749232732,-0.9517770749232732,0.95,1.1254941581800684,0.6930552778721051,1.0336327391032487,0.30092592592592593,0.12785525366674683,0.0,0.0,0.0,0.0,0,0
-0.9564836677753138,330.0,35.0,-0.9564836677753138,-0.9564836677753138,0.95,1.1267608306273678,0.7124114322625106,1.0336327391032487,0.3073170731707317,0.1380997177798683,0.0,0.0,0.0,0.0,0,0
-0.9615541236129891,335.0,35.0,-0.9615541236129891,-0.9615541236129891,0.95,1.1203203545841702,0.7425592262915472,1.0336327391032487,0.3062200956937799,0.14908181399328638,0.0,0.0,0.0,0.0,0,0
-0.9653702579276076,340.0,35.0,-0.9653702579276076,-0.9653702579276076,0.95,1.1194577190584385,0.7673112005012683,1.024942242620422,0.3047619047619048,0.15786578657865788,0.0,0.0,0.0,0.0,0,0
-0.9601592742370876,345.0,35.0,-0.9601592742370876,-0.9601592742370876,0.95,1.0939928661875067,0.7906906637830478,1.0165389793407635,0.29245283018867924,0.1653208363374189,0.0,0.0,0.0,0.0,0,0
-0.9735533194359332,350.0,35.0,-0.9735533194359332,-0.9735533194359332,0.95,1.1188965580561725,0.8033276559803824,1.0165389793407635,0.2897196261682243,0.16765612083865636,0.0,0.0,0.0,0.0,0,0
-0.9744955948533226,355.0,35.0,-0.9744955948533226,-0.9744955948533226,0.95,1.1224472312516487,0.8050386588675811,1.0132186267335472,0.2904761904761905,0.1570081903878844,0.0,0.0,0.0,0.0,0,0
-0.9013358051763232,0.0,40.0,-0.9013358051763232,-0.9013358051763232,0.95,1.076114357068359,0.6456830764144965,0.9559724110766598,0.29523809523809524,0.189663500241507,0.0,0.0,0.0,0.0,0,0
-0.8950075837453587,5.0,40.0,-0.8950075837453587,-0.8950075837453587,0.95,1.1140146869581178,0.6435513294526629,0.8718125157415779,0.29439252336448596,0.18840579710144928,0.0,0.0,0.0,0.0,0,0
-0.8616176521302723,10.0,40.0,-0.8616176521302723,-0.8616176521302723,0.95,1.0859535343361166,0.6187993552429418,0.7957011538959164,0.2638888888888889,0.19185293164885,0.0,0.0,0.0,0.0,0,0
-0.8044561439256444,15.0,40.0,-0.8044561439256444,-0.8044561439256444,0.95,1.0226471354928404,0.5611887365456342,0.6996797016476773,0.1981981981981982,0.20203070035177487,0.0,0.0,0.0,0.0,0,0
-0.7262766780828888,20.0,40.0,-0.7262766780828888,-0.7262766780828888,0.95,0.8607424153533045,0.5207266552149947,0.668303303662384,0.1527777777777778,0.2174709348622392,0.0,0.0,0.0,0.0,0,0
-0.6711660651318863,25.0,40.0,-0.6711660651318863,-0.6711660651318863,0.95,0.7526427394634727,0.505397873026248,0.6400626349016127,0.1625615763546798,0.2399395578177191,0.0,0.0,0.0,0.0,0,0
-0.659287544039703,30.0,40.0,-0.659287544039703,-0.659287544039703,0.95,0.7488093838125006,0.5033940168153759,0.6361442370308749,0.25120772946859904,0.26418849001034783,0.0,0.0,0.0,0.0,0,0
-0.6438286723006935,35.0,40.0,-0.6438286723006935,-0.6438286723006935,0.95,0.7471400561756704,0.49503948419436483,0.6200623827329702,0.3380281690140845,0.2875874125874126,0.0,0.0,0.0,0.0,0,0
-0.6429857208995536,40.0,40.0,-0.6429857208995536,-0.6429857208995536,0.95,0.7434655705926008,0.47028750998464375,0.6580820246464523,0.36492890995260663,0.31821823425733053,0.0,0.0,0.0,0.0,0,0
-0.6361057895187832,45.0,40.0,-0.6361057895187832,-0.6361057895187832,0.95,0.7473724802183397,0.4207835615652016,0.6952854886257038,0.4186046511627907,0.34935871581834316,0.0,0.0,0.0,0.0,0,0
-0.6409617194024884,50.0,40.0,-0.6409617194024884,-0.6409617194024884,0.95,0.7621858714774727,0.3735508512196087,0.7461410977798129,0.4383561643835616,0.37078923984166734,0.0,0.0,0.0,0.0,0,0
-0.6241825937840288,55.0,40.0,-0.6241825937840288,-0.6241825937840288,0.95,0.7706670516315158,0.32885342993582367,0.7440689218491257,0.5231481481481481,0.3789793633018717,0.0,0.0,0.0,0.0,0,0
-0.6290318853506633,60.0,40.0,-0.6290318853506633,-0.6290318853506633,0.95,0.7873567958254093,0.3143184983592289,0.7603787810764813,0.5458515283842795,0.3813942422079467,0.0,0.0,0.0,0.0,0,0
-0.6030928203368305,65.0,40.0,-0.6030928203368305,-0.6030928203368305,0.95,0.7452543072651653,0.28984600163279206,0.7716278220525299,0.6037735849056604,0.37894488930758363,0.0,0.0,0.0,0.0,0,0
-0.6110428593365247,70.0,40.0,-0.6110428593365247,-0.6110428593365247,0.95,0.7222813853648826,0.3216337334782736,0.7954589158554418,0.5714285714285714,0.3684577268504181,0.0,0.0,0.0,0.0,0,0
-0.6035799245984599,75.0,40.0,-0.6035799245984599,-0.6035799245984599,0.95,0.6976852369132206,0.3079854818636252,0.8078596196472788,0.5445544554455446,0.36695344907051775,0.0,0.0,0.0,0.0,0,0
-0.5875473051013717,80.0,40.0,-0.5875473051013717,-0.5875473051013717,0.95,0.6594518200553463,0.29403240495984717,0.8226025308080658,0.553921568627451,0.3671166018454968,0.0,0.0,0.0,0.0,0,0
-0.5787150909855332,85.0,40.0,-0.5787150909855332,-0.5787150909855332,0.95,0.6555333694240618,0.2722717163069035,0.8239791589957544,0.5756097560975609,0.3743144424131627,0.0,0.0,0.0,0.0,0,0
-0.5445618383384943,90.0,40.0,-0.5445618383384943,-0.5445618383384943,0.95,0.6093824762512173,0.24481303903977034,0.8000467177944927,0.6040609137055838,0.3840054890599985,0.0,0.0,0.0,0.0,0,0
-0.5997443077809893,95.0,40.0,-0.5997443077809893,-0.5997443077809893,0.95,0.7544269776128754,0.25409353222654085,0.7644672013834827,0.5666666666666667,0.40006114805472753,0.0,0.0,0.0,0.0,0,0
-0.553251846410275,100.0,40.0,-0.553251846410275,-0.553251846410275,0.95,0.6712386428006563,0.25625728782230445,0.7347682693377454,0.63,0.41594960049170254,0.0,0.0,0.0,0.0,0,0
-0.6622837604388543,105.0,40.0,-0.6622837604388543,-0.6622837604388543,0.95,0.9318716148892099,0.2900070109517544,0.698609637457117,0.5761904761904761,0.43179012345679013,0.0,0.0,0.0,0.0,0,0
-0.6830493996219728,110.0,40.0,-0.6830493996219728,-0.6830493996219728,0.95,1.0304213022939575,0.28120613276046763,0.6589211556419972,0.6415094339622641,0.44292449184635596,0.0,0.0,0.0,0.0,0,0
-0.6909912783333758,115.0,40.0,-0.6909912783333758,-0.6909912783333758,0.95,1.1133488099575897,0.2474761795446469,0.6143761208755808,0.6981132075471698,0.45808104331625527,0.0,0.0,0.0,0.0,0,0
-0.7165955689300141,120.0,40.0,-0.7165955689300141,-0.7165955689300141,0.95,1.2334597033338024,0.22163656090478873,0.558710189481184,0.71875,0.46561916614810206,0.0,0.0,0.0,0.0,0,0
-0.7813605276259186,125.0,40.0,-0.7813605276259186,-0.7813605276259186,0.95,1.434976960087035,0.2121174892147125,0.5033263974304073,0.7149122807017544,0.4680189632392943,0.0,0.0,0.0,0.0,0,0
-0.7803059530833236,130.0,40.0,-0.7803059530833236,-0.7803059530833236,0.95,1.4799808575947653,0.19801579367776867,0.4459875451823154,0.7268722466960352,0.45604437938207876,0.0,0.0,0.0,0.0,0,0
-0.8246831143947909,135.0,40.0,-0.8246831143947909,-0.8246831143947909,0.95,1.594027139105895,0.20224228503222322,0.42930855255261563,0.7081545064377682,0.44722201051749105,0.0,0.0,0.0,0.0,0,0
-0.8748064965282478,140.0,40.0,-0.8748064965282478,-0.8748064965282478,0.95,1.6715460961633648,0.22276776788746133,0.47612239539862844,0.6853448275862069,0.43308928975771754,0.0,0.0,0.0,0.0,0,0
-0.984827253063702,145.0,40.0,-0.984827253063702,-0.984827253063702,0.95,1.8926968126694226,0.2231217161741779,0.5422657012488842,0.6359832635983264,0.4111480251015135,0.0,0.0,0.0,0.0,0,0
-1.0539765985189613,150.0,40.0,-1.0539765985189613,-1.0539765985189613,0.95,1.9679184666888307,0.27805408682292687,0.6084810061648235,0.5482456140350878,0.3800115373521777,0.0,0.0,0.0,0.0,0,0
-1.100699930619094,155.0,40.0,-1.100699930619094,-1.100699930619094,0.95,1.9925056516694637,0.3470731336603503,0.6694124613991213,0.5042372881355932,0.3371201561193198,0.0,0.0,0.0,0.0,0,0
-1.1710982980038644,160.0,40.0,-1.1710982980038644,-1.1710982980038644,0.95,2.0787314556881915,0.413692976992184,0.7396878691154443,0.48739495798319327,0.2948985780712986,0.0,0.0,0.0,0.0,0,0
-1.2002126041708596,165.0,40.0,-1.2002126041708596,-1.2002126041708596,0.95,2.099766110484944,0.43364785388305926,0.802492040261757,0.4872881355932203,0.2586139643739436,0.0,0.0,0.0,0.0,0,0
-1.2648848442330973,170.0,40.0,-1.2648848442330973,-1.2648848442330973,0.95,2.1903857575160997,0.4826634970895043,0.8638553064725873,0.4789915966386555,0.22818370295910034,0.0,0.0,0.0,0.0,0,0
-1.3022148203149344,175.0,40.0,-1.3022148203149344,-1.3022148203149344,0.95,2.246447512270784,0.4826634970895043,0.9234051882657928,0.4788135593220339,0.19976919339164237,0.0,0.0,0.0,0.0,0,0
-1.328584285985291,180.0,40.0,-1.328584285985291,-1.328584285985291,0.95,2.2675753256980875,0.4988691084414722,0.9762836845955173,0.4723404255319149,0.17075172979946054,0.0,0.0,0.0,0.0,0,0
-1.3475762349304679,185.0,40.0,-1.3475762349304679,-1.3475762349304679,0.95,2.2976384710166204,0.4981953819260059,1.005631593912862,0.47435897435897434,0.14634699314175595,0.0,0.0,0.0,0.0,0,0
-1.407658781710822,190.0,40.0,-1.407658781710822,-1.407658781710822,0.95,2.3791534849371425,0.5992275222483885,1.005631593912862,0.45217391304347826,0.13079288381287063,0.0,0.0,0.0,0.0,0,0
-1.2414882450000881,195.0,40.0,-1.2414882450000881,-1.2414882450000881,0.95,2.085902821746013,0.417471465888465,1.005631593912862,0.4864864864864865,0.11823104693140794,0.0,0.0,0.0,0.0,0,0
-1.097737106372417,200.0,40.0,-1.097737106372417,-1.097737106372417,0.95,1.7967054841171286,0.31321644306173546,1.006849361686681,0.5096153846153846,0.10640714543858744,0.0,0.0,0.0,0.0,0,0
-1.107166306051523,205.0,40.0,-1.107166306051523,-1.107166306051523,0.95,1.8125464810150058,0.3191458127541956,1.0132186267335472,0.5094339622641509,0.09602366745223888,0.0,0.0,0.0,0.0,0,0
-1.0810228133707744,210.0,40.0,-1.0810228133707744,-1.0810228133707744,0.95,1.7496591731279385,0.3031792557882237,1.026196657183063,0.5118483412322274,0.08804938997501102,0.0,0.0,0.0,0.0,0,0
-1.095779352757257,215.0,40.0,-1.095779352757257,-1.095779352757257,0.95,1.782060498650303,0.3090637960649451,1.0264951348806075,0.5093457943925234,0.08364178243522569,0.0,0.0,0.0,0.0,0,0
-0.8770285527706259,220.0,40.0,-0.8770285527706259,-0.8770285527706259,0.95,1.3159630544488048,0.19942570059399897,1.0273900476128408,0.5606060606060606,0.07963427921739542,0.0,0.0,0.0,0.0,0,0
-0.8533972493576293,225.0,40.0,-0.8533972493576293,-0.8533972493576293,0.95,1.2588652604602297,0.19942570059399897,1.0273900476128408,0.5685279187817259,0.07723577235772358,0.0,0.0,0.0,0.0,0,0
-0.8498710527096006,230.0,40.0,-0.8498710527096006,-0.8498710527096006,0.95,1.235927778250197,0.2186461176793412,1.02969511137338,0.5658536585365853,0.07547867912311534,0.0,0.0,0.0,0.0,0,0
-0.8561211541009104,235.0,40.0,-0.8561211541009104,-0.8561211541009104,0.95,1.2459097820160732,0.22265033953232796,1.0325332150175772,0.5603864734299517,0.07486557286640011,0.0,0.0,0.0,0.0,0,0
-0.8662914417440941,240.0,40.0,-0.8662914417440941,-0.8662914417440941,0.95,1.2532189200213741,0.24347575080248007,1.0354076686679996,0.5471698113207547,0.07409437668448221,0.0,0.0,0.0,0.0,0,0
-0.8605791932054948,245.0,40.0,-0.8605791932054948,-0.8605791932054948,0.95,1.25005011296005,0.22990584649482276,1.0354076686679996,0.5576923076923077,0.07466301119488233,0.0,0.0,0.0,0.0,0,0
-0.852898152698131,250.0,40.0,-0.852898152698131,-0.852898152698131,0.95,1.231774373649325,0.22824273562853914,1.0385978338468036,0.5652173913043478,0.0755191656756015,0.0,0.0,0.0,0.0,0,0
-0.8673318882600471,255.0,40.0,-0.8673318882600471,-0.8673318882600471,0.95,1.2446287876289954,0.24985798303464218,1.048818226780286,0.5518867924528302,0.07777114245027332,0.0,0.0,0.0,0.0,0,0
-0.8607164535657817,260.0,40.0,-0.8607164535657817,-0.8607164535657817,0.95,1.2365989064198346,0.23813084664506778,1.048818226780286,0.5566037735849056,0.08045283719203823,0.0,0.0,0.0,0.0,0,0
-0.8605281713968007,265.0,40.0,-0.8605281713968007,-0.8605281713968007,0.95,1.2222324080083689,0.25470373806899815,1.048818226780286,0.5424528301886793,0.08270113327713777,0.0,0.0,0.0,0.0,0,0
-0.8646209661005896,270.0,40.0,-0.8646209661005896,-0.8646209661005896,0.95,1.2203159204040137,0.2739825948821926,1.048818226780286,0.5420560747663551,0.08456839812491122,0.0,0.0,0.0,0.0,0,0
-0.8673839952724608,275.0,40.0,-0.8673839952724608,-0.8673839952724608,0.95,1.2177453248799663,0.28528819746457407,1.048818226780286,0.5324074074074074,0.0870693383306905,0.0,0.0,0.0,0.0,0,0
-0.8722516258883836,280.0,40.0,-0.8722516258883836,-0.8722516258883836,0.95,1.2099346503201274,0.3181177210536709,1.048818226780286,0.5345622119815668,0.08969112345318134,0.0,0.0,0.0,0.0,0,0
-0.8731839682067588,285.0,40.0,-0.8731839682067588,-0.8731839682067588,0.95,1.2010539184955742,0.3296387838612376,1.048818226780286,0.5185185185185185,0.0924907063197026,0.0,0.0,0.0,0.0,0,0
-0.8707836580679309,290.0,40.0,-0.8707836580679309,-0.8707836580679309,0.95,1.1847673917816177,0.34702747043645843,1.0423661274375073,0.5047169811320755,0.09589873417721519,0.0,0.0,0.0,0.0,0,0
-0.8762677410658947,295.0,40.0,-0.8762677410658947,-0.8762677410658947,0.95,1.17925828635724,0.37120916801983844,1.0385978338468036,0.4788732394366197,0.10038850038850039,0.0,0.0,0.0,0.0,0,0
-0.8845525634800788,300.0,40.0,-0.8845525634800788,-0.8845525634800788,0.95,1.1712283005308537,0.3962632529682216,1.0385978338468036,0.4265402843601896,0.10441106215828866,0.0,0.0,0.0,0.0,0,0
-0.8929062706110299,305.0,40.0,-0.8929062706110299,-0.8929062706110299,0.95,1.1618047164391754,0.42874882497846456,1.0349321073893893,0.37735849056603776,0.11049149855120004,0.0,0.0,0.0,0.0,0,0
-0.8959777399784775,310.0,40.0,-0.8959777399784775,-0.8959777399784775,0.95,1.146355836877542,0.4551565008542132,1.0336327391032487,0.3476190476190476,0.11626726811389906,0.0,0.0,0.0,0.0,0,0
-0.9066047900416737,315.0,40.0,-0.9066047900416737,-0.9066047900416737,0.95,1.14362772071064,0.49503948419436483,1.0336327391032487,0.33014354066985646,0.122887507985365,0.0,0.0,0.0,0.0,0,0
-0.9158440441156899,320.0,40.0,-0.9158440441156899,-0.9158440441156899,0.95,1.1437679250551196,0.5304839880405503,1.0336327391032487,0.3269230769230769,0.13131616939364774,0.0,0.0,0.0,0.0,0,0
-0.9252053024306741,325.0,40.0,-0.9252053024306741,-0.9252053024306741,0.95,1.1377381887958948,0.5692954068235281,1.0336327391032487,0.3062200956937799,0.1400137268359643,0.0,0.0,0.0,0.0,0,0
-0.9316647472189461,330.0,40.0,-0.9316647472189461,-0.9316647472189461,0.95,1.136861792962072,0.5940473810332207,1.0336327391032487,0.3,0.1494230519901465,0.0,0.0,0.0,0.0,0,0
-0.9354086654148208,335.0,40.0,-0.9354086654148208,-0.9354086654148208,0.95,1.1377381887958948,0.6187993552429418,1.024942242620422,0.3062200956937799,0.1597081475476287,0.0,0.0,0.0,0.0,0,0
-0.9345028097799775,340.0,40.0,-0.9345028097799775,-0.9345028097799775,0.95,1.1224472312516487,0.6435513294526629,1.0204491015693709,0.3047619047619048,0.1711056163899682,0.0,0.0,0.0,0.0,0,0
-0.9352321615553358,345.0,40.0,-0.9352321615553358,-0.9352321615553358,0.95,1.1242225678493867,0.6448643275523305,1.0165389793407635,0.2980769230769231,0.18171716423438775,0.0,0.0,0.0,0.0,0,0
-0.9354731380978695,350.0,40.0,-0.9354731380978695,-0.9354731380978695,0.95,1.12155956295278,0.6517141699571791,1.0132186267335472,0.2938388625592417,0.1869504858861638,0.0,0.0,0.0,0.0,0,0
-0.9353958047088086,355.0,40.0,-0.9353958047088086,-0.9353958047088086,0.95,1.125110236148256,0.648787378790007,1.0104938583432836,0.2946859903381642,0.18504687748291754,0.0,0.0,0.0,0.0,0,0
-0.878363035845111,0.0,45.0,-0.878363035845111,-0.878363035845111,0.95,1.1153276895450668,0.544543432613807,0.9041911707795542,0.2995169082125604,0.19915871218249473,0.0,0.0,0.0,0.0,0,0
-0.8689160246536316,5.0,45.0,-0.8689160246536316,-0.8689160246536316,0.95,1.1349324962823117,0.544543432613807,0.8340965964773223,0.2971698113207547,0.1994122928740511,0.0,0.0,0.0,0.0,0,0
-0.8478527406880327,10.0,45.0,-0.8478527406880327,-0.8478527406880327,0.95,1.1299706686226112,0.544543432613807,0.7583457399629985,0.2985781990521327,0.21311616683902102,0.0,0.0,0.0,0.0,0,0
-0.830927946284588,15.0,45.0,-0.830927946284588,-0.830927946284588,0.95,1.1378714575938969,0.5251289246124797,0.6852612556483647,0.2681818181818182,0.22125107112253642,0.0,0.0,0.0,0.0,0,0
-0.7078376462136531,20.0,45.0,-0.7078376462136531,-0.7078376462136531,0.95,0.8861892423654651,0.5012550750848501,0.607430817223113,0.23809523809523808,0.23517329910141208,0.0,0.0,0.0,0.0,0,0
-0.6034601117430298,25.0,45.0,-0.6034601117430298,-0.6034601117430298,0.95,0.6691929428307007,0.46423227472077355,0.5788994637222251,0.25,0.2544166595544935,0.0,0.0,0.0,0.0,0,0
-0.5916243549224984,30.0,45.0,-0.5916243549224984,-0.5916243549224984,0.95,0.6697853415870997,0.44553553577492266,0.544543432613807,0.23809523809523808,0.27472058698063306,0.0,0.0,0.0,0.0,0,0
-0.566195386103068,35.0,45.0,-0.566195386103068,-0.566195386103068,0.95,0.641867111545193,0.4207835615652016,0.5440248223842401,0.3175355450236967,0.29544483377489106,0.0,0.0,0.0,0.0,0,0
-0.5790695904218051,40.0,45.0,-0.5790695904218051,-0.5790695904218051,0.95,0.7014572285813777,0.40916263742671594,0.5396228682077195,0.3870967741935484,0.3163396452746123,0.0,0.0,0.0,0.0,0,0
-0.543296664749143,45.0,45.0,-0.543296664749143,-0.543296664749143,0.95,0.6329005734094242,0.3712796131457594,0.5724436984891916,0.45794392523364486,0.33719036598954316,0.0,0.0,0.0,0.0,0,0
-0.5337001424534403,50.0,45.0,-0.5337001424534403,-0.5337001424534403,0.95,0.6346328250544222,0.33780560103818086,0.5956669557307581,0.5352112676056338,0.3560512185047501,0.0,0.0,0.0,0.0,0,0
-0.5250201646901567,55.0,45.0,-0.5250201646901567,-0.5250201646901567,0.95,0.6417550860859406,0.29985789974143623,0.5996589651730881,0.5656108597285068,0.38208880758356895,0.0,0.0,0.0,0.0,0,0
-0.5365924966874186,60.0,45.0,-0.5365924966874186,-0.5365924966874186,0.95,0.6695677657977005,0.2970236905166246,0.6169518981060502,0.5972850678733032,0.4024298909877673,0.0,0.0,0.0,0.0,0,0
-0.5596722484477326,65.0,45.0,-0.5596722484477326,-0.5596722484477326,0.95,0.7413216275810893,0.2630320607116883,0.6291819685891386,0.5990990990990991,0.42258469259723963,0.0,0.0,0.0,0.0,0,0
-0.5844063523368669,70.0,45.0,-0.5844063523368669,-0.5844063523368669,0.95,0.8110880831803877,0.25000590544496887,0.6394360929377721,0.6238938053097345,0.433996988455747,0.0,0.0,0.0,0.0,0,0
-0.6264070759357188,75.0,45.0,-0.6264070759357188,-0.6264070759357188,0.95,0.9085065206494287,0.2448130390397928,0.6580820246464523,0.6271929824561403,0.43459774906210924,0.0,0.0,0.0,0.0,0,0
-0.6505063923017109,80.0,45.0,-0.6505063923017109,-0.6505063923017109,0.95,0.9638935039407739,0.24481303903976928,0.6692051460840586,0.6355555555555555,0.4375984741686707,0.0,0.0,0.0,0.0,0,0
-0.5752977662911276,85.0,45.0,-0.5752977662911276,-0.5752977662911276,0.95,0.8086933842446243,0.2227090537099009,0.6598019544613757,0.6880733944954128,0.43403205918618987,0.0,0.0,0.0,0.0,0,0
-0.62350089762167,90.0,45.0,-0.62350089762167,-0.62350089762167,0.95,0.9313811851413433,0.21864611767933953,0.6598019544613759,0.6866359447004609,0.4375869689776541,0.0,0.0,0.0,0.0,0,0
-0.6524378999447049,95.0,45.0,-0.6524378999447049,-0.6524378999447049,0.95,1.0029397069945938,0.2231217161741779,0.6577254391712825,0.6894977168949772,0.4384508990318119,0.0,0.0,0.0,0.0,0,0
-0.6769120579576751,100.0,45.0,-0.6769120579576751,-0.6769120579576751,0.95,1.075152110408058,0.2258980747217045,0.636736138254268,0.6880733944954128,0.44683616278125254,0.0,0.0,0.0,0.0,0,0
-0.7096835505206213,105.0,45.0,-0.7096835505206213,-0.7096835505206213,0.95,1.1678781990178015,0.22163656090479758,0.6055060974098385,0.6425339366515838,0.4519238558120697,0.0,0.0,0.0,0.0,0,0
-0.726836172279764,110.0,45.0,-0.726836172279764,-0.726836172279764,0.95,1.239094701203584,0.22163656090478936,0.5752286783606042,0.6801801801801802,0.4575627876928047,0.0,0.0,0.0,0.0,0,0
-0.7426946950848026,115.0,45.0,-0.7426946950848026,-0.7426946950848026,0.95,1.3137362462227509,0.21062659359542518,0.5381741927873833,0.7,0.45894499112760123,0.0,0.0,0.0,0.0,0,0
-0.7575842040449278,120.0,45.0,-0.7575842040449278,-0.7575842040449278,0.95,1.3874930756613135,0.19801579367775446,0.49415028326203675,0.7045454545454546,0.4584738955823293,0.0,0.0,0.0,0.0,0,0
-0.8256556215056049,125.0,45.0,-0.8256556215056049,-0.8256556215056049,0.95,1.5891751723780438,0.18828724599837587,0.4523272331267364,0.7016806722689075,0.453979901100654,0.0,0.0,0.0,0.0,0,0
-0.7861995238198717,130.0,45.0,-0.7861995238198717,-0.7861995238198717,0.95,1.5010207731381051,0.17471615029676532,0.4524313919444367,0.70995670995671,0.4421725744059367,0.0,0.0,0.0,0.0,0,0
-0.8837143569063175,135.0,45.0,-0.8837143569063175,-0.8837143569063175,0.95,1.697838316721775,0.19179963600998978,0.4943130950299321,0.6694915254237288,0.43121837290774623,0.0,0.0,0.0,0.0,0,0
-0.9326504087972709,140.0,45.0,-0.9326504087972709,-0.9326504087972709,0.95,1.7705392270885951,0.2002794296777306,0.547459442169601,0.625,0.41000230467849735,0.0,0.0,0.0,0.0,0,0
-0.975487981789446,145.0,45.0,-0.975487981789446,-0.975487981789446,0.95,1.8379174864552597,0.20683069820530955,0.5974912253076029,0.6075949367088608,0.38283828382838286,0.0,0.0,0.0,0.0,0,0
-1.0191182372453642,150.0,45.0,-1.0191182372453642,-1.0191182372453642,0.95,1.8759574393024474,0.24751974209718242,0.6572085380429118,0.574468085106383,0.34880326911850557,0.0,0.0,0.0,0.0,0,0
-1.0659843328594458,155.0,45.0,-1.0659843328594458,-1.0659843328594458,0.95,1.914410897286878,0.3112254493775649,0.7050390617858289,0.5384615384615384,0.31596183966965685,0.0,0.0,0.0,0.0,0,0
-1.1029060667242054,160.0,45.0,-1.1029060667242054,-1.1029060667242054,0.95,1.9544015881214005,0.32439368939501795,0.7627631438037004,0.5064377682403434,0.28003034064266996,0.0,0.0,0.0,0.0,0,0
-1.1604741504142038,165.0,45.0,-1.1604741504142038,-1.1604741504142038,0.95,2.0430273388880242,0.3589036260409131,0.8141492333950633,0.5,0.2536912751677852,0.0,0.0,0.0,0.0,0,0
-1.2024423947181522,170.0,45.0,-1.2024423947181522,-1.2024423947181522,0.95,2.0896830538950235,0.3960315873554805,0.8676699979889523,0.49356223175965663,0.22864420062695925,0.0,0.0,0.0,0.0,0,0
-1.264848802834986,175.0,45.0,-1.264848802834986,-1.264848802834986,0.95,2.138538824495501,0.5074154712992254,0.919791305058444,0.47368421052631576,0.20187318061004936,0.0,0.0,0.0,0.0,0,0
-1.261857959048033,180.0,45.0,-1.261857959048033,-1.261857959048033,0.95,2.1398202083452245,0.4497868496121401,0.9659326532276326,0.48,0.17730670260997428,0.0,0.0,0.0,0.0,0,0
-1.2850166009387538,185.0,45.0,-1.2850166009387538,-1.2850166009387538,0.95,2.16481586639479,0.4813973283372493,0.9850982183340842,0.47533632286995514,0.15720419847328243,0.0,0.0,0.0,0.0,0,0
-1.2841565091021803,190.0,45.0,-1.2841565091021803,-1.2841565091021803,0.95,2.1580713677978998,0.4682147831672016,1.005631593912862,0.47533632286995514,0.1409870250231696,0.0,0.0,0.0,0.0,0,0
-1.2023611356623554,195.0,45.0,-1.2023611356623554,-1.2023611356623554,0.95,2.016130385033351,0.37523935572467243,1.005631593912862,0.4930875576036866,0.13676315481073478,0.0,0.0,0.0,0.0,0,0
-1.052699870775821,200.0,45.0,-1.052699870775821,-1.052699870775821,0.95,1.7412555037058646,0.2302830745177532,1.0059361740847186,0.5285714285714286,0.12601834444254542,0.0,0.0,0.0,0.0,0,0
-1.0447827104148633,205.0,45.0,-1.0447827104148633,-1.0447827104148633,0.95,1.7105525176772327,0.24541577192912797,1.0083695029852138,0.5288461538461539,0.11558795703711948,0.0,0.0,0.0,0.0,0,0
-1.0493640935680362,210.0,45.0,-1.0493640935680362,-1.0493640935680362,0.95,1.7189065918987756,0.24541577192912797,1.0132186267335472,0.5285714285714286,0.10749061633030517,0.0,0.0,0.0,0.0,0,0
-1.076576358121857,215.0,45.0,-1.076576358121857,-1.076576358121857,0.95,1.7565810717314019,0.27719810815316903,1.026196657183063,0.5190476190476191,0.10299946438136047,0.0,0.0,0.0,0.0,0,0
-1.0115682972765394,220.0,45.0,-1.0115682972765394,-1.0115682972765394,0.95,1.6153656250425232,0.24684353959440666,1.0264951348806075,0.529126213592233,0.09856403758842783,0.0,0.0,0.0,0.0,0,0
-0.8551758486442385,225.0,45.0,-0.8551758486442385,-0.8551758486442385,0.95,1.2809388750668445,0.174738981908708,1.0273900476128408,0.5773195876288659,0.09270954377810336,0.0,0.0,0.0,0.0,0,0
-0.8353884869426358,230.0,45.0,-0.8353884869426358,-0.8353884869426358,0.95,1.2234047188517836,0.1907163499948485,1.0273900476128408,0.585,0.09050179211469533,0.0,0.0,0.0,0.0,0,0
-0.8529245477142923,235.0,45.0,-0.8529245477142923,-0.8529245477142923,0.95,1.2498032730638409,0.2122593287225873,1.028879838824669,0.5728155339805825,0.0895367254009107,0.0,0.0,0.0,0.0,0,0
-0.8368731475006389,240.0,45.0,-0.8368731475006389,-0.8368731475006389,0.95,1.222506272338723,0.19201448014181177,1.028879838824669,0.5735294117647058,0.0891220809932013,0.0,0.0,0.0,0.0,0,0
-0.838668133457583,245.0,45.0,-0.838668133457583,-0.838668133457583,0.95,1.2202702940692187,0.2058725397658487,1.028879838824669,0.5812807881773399,0.08895448954489545,0.0,0.0,0.0,0.0,0,0
-0.83907471562287,250.0,45.0,-0.83907471562287,-0.83907471562287,0.95,1.2200246557321675,0.2058725397658487,1.0325332150175772,0.5853658536585366,0.0900709919148097,0.0,0.0,0.0,0.0,0,0
-0.8376272633058287,255.0,45.0,-0.8376272633058287,-0.8376272633058287,0.95,1.2158343214009903,0.20565063270201756,1.0325332150175772,0.5825242718446602,0.09151069188601907,0.0,0.0,0.0,0.0,0,0
-0.8349179455181945,260.0,45.0,-0.8349179455181945,-0.8349179455181945,0.95,1.208551910190252,0.20565063270201733,1.0325332150175772,0.5804878048780487,0.0940930995081723,0.0,0.0,0.0,0.0,0,0
-0.8322471252840423,265.0,45.0,-0.8322471252840423,-0.8322471252840423,0.95,1.203597568579534,0.20565063270201733,1.0325332150175772,0.587378640776699,0.09610571628791671,0.0,0.0,0.0,0.0,0,0
-0.8311876912163939,270.0,45.0,-0.8311876912163939,-0.8311876912163939,0.95,1.2008796374529653,0.2057615862339339,1.0325332150175772,0.587378640776699,0.09804318147342873,0.0,0.0,0.0,0.0,0,0
-0.836513925372658,275.0,45.0,-0.836513925372658,-0.836513925372658,0.95,1.194402508991393,0.23324770285605673,1.0325332150175772,0.5769230769230769,0.09987738837233064,0.0,0.0,0.0,0.0,0,0
-0.8387962567994802,280.0,45.0,-0.8387962567994802,-0.8387962567994802,0.95,1.1841290101377324,0.2577104677303063,1.0325332150175772,0.5741626794258373,0.10283908403274272,0.0,0.0,0.0,0.0,0,0
-0.8430986471549704,285.0,45.0,-0.8430986471549704,-0.8430986471549704,0.95,1.179809660599321,0.2810120704895452,1.0325332150175772,0.5721153846153846,0.10534069981583793,0.0,0.0,0.0,0.0,0,0
-0.846913730854936,290.0,45.0,-0.846913730854936,-0.846913730854936,0.95,1.1796993857509048,0.2910411194030698,1.0349321073893893,0.5645933014354066,0.1083413745041278,0.0,0.0,0.0,0.0,0,0
-0.8489896812299444,295.0,45.0,-0.8489896812299444,-0.8489896812299444,0.95,1.170020758702989,0.3121943509726795,1.0309619292530852,0.5480769230769231,0.11216948595828544,0.0,0.0,0.0,0.0,0,0
-0.8505267270887298,300.0,45.0,-0.8505267270887298,-0.8505267270887298,0.95,1.160519715999654,0.32585189504084855,1.0309619292530852,0.5288461538461539,0.11711107384426184,0.0,0.0,0.0,0.0,0,0
-0.8593112573975733,305.0,45.0,-0.8593112573975733,-0.8593112573975733,0.95,1.1577278159533213,0.35197684723907857,1.0309619292530852,0.49514563106796117,0.12153016746960311,0.0,0.0,0.0,0.0,0,0
-0.8699963587499893,310.0,45.0,-0.8699963587499893,-0.8699963587499893,0.95,1.1441885380885584,0.3763706252929831,1.0309619292530852,0.3951219512195122,0.12813863020157962,0.0,0.0,0.0,0.0,0,0
-0.882712588118667,315.0,45.0,-0.882712588118667,-0.882712588118667,0.95,1.1441885380885584,0.41480863535655543,1.0336327391032487,0.37073170731707317,0.13389399806389157,0.0,0.0,0.0,0.0,0,0
-0.890679821474456,320.0,45.0,-0.890679821474456,-0.890679821474456,0.95,1.1412437721311854,0.44553553577492266,1.0336327391032487,0.35609756097560974,0.14168852254277506,0.0,0.0,0.0,0.0,0,0
-0.8971755564802387,325.0,45.0,-0.8971755564802387,-0.8971755564802387,0.95,1.140367376297363,0.47028750998464375,1.0336327391032487,0.34951456310679613,0.15006777254243853,0.0,0.0,0.0,0.0,0,0
-0.9026867284641398,330.0,45.0,-0.9026867284641398,-0.9026867284641398,0.95,1.1412437721311854,0.49503948419436483,1.0204491015693709,0.32682926829268294,0.1597986577181208,0.0,0.0,0.0,0.0,0,0
-0.9036437738240356,335.0,45.0,-0.9036437738240356,-0.9036437738240356,0.95,1.1297932845111809,0.5132860068015652,1.0204491015693709,0.3170731707317073,0.17074701820464533,0.0,0.0,0.0,0.0,0,0
-0.9036173263394881,340.0,45.0,-0.9036173263394881,-0.9036173263394881,0.95,1.126885572745994,0.5197914584040859,1.0165389793407635,0.3121951219512195,0.18299606929684087,0.0,0.0,0.0,0.0,0,0
-0.903993796755762,345.0,45.0,-0.903993796755762,-0.903993796755762,0.95,1.126885572745994,0.523440022042271,1.0104938583432836,0.3024390243902439,0.19112653738776125,0.0,0.0,0.0,0.0,0,0
-0.9078618449178634,350.0,45.0,-0.9078618449178634,-0.9078618449178634,0.95,1.126885572745994,0.5342362267882185,1.0132186267335472,0.2975609756097561,0.19558754498513534,0.0,0.0,0.0,0.0,0,0
-0.8949967947130799,355.0,45.0,-0.8949967947130799,-0.8949967947130799,0.95,1.113621258131947,0.5419503814659723,0.9758506275124872,0.29901960784313725,0.20004808848280836,0.0,0.0,0.0,0.0,0,0
-0.8662817418260176,0.0,50.0,-0.8662817418260176,-0.8662817418260176,0.95,1.168068839167,0.44553553577492266,0.8701125684827999,0.2985781990521327,0.21493979989825335,0.0,0.0,0.0,0.0,0,0
-0.8689475676982459,5.0,50.0,-0.8689475676982459,-0.8689475676982459,0.95,1.2137738006118415,0.4560861314351673,0.8041776862858466,0.31627906976744186,0.21112817887011434,0.0,0.0,0.0,0.0,0,0
-0.8153815823308912,10.0,50.0,-0.8153815823308912,-0.8153815823308912,0.95,1.1279916705019843,0.44553553577492266,0.7445374540788005,0.3333333333333333,0.21154667349901785,0.0,0.0,0.0,0.0,0,0
-0.8056303869074589,15.0,50.0,-0.8056303869074589,-0.8056303869074589,0.95,1.1509894247831607,0.44553553577492266,0.6785221982569015,0.3577981651376147,0.21799778855150123,0.0,0.0,0.0,0.0,0,0
-0.7329203683376497,20.0,50.0,-0.7329203683376497,-0.7329203683376497,0.95,1.0122117270316087,0.43767018788301604,0.6190734611841454,0.3615023474178404,0.22990367402608472,0.0,0.0,0.0,0.0,0,0
-0.6988891137904429,25.0,50.0,-0.6988891137904429,-0.6988891137904429,0.95,0.9731271762296401,0.4207835615652016,0.5529545968143315,0.33796296296296297,0.24901927340951732,0.0,0.0,0.0,0.0,0,0
-0.606965181806479,30.0,50.0,-0.606965181806479,-0.606965181806479,0.95,0.7910365657571352,0.39885140118799794,0.515009588599013,0.3791469194312796,0.26810293237582283,0.0,0.0,0.0,0.0,0,0
-0.6040225543879376,35.0,50.0,-0.6040225543879376,-0.6040225543879376,0.95,0.8064390955109653,0.39772945792772124,0.4910913821619348,0.4075829383886256,0.2892320892320892,0.0,0.0,0.0,0.0,0,0
-0.5874187399511541,40.0,50.0,-0.5874187399511541,-0.5874187399511541,0.95,0.8062317971634789,0.36711012379402364,0.47016405400697064,0.4439252336448598,0.30860790063826116,0.0,0.0,0.0,0.0,0,0
-0.5873769746900894,45.0,50.0,-0.5873769746900894,-0.5873769746900894,0.95,0.8350524147792343,0.34557513960770814,0.477194689898398,0.5233644859813084,0.3268448827753266,0.0,0.0,0.0,0.0,0,0
-0.5270118771140209,50.0,50.0,-0.5270118771140209,-0.5270118771140209,0.95,0.7217192124778752,0.30820418875322547,0.4760784952312154,0.5774647887323944,0.34987355018749455,0.0,0.0,0.0,0.0,0,0
-0.5722129551434686,55.0,50.0,-0.5722129551434686,-0.5722129551434686,0.95,0.8399078059980123,0.2910411194030698,0.4925232339955097,0.5964125560538116,0.37246326102169347,0.0,0.0,0.0,0.0,0,0
-0.5535605454326449,60.0,50.0,-0.5535605454326449,-0.5535605454326449,0.95,0.8103967996902488,0.26523319541042434,0.49601047045212054,0.6090909090909091,0.39154233247991527,0.0,0.0,0.0,0.0,0,0
-0.5482819654202817,65.0,50.0,-0.5482819654202817,-0.5482819654202817,0.95,0.8062569006599475,0.24535387523380767,0.5141265817550398,0.6409090909090909,0.40400340715502553,0.0,0.0,0.0,0.0,0,0
-0.6195183857250222,70.0,50.0,-0.6195183857250222,-0.6195183857250222,0.95,0.968271663826367,0.2535291287969597,0.5330875297587192,0.6444444444444445,0.4240095628415301,0.0,0.0,0.0,0.0,0,0
-0.5935646093849136,75.0,50.0,-0.5935646093849136,-0.5935646093849136,0.95,0.9208434219209835,0.2353082265317477,0.5346916450252426,0.6727272727272727,0.442203724362825,0.0,0.0,0.0,0.0,0,0
-0.5995315564645346,80.0,50.0,-0.5995315564645346,-0.5995315564645346,0.95,0.9439077021811452,0.2237149977915553,0.5368861773040234,0.6818181818181818,0.4499871432244793,0.0,0.0,0.0,0.0,0,0
-0.6367293092022162,85.0,50.0,-0.6367293092022162,-0.6367293092022162,0.95,1.0414119921362592,0.21442248898551644,0.539538727826148,0.6832579185520362,0.4557992119239335,0.0,0.0,0.0,0.0,0,0
-0.6690520902426789,90.0,50.0,-0.6690520902426789,-0.6690520902426789,0.95,1.11307484641145,0.21270998312188494,0.5552243635008245,0.6816143497757847,0.4589717398706163,0.0,0.0,0.0,0.0,0,0
-0.682030067566375,95.0,50.0,-0.682030067566375,-0.682030067566375,0.95,1.163741745608837,0.20711750794179362,0.5346916450252426,0.6891891891891891,0.4591482516298366,0.0,0.0,0.0,0.0,0,0
-0.7156738740634455,100.0,50.0,-0.7156738740634455,-0.7156738740634455,0.95,1.2377380557845388,0.22265033953232466,0.5341037293496032,0.6860986547085202,0.4585783901865233,0.0,0.0,0.0,0.0,0,0
-0.693414354242346,105.0,50.0,-0.693414354242346,-0.693414354242346,0.95,1.2156331498165045,0.19908082874336266,0.5082965801938217,0.6968325791855203,0.4571166360754213,0.0,0.0,0.0,0.0,0,0
-0.7500429311632265,110.0,50.0,-0.7500429311632265,-0.7500429311632265,0.95,1.3627682913271777,0.20224228503225108,0.4883521914343905,0.6771300448430493,0.4513699197086334,0.0,0.0,0.0,0.0,0,0
-0.772051546674605,115.0,50.0,-0.772051546674605,-0.772051546674605,0.95,1.4375007727085827,0.1917996360100162,0.4666275365768936,0.6755555555555556,0.4477427843105008,0.0,0.0,0.0,0.0,0,0
-0.771093752184131,120.0,50.0,-0.771093752184131,-0.771093752184131,0.95,1.4560779037434932,0.1822773482738658,0.4551316351627244,0.7068965517241379,0.4383874653174474,0.0,0.0,0.0,0.0,0,0
-0.7964881845702517,125.0,50.0,-0.7964881845702517,-0.7964881845702517,0.95,1.4953793863138611,0.17931818549848594,0.4915050121578204,0.6936936936936937,0.4296553394139963,0.0,0.0,0.0,0.0,0,0
-0.8511767573968251,130.0,50.0,-0.8511767573968251,-0.8511767573968251,0.95,1.5995654478710295,0.18937389396722493,0.522099847597856,0.6651785714285714,0.4220462363010959,0.0,0.0,0.0,0.0,0,0
-0.883767152151321,135.0,50.0,-0.883767152151321,-0.883767152151321,0.95,1.6454031303739272,0.19854831121053734,0.5624959784516351,0.646551724137931,0.40179203018156096,0.0,0.0,0.0,0.0,0,0
-0.9083618905476952,140.0,50.0,-0.9083618905476952,-0.9083618905476952,0.95,1.6664380990052239,0.20565063270201733,0.6076498172342513,0.6153846153846154,0.37687085326338526,0.0,0.0,0.0,0.0,0,0
-0.956750809950254,145.0,50.0,-0.956750809950254,-0.956750809950254,0.95,1.745123473677489,0.22621569597221836,0.6435675644201515,0.5874439461883408,0.35262601871415633,0.0,0.0,0.0,0.0,0,0
-1.0422881152948316,150.0,50.0,-1.0422881152948316,-1.0422881152948316,0.95,1.8782579230298857,0.2934783273128383,0.6883185998758138,0.5446428571428571,0.3267626430417128,0.0,0.0,0.0,0.0,0,0
-1.07107748214475,155.0,50.0,-1.07107748214475,-1.07107748214475,0.95,1.8730908476890877,0.3496060755934298,0.7386634740585951,0.502262443438914,0.29785853341985724,0.0,0.0,0.0,0.0,0,0
-1.0641359660005905,160.0,50.0,-1.0641359660005905,-1.0641359660005905,0.95,1.8381156695138767,0.3341516518312062,0.7832253227671346,0.5045454545454545,0.2735181779601075,0.0,0.0,0.0,0.0,0,0
-1.1315944193618024,165.0,50.0,-1.1315944193618024,-1.1315944193618024,0.95,1.9463112192341423,0.38365560025061995,0.8268384121362469,0.4955357142857143,0.25081096003865,0.0,0.0,0.0,0.0,0,0
-1.1730422684010198,170.0,50.0,-1.1730422684010198,-1.1730422684010198,0.95,2.0116410153432254,0.3960315873554805,0.8748451950327714,0.49333333333333335,0.22904765105181799,0.0,0.0,0.0,0.0,0,0
-1.1984275085259612,175.0,50.0,-1.1984275085259612,-1.1984275085259612,0.95,2.036130999745125,0.40892549007598666,0.9233713408320543,0.49099099099099097,0.21648283893950812,0.0,0.0,0.0,0.0,0,0
-1.2302942360039821,180.0,50.0,-1.2302942360039821,-1.2302942360039821,0.95,2.0782317969609254,0.4252823792837676,0.9645014673724581,0.48444444444444446,0.19363854138940645,0.0,0.0,0.0,0.0,0,0
-1.2091269505161581,185.0,50.0,-1.2091269505161581,-1.2091269505161581,0.95,2.0316224819384354,0.397208936684114,0.9850665306426591,0.4909090909090909,0.1740958788898234,0.0,0.0,0.0,0.0,0,0
-1.220679931463153,190.0,50.0,-1.220679931463153,-1.220679931463153,0.95,2.0677192684704755,0.36784044140044103,1.005631593912862,0.4977578475336323,0.15959723096286973,0.0,0.0,0.0,0.0,0,0
-1.1195222416171762,195.0,50.0,-1.1195222416171762,-1.1195222416171762,0.95,1.8692591616969982,0.286337549521396,1.005631593912862,0.5117370892018779,0.14803236484001472,0.0,0.0,0.0,0.0,0,0
-1.020177246704631,200.0,50.0,-1.020177246704631,-1.020177246704631,0.95,1.6815418386856478,0.19833594120470394,1.005631593912862,0.5343137254901961,0.1377823039597436,0.0,0.0,0.0,0.0,0,0
-1.0159743114269628,205.0,50.0,-1.0159743114269628,-1.0159743114269628,0.95,1.677742393751715,0.18984118420412,1.0059361740847186,0.5406698564593302,0.13044751640112465,0.0,0.0,0.0,0.0,0,0
-1.0199425942520841,210.0,50.0,-1.0199425942520841,-1.0199425942520841,0.95,1.6860458961842697,0.18984118420412,1.0083695029852138,0.5402843601895735,0.122608445848894,0.0,0.0,0.0,0.0,0,0
-1.0270122542635094,215.0,50.0,-1.0270122542635094,-1.0270122542635094,0.95,1.6798041143993119,0.22163656090477984,1.0132186267335472,0.5362318840579711,0.11749391589790027,0.0,0.0,0.0,0.0,0,0
-1.0212829623797055,220.0,50.0,-1.0212829623797055,-1.0212829623797055,0.95,1.6523316540652009,0.23730241506129623,1.0165389793407635,0.5311004784688995,0.11380795257535932,0.0,0.0,0.0,0.0,0,0
-0.9979644524392215,225.0,50.0,-0.9979644524392215,-0.9979644524392215,0.95,1.615074245290061,0.19942570059399897,1.0264951348806075,0.5454545454545454,0.11037160288408208,0.0,0.0,0.0,0.0,0,0
-0.8196461104036452,230.0,50.0,-0.8196461104036452,-0.8196461104036452,0.95,1.205816592858302,0.161978738060188,1.0264951348806075,0.5979899497487438,0.1087926003413533,0.0,0.0,0.0,0.0,0,0
-0.8369536811529281,235.0,50.0,-0.8369536811529281,-0.8369536811529281,0.95,1.2400826075139484,0.17471615029675103,1.0273900476128408,0.5960591133004927,0.10736229975861313,0.0,0.0,0.0,0.0,0,0
-0.8447335731603272,240.0,50.0,-0.8447335731603272,-0.8447335731603272,0.95,1.2518199234794352,0.18508556943181453,1.0273900476128408,0.5911330049261084,0.10685186197845464,0.0,0.0,0.0,0.0,0,0
-0.8215419624543443,245.0,50.0,-0.8215419624543443,-0.8215419624543443,0.95,1.2039231577539589,0.17180697848687143,1.028879838824669,0.6019900497512438,0.10364602514862946,0.0,0.0,0.0,0.0,0,0
-0.8238823748033336,250.0,50.0,-0.8238823748033336,-0.8238823748033336,0.95,1.2037278042493038,0.1799008598642892,1.028879838824669,0.5980392156862745,0.10479658065537438,0.0,0.0,0.0,0.0,0,0
-0.8332873458058003,255.0,50.0,-0.8332873458058003,-0.8332873458058003,0.95,1.2296695647958449,0.17471615029676385,1.0309619292530852,0.6,0.10641891891891891,0.0,0.0,0.0,0.0,0,0
-0.8202683767035504,260.0,50.0,-0.8202683767035504,-0.8202683767035504,0.95,1.20195739788916,0.17054409737410345,1.0309619292530852,0.6089108910891089,0.10796178343949045,0.0,0.0,0.0,0.0,0,0
-0.8205237963077208,265.0,50.0,-0.8205237963077208,-0.8205237963077208,0.95,1.2006305915549624,0.1732615643918187,1.0309619292530852,0.6078431372549019,0.10988658249518511,0.0,0.0,0.0,0.0,0,0
-0.818931976724914,270.0,50.0,-0.818931976724914,-0.818931976724914,0.95,1.1873002551342227,0.18508556943181453,1.0309619292530852,0.6,0.11135701176724604,0.0,0.0,0.0,0.0,0,0
-0.8199556657476048,275.0,50.0,-0.8199556657476048,-0.8199556657476048,0.95,1.1873002551342227,0.19308276454696807,1.0309619292530852,0.6097560975609756,0.11313153310104529,0.0,0.0,0.0,0.0,0,0
-0.8278580734394457,280.0,50.0,-0.8278580734394457,-0.8278580734394457,0.95,1.1868090887814369,0.22312171617420498,1.0309619292530852,0.6038647342995169,0.11516251443656163,0.0,0.0,0.0,0.0,0,0
-0.8274530360959456,285.0,50.0,-0.8274530360959456,-0.8274530360959456,0.95,1.179211572648184,0.2348301454955442,1.0309619292530852,0.6067961165048543,0.11806408395668193,0.0,0.0,0.0,0.0,0,0
-0.8300413798828606,290.0,50.0,-0.8300413798828606,-0.8300413798828606,0.95,1.1786114990934653,0.2461436383307545,1.0309619292530852,0.6067961165048543,0.12139812446717818,0.0,0.0,0.0,0.0,0,0
-0.8346324492785532,295.0,50.0,-0.8346324492785532,-0.8346324492785532,0.95,1.1760711959806818,0.2666306533211628,1.0309619292530852,0.6019417475728155,0.12528158031536996,0.0,0.0,0.0,0.0,0,0
-0.8407467720628994,300.0,50.0,-0.8407467720628994,-0.8407467720628994,0.95,1.1778753514037028,0.2807579300859215,1.0309619292530852,0.5833333333333334,0.12844036697247707,0.0,0.0,0.0,0.0,0,0
-0.8316380945696271,305.0,50.0,-0.8316380945696271,-0.8316380945696271,0.95,1.1444689467775175,0.2910411194030698,1.0309619292530852,0.5665024630541872,0.13393877428279305,0.0,0.0,0.0,0.0,0,0
-0.8468709252900296,310.0,50.0,-0.8468709252900296,-0.8468709252900296,0.95,1.166082928320319,0.3143184983592289,1.0309619292530852,0.5588235294117647,0.13934880285591186,0.0,0.0,0.0,0.0,0,0
-0.857063664483871,315.0,50.0,-0.857063664483871,-0.857063664483871,0.95,1.1658745225548897,0.34652763893603833,1.0309619292530852,0.5365853658536586,0.14521118757497317,0.0,0.0,0.0,0.0,0,0
-0.8715915694559389,320.0,50.0,-0.8715915694559389,-0.8715915694559389,0.95,1.166291334085748,0.3712796131457594,1.0204491015693709,0.42857142857142855,0.15276967930029153,0.0,0.0,0.0,0.0,0,0
-0.8823147855270757,325.0,50.0,-0.8823147855270757,-0.8823147855270757,0.95,1.1657951716995298,0.3920526173048324,1.0204491015693709,0.3712871287128713,0.16073940124573036,0.0,0.0,0.0,0.0,0,0
-0.8774616554375475,330.0,50.0,-0.8774616554375475,-0.8774616554375475,0.95,1.1466474251417214,0.4044845700644461,1.0165389793407635,0.3645320197044335,0.16952078442204116,0.0,0.0,0.0,0.0,0,0
-0.8760352938779474,335.0,50.0,-0.8760352938779474,-0.8760352938779474,0.95,1.131336867008151,0.4207835615652016,1.0132186267335472,0.35,0.17967021200656721,0.0,0.0,0.0,0.0,0,0
-0.8773630762684658,340.0,50.0,-0.8773630762684658,-0.8773630762684658,0.95,1.1295485776426015,0.423609419458688,1.0132186267335472,0.33663366336633666,0.18699726957420115,0.0,0.0,0.0,0.0,0,0
-0.8878468541583807,345.0,50.0,-0.8878468541583807,-0.8878468541583807,0.95,1.1484486672750829,0.42874882497846456,1.0104938583432836,0.31343283582089554,0.19536121673003803,0.0,0.0,0.0,0.0,0,0
-0.8864806442116315,350.0,50.0,-0.8864806442116315,-0.8864806442116315,0.95,1.145746804075041,0.4420187607395817,0.9961991256653103,0.3137254901960784,0.21055243135957658,0.0,0.0,0.0,0.0,0,0
-0.8807544780953379,355.0,50.0,-0.8807544780953379,-0.8807544780953379,0.95,1.1642611655662238,0.44553553577492266,0.935238674379897,0.3014354066985646,0.21478546741970833,0.0,0.0,0.0,0.0,0,0
-0.8537296682131048,0.0,55.0,-0.8537296682131048,-0.8537296682131048,0.95,1.2264035344846747,0.3763706252929834,0.8469185061280323,0.4265402843601896,0.2181450934186164,0.0,0.0,0.0,0.0,0,0
-0.8489056208655419,5.0,55.0,-0.8489056208655419,-0.8489056208655419,0.95,1.2401226648361667,0.383599272020006,0.7984430614483706,0.4265402843601896,0.21461765948457964,0.0,0.0,0.0,0.0,0,0
-0.7916807904247828,10.0,55.0,-0.7916807904247828,-0.7916807904247828,0.95,1.1478987112018455,0.3732594844352163,0.7420109245261471,0.46296296296296297,0.21600338696020321,0.0,0.0,0.0,0.0,0,0
-0.7812306814548937,15.0,55.0,-0.7812306814548937,-0.7812306814548937,0.95,1.155062830274621,0.3712796131457594,0.6887201543278791,0.45794392523364486,0.22123142250530786,0.0,0.0,0.0,0.0,0,0
-0.7406995341016765,20.0,55.0,-0.7406995341016765,-0.7406995341016765,0.95,1.089938906535043,0.3712796131457594,0.6392441797816217,0.4790697674418605,0.23173011556764106,0.0,0.0,0.0,0.0,0,0
-0.7179161167870255,25.0,55.0,-0.7179161167870255,-0.7179161167870255,0.95,1.087063473654573,0.3475652653404191,0.5885013476640694,0.5092592592592593,0.24566498676005807,0.0,0.0,0.0,0.0,0,0
-0.6401069334459684,30.0,55.0,-0.6401069334459684,-0.6401069334459684,0.95,0.924890825724403,0.348960014694857,0.5345132113271007,0.507177033492823,0.26163586584531145,0.0,0.0,0.0,0.0,0,0
-0.6154427536345168,35.0,55.0,-0.6154427536345168,-0.6154427536345168,0.95,0.9003977612461113,0.3458799854957181,0.48280178085989156,0.5188679245283019,0.27994847574066123,0.0,0.0,0.0,0.0,0,0
-0.5935541002021206,40.0,55.0,-0.5935541002021206,-0.5935541002021206,0.95,0.88044619864751,0.3348459696773222,0.43820368310646507,0.5188679245283019,0.2978576364892882,0.0,0.0,0.0,0.0,0,0
-0.6032866095716746,45.0,55.0,-0.6032866095716746,-0.6032866095716746,0.95,0.9046901828794948,0.3517873684089131,0.4119856183920888,0.4953271028037383,0.31683168316831684,0.0,0.0,0.0,0.0,0,0
-0.6014588562273221,50.0,55.0,-0.6014588562273221,-0.6014588562273221,0.95,0.9170221581789957,0.3496060755934298,0.3926975999331694,0.5092592592592593,0.3337982739081161,0.0,0.0,0.0,0.0,0,0
-0.5918388882586174,55.0,55.0,-0.5918388882586174,-0.5918388882586174,0.95,0.9277751405528986,0.3194606132197986,0.3914920981076035,0.5700934579439252,0.3527451324329065,0.0,0.0,0.0,0.0,0,0
-0.5761683988546525,60.0,55.0,-0.5761683988546525,-0.5761683988546525,0.95,0.9125919473159435,0.28509007778491635,0.41197096414016604,0.631336405529954,0.3727841961372255,0.0,0.0,0.0,0.0,0,0
-0.5647142602767053,65.0,55.0,-0.5647142602767053,-0.5647142602767053,0.95,0.9043572030243452,0.26336593006914266,0.41457463207028594,0.6651376146788991,0.39103815439219164,0.0,0.0,0.0,0.0,0,0
-0.6097035597231055,70.0,55.0,-0.6097035597231055,-0.6097035597231055,0.95,1.0143876352065486,0.250594360554377,0.4318663286742339,0.6666666666666666,0.4090259159964254,0.0,0.0,0.0,0.0,0,0
-0.6158418495732929,75.0,55.0,-0.6158418495732929,-0.6158418495732929,0.95,1.0409467652154563,0.23530822653175706,0.43708980196213887,0.6863636363636364,0.4252131000448632,0.0,0.0,0.0,0.0,0,0
-0.5992206009943775,80.0,55.0,-0.5992206009943775,-0.5992206009943775,0.95,1.01363611910341,0.22265033953234045,0.4318663286742339,0.6986301369863014,0.4358605821056414,0.0,0.0,0.0,0.0,0,0
-0.6760181625955989,85.0,55.0,-0.6760181625955989,-0.6760181625955989,0.95,1.2021044643348966,0.21442248898551608,0.4377115898896166,0.6785714285714286,0.4308866403704339,0.0,0.0,0.0,0.0,0,0
-0.6546949583554734,90.0,55.0,-0.6546949583554734,-0.6546949583554734,0.95,1.153536175823439,0.2058725397658487,0.44598244401275033,0.6968325791855203,0.4358601828903513,0.0,0.0,0.0,0.0,0,0
-0.7106692871920195,95.0,55.0,-0.7106692871920195,-0.7106692871920195,0.95,1.29854114212886,0.2058725397658473,0.43469433715161004,0.6888888888888889,0.43602378929481733,0.0,0.0,0.0,0.0,0,0
-0.6701719514119179,100.0,55.0,-0.6701719514119179,-0.6701719514119179,0.95,1.2043723500130117,0.2058725397658487,0.43250419054568867,0.7117117117117117,0.4338123415046492,0.0,0.0,0.0,0.0,0,0
-0.7149792098470554,105.0,55.0,-0.7149792098470554,-0.7149792098470554,0.95,1.3034283399144142,0.20683069820530955,0.451763693247451,0.7104072398190046,0.433860652978795,0.0,0.0,0.0,0.0,0,0
-0.7255567691027504,110.0,55.0,-0.7255567691027504,-0.7255567691027504,0.95,1.306830821363462,0.20565063270201733,0.49342993495730864,0.7194570135746606,0.4291200534312907,0.0,0.0,0.0,0.0,0,0
-0.7584855295668053,115.0,55.0,-0.7584855295668053,-0.7584855295668053,0.95,1.3616323324008623,0.22265033953232466,0.512132101688037,0.6986301369863014,0.42236744147572175,0.0,0.0,0.0,0.0,0,0
-0.7829323400301633,120.0,55.0,-0.7829323400301633,-0.7829323400301633,0.95,1.4128728593109061,0.2086536138652103,0.5333882622670847,0.6772727272727272,0.4152277585923368,0.0,0.0,0.0,0.0,0,0
-0.836533689199941,125.0,55.0,-0.836533689199941,-0.836533689199941,0.95,1.5180292839896368,0.2129737421465279,0.5624959784516351,0.6454545454545455,0.40372771474878444,0.0,0.0,0.0,0.0,0,0
-0.8494981793048788,130.0,55.0,-0.8494981793048788,-0.8494981793048788,0.95,1.5235502600890143,0.22163656090479888,0.5943835027293712,0.639269406392694,0.38926712054465357,0.0,0.0,0.0,0.0,0,0
-0.8944902117585523,135.0,55.0,-0.8944902117585523,-0.8944902117585523,0.95,1.6039133189272605,0.22573946063849493,0.6277782579302789,0.6045454545454545,0.3712871287128713,0.0,0.0,0.0,0.0,0,0
-0.9291751838569591,140.0,55.0,-0.9291751838569591,-0.9291751838569591,0.95,1.660619821384473,0.23892958813072787,0.6560735507290106,0.5882352941176471,0.3521813118811881,0.0,0.0,0.0,0.0,0,0
-0.9469698802654679,145.0,55.0,-0.9469698802654679,-0.9469698802654679,0.95,1.6736661310479588,0.23747047742083724,0.6972007682108753,0.5616438356164384,0.32895735316436486,0.0,0.0,0.0,0.0,0,0
-0.9764400595662502,150.0,55.0,-0.9764400595662502,-0.9764400595662502,0.95,1.7278992335452594,0.22653292413861528,0.7334226211714596,0.547085201793722,0.30597014925373134,0.0,0.0,0.0,0.0,0,0
-1.0505002805689425,155.0,55.0,-1.0505002805689425,-1.0505002805689425,0.95,1.8333810808887556,0.3093996776214851,0.7627631438037044,0.5089285714285714,0.2950455624473543,0.0,0.0,0.0,0.0,0,0
-1.0209563039877434,160.0,55.0,-1.0209563039877434,-1.0209563039877434,0.95,1.7601865472853724,0.2722717163069035,0.8017066368906997,0.5161290322580645,0.2756212928898566,0.0,0.0,0.0,0.0,0,0
-1.0958036802804048,165.0,55.0,-1.0958036802804048,-1.0958036802804048,0.95,1.8717799862894278,0.34652763893606675,0.8427523461315997,0.502283105022831,0.257199675922516,0.0,0.0,0.0,0.0,0,0
-1.1252483335806194,170.0,55.0,-1.1252483335806194,-1.1252483335806194,0.95,1.9289792571446962,0.3341516518312062,0.8822766728615592,0.5045045045045045,0.23788989506971395,0.0,0.0,0.0,0.0,0,0
-1.0926288466600662,175.0,55.0,-1.0926288466600662,-1.0926288466600662,0.95,1.8545047326943322,0.2853910189518247,0.9233713408320543,0.5136363636363637,0.21928591509699186,0.0,0.0,0.0,0.0,0,0
-1.1250328854586489,180.0,55.0,-1.1250328854586489,-1.1250328854586489,0.95,1.8968947649201964,0.3033634275483486,0.9645014673724581,0.5069124423963134,0.20009587071149765,0.0,0.0,0.0,0.0,0,0
-1.1649272045770838,185.0,55.0,-1.1649272045770838,-1.1649272045770838,0.95,1.9768992008957147,0.3143184983592289,0.9850665306426591,0.5067873303167421,0.18331437746705023,0.0,0.0,0.0,0.0,0,0
-1.0995155150381053,190.0,55.0,-1.0995155150381053,-1.0995155150381053,0.95,1.8339771550098207,0.26561418803516734,1.005631593912862,0.5188679245283019,0.16999019287348807,0.0,0.0,0.0,0.0,0,0
-1.0727524165785336,195.0,55.0,-1.0727524165785336,-1.0727524165785336,0.95,1.7948750150646133,0.22301201056204206,1.005631593912862,0.5235849056603774,0.15938319790133726,0.0,0.0,0.0,0.0,0,0
-1.0113859846662336,200.0,55.0,-1.0113859846662336,-1.0113859846662336,0.95,1.6707297863026018,0.18227866725043387,1.005631593912862,0.5388349514563107,0.15171288743882544,0.0,0.0,0.0,0.0,0,0
-1.0016777891151438,205.0,55.0,-1.0016777891151438,-1.0016777891151438,0.95,1.657455234179121,0.16645888016881188,1.005631593912862,0.5432692307692307,0.14305914176810525,0.0,0.0,0.0,0.0,0,0
-0.993469223097365,210.0,55.0,-0.993469223097365,-0.993469223097365,0.95,1.6361942848469206,0.16834744417847514,1.006849361686681,0.5480769230769231,0.13776621490803484,0.0,0.0,0.0,0.0,0,0
-1.003328367154344,215.0,55.0,-1.003328367154344,-1.003328367154344,0.95,1.6447049388756185,0.18984118420412,1.0083695029852138,0.5410628019323671,0.1320844767927455,0.0,0.0,0.0,0.0,0,0
-0.9737706336135159,220.0,55.0,-0.9737706336135159,-0.9737706336135159,0.95,1.576156127525178,0.18050190855828033,1.0132186267335472,0.551219512195122,0.12848534971644612,0.0,0.0,0.0,0.0,0,0
-1.0002091322033575,225.0,55.0,-1.0002091322033575,-1.0002091322033575,0.95,1.625013283648931,0.2058725397658316,1.0165389793407635,0.5539906103286385,0.1248755927638897,0.0,0.0,0.0,0.0,0,0
-0.992414961609675,230.0,55.0,-0.992414961609675,-0.992414961609675,0.95,1.5986949245518907,0.21576973547846245,1.0165389793407635,0.5514018691588785,0.1237005633312039,0.0,0.0,0.0,0.0,0,0
-0.9531730599825168,235.0,55.0,-0.9531730599825168,-0.9531730599825168,0.95,1.5135442353540136,0.1920144801418054,1.0264951348806075,0.5687203791469194,0.1220415485214976,0.0,0.0,0.0,0.0,0,0
-0.8058712824749885,240.0,55.0,-0.8058712824749885,-0.8058712824749885,0.95,1.1870752519283032,0.14401086010635047,1.0273900476128408,0.6180904522613065,0.12079722703639514,0.0,0.0,0.0,0.0,0,0
-0.8077021611722689,245.0,55.0,-0.8077021611722689,-0.8077021611722689,0.95,1.1891398858574258,0.14401086010636321,1.0273900476128408,0.6080402010050251,0.12212194839754714,0.0,0.0,0.0,0.0,0,0
-0.8075418234840849,250.0,55.0,-0.8075418234840849,-0.8075418234840849,0.95,1.1874973000911444,0.14606789436882445,1.028879838824669,0.6119402985074627,0.12391178177597215,0.0,0.0,0.0,0.0,0,0
-0.8075418234840842,255.0,55.0,-0.8075418234840842,-0.8075418234840842,0.95,1.1874973000911444,0.14606789436882225,1.028879838824669,0.6119402985074627,0.12508743296805783,0.0,0.0,0.0,0.0,0,0
-0.8111533011583827,260.0,55.0,-0.8111533011583827,-0.8111533011583827,0.95,1.187448038851914,0.16136105810124476,1.028879838824669,0.6138613861386139,0.12671773580492368,0.0,0.0,0.0,0.0,0,0
-0.8072045955505553,265.0,55.0,-0.8072045955505553,-0.8072045955505553,0.95,1.1864466346608151,0.14914868039549542,1.028879838824669,0.6188118811881188,0.12368152432800272,0.0,0.0,0.0,0.0,0,0
-0.808423254505308,270.0,55.0,-0.808423254505308,-0.808423254505308,0.95,1.1864466346608151,0.1540233162145061,1.028879838824669,0.6188118811881188,0.1247713763145862,0.0,0.0,0.0,0.0,0,0
-0.8080096373494824,275.0,55.0,-0.8080096373494824,-0.8080096373494824,0.95,1.1805815845382344,0.1609023037891418,1.0309619292530852,0.6218905472636815,0.12642290444981027,0.0,0.0,0.0,0.0,0,0
-0.8129426803640842,280.0,55.0,-0.8129426803640842,-0.8129426803640842,0.95,1.1805815845382344,0.18063447584754952,1.0309619292530852,0.6218905472636815,0.1284137129575828,0.0,0.0,0.0,0.0,0,0
-0.8159558203088518,285.0,55.0,-0.8159558203088518,-0.8159558203088518,0.95,1.1778753514037028,0.19728039757953486,1.0309619292530852,0.6225490196078431,0.13087189135163738,0.0,0.0,0.0,0.0,0,0
-0.8185409570242461,290.0,55.0,-0.8185409570242461,-0.8185409570242461,0.95,1.1787774291152129,0.20740431767827772,1.0309619292530852,0.625615763546798,0.1341194687630278,0.0,0.0,0.0,0.0,0,0
-0.8225660813108764,295.0,55.0,-0.8225660813108764,-0.8225660813108764,0.95,1.1778753514037028,0.2256822259013585,1.0309619292530852,0.6274509803921569,0.13681531749878817,0.0,0.0,0.0,0.0,0,0
-0.8250183871052262,300.0,55.0,-0.8250183871052262,-0.8250183871052262,0.95,1.1787774291152129,0.23331403800219822,1.0309619292530852,0.625615763546798,0.13982452911221546,0.0,0.0,0.0,0.0,0,0
-0.8207336030028962,305.0,55.0,-0.8207336030028962,-0.8207336030028962,0.95,1.166082928320319,0.24114175823030348,1.0309619292530852,0.6372549019607843,0.14526434477574543,0.0,0.0,0.0,0.0,0,0
-0.8286801691035763,310.0,55.0,-0.8286801691035763,-0.8286801691035763,0.95,1.1833537507145677,0.2550927658198528,1.0204491015693709,0.6354679802955665,0.15064287085012473,0.0,0.0,0.0,0.0,0,0
-0.8326517340860434,315.0,55.0,-0.8326517340860434,-0.8326517340860434,0.95,1.1815042390370165,0.27536080841313715,1.0204491015693709,0.6390243902439025,0.1555279177849054,0.0,0.0,0.0,0.0,0,0
-0.8235735355782982,320.0,55.0,-0.8235735355782982,-0.8235735355782982,0.95,1.1484486672750829,0.2970236905166246,1.0204491015693709,0.6517412935323383,0.16310627435173988,0.0,0.0,0.0,0.0,0,0
-0.8200171909401095,325.0,55.0,-0.8200171909401095,-0.8200171909401095,0.95,1.1302755055838982,0.32177566472631725,1.0132186267335472,0.6584158415841584,0.17049067035245336,0.0,0.0,0.0,0.0,0,0
-0.8223250274197825,330.0,55.0,-0.8223250274197825,-0.8223250274197825,0.95,1.1304362459414707,0.33007005660340927,1.0132186267335472,0.6567164179104478,0.18753254481886483,0.0,0.0,0.0,0.0,0,0
-0.8303872559127684,335.0,55.0,-0.8303872559127684,-0.8303872559127684,0.95,1.131336867008151,0.3429161780947486,1.0104938583432836,0.605,0.1952581261950287,0.0,0.0,0.0,0.0,0,0
-0.8443724091067641,340.0,55.0,-0.8443724091067641,-0.8443724091067641,0.95,1.1484486672750829,0.34652763893603833,1.0083695029852138,0.5373134328358209,0.20475104224022653,0.0,0.0,0.0,0.0,0,0
-0.8570812661196731,345.0,55.0,-0.8570812661196731,-0.8570812661196731,0.95,1.1657951716995298,0.3522430320331591,1.006849361686681,0.4900990099009901,0.20697711891717693,0.0,0.0,0.0,0.0,0,0
-0.8929839716298481,350.0,55.0,-0.8929839716298481,-0.8929839716298481,0.95,1.2720672869339864,0.3712796131457594,0.9520152809459216,0.4666666666666667,0.21167763157894737,0.0,0.0,0.0,0.0,0,0
-0.8849443670799318,355.0,55.0,-0.8849443670799318,-0.8849443670799318,0.95,1.2773592984247835,0.3712796131457594,0.9058550531660124,0.4528301886792453,0.2159138348501294,0.0,0.0,0.0,0.0,0,0
-0.8336671029436078,0.0,60.0,-0.8336671029436078,-0.8336671029436078,0.95,1.266220016602409,0.3216337334782878,0.8411110877512467,0.6350710900473934,0.22251943492435008,0.0,0.0,0.0,0.0,0,0
-0.8205442616891091,5.0,60.0,-0.8205442616891091,-0.8205442616891091,0.95,1.2602153696471174,0.32177566472631725,0.7999809612108446,0.6398104265402843,0.22069835927639883,0.0,0.0,0.0,0.0,0,0
-0.8060153245717105,10.0,60.0,-0.8060153245717105,-0.8060153245717105,0.95,1.2484145218181508,0.32177566472631725,0.7588508346704409,0.6350710900473934,0.22340246164221886,0.0,0.0,0.0,0.0,0,0
-0.7917182767544813,15.0,60.0,-0.7917182767544813,-0.7917182767544813,0.95,1.2456486337630748,0.32177566472631725,0.7027508725103194,0.6267281105990783,0.224837593858095,0.0,0.0,0.0,0.0,0,0
-0.7269616347665651,20.0,60.0,-0.7269616347665651,-0.7269616347665651,0.95,1.125048436163653,0.2970236905166246,0.6598019544613757,0.6226415094339622,0.23300559416850314,0.0,0.0,0.0,0.0,0,0
-0.735429201915276,25.0,60.0,-0.735429201915276,-0.735429201915276,0.95,1.168555393929462,0.30063897892660524,0.6173985881187213,0.6150234741784038,0.24540816326530612,0.0,0.0,0.0,0.0,0,0
-0.6976733333465941,30.0,60.0,-0.6976733333465941,-0.6976733333465941,0.95,1.1007958703052148,0.3033634275483486,0.5758217715656464,0.6244131455399061,0.25669909540877284,0.0,0.0,0.0,0.0,0,0
-0.6306807667829196,35.0,60.0,-0.6306807667829196,-0.6306807667829196,0.95,0.957849756074379,0.2973792313402065,0.5543226876109271,0.6538461538461539,0.27094229615021864,0.0,0.0,0.0,0.0,0,0
-0.6242481913219042,40.0,60.0,-0.6242481913219042,-0.6242481913219042,0.95,0.9762071735081714,0.2863375495213969,0.5141265817550416,0.6635071090047393,0.2893146901432764,0.0,0.0,0.0,0.0,0,0
-0.6419104502710601,45.0,60.0,-0.6419104502710601,-0.6419104502710601,0.95,1.0303819753302659,0.2921357887376428,0.49356151848483876,0.6666666666666666,0.30434782608695654,0.0,0.0,0.0,0.0,0,0
-0.6003596257518397,50.0,60.0,-0.6003596257518397,-0.6003596257518397,0.95,0.9489632937027114,0.2973325078052485,0.4524313919444385,0.6666666666666666,0.3186086956521739,0.0,0.0,0.0,0.0,0,0
-0.633535694735903,55.0,60.0,-0.633535694735903,-0.633535694735903,0.95,1.042557384626943,0.30169273388592427,0.4225400478363974,0.6454545454545455,0.33420684835779174,0.0,0.0,0.0,0.0,0,0
-0.6320212492070867,60.0,60.0,-0.6320212492070867,-0.6320212492070867,0.95,1.040812374591593,0.2972087139966276,0.4111578788340076,0.6139534883720931,0.3473988946398807,0.0,0.0,0.0,0.0,0,0
-0.6387522020034658,65.0,60.0,-0.6387522020034658,-0.6387522020034658,0.95,1.0757053106398486,0.2769340631941751,0.3907362021338301,0.5844748858447488,0.362523125715796,0.0,0.0,0.0,0.0,0,0
-0.6018249233090389,70.0,60.0,-0.6018249233090389,-0.6018249233090389,0.95,1.003487346957206,0.2652331954104248,0.3802076729267594,0.6093023255813953,0.3772518544683857,0.0,0.0,0.0,0.0,0,0
-0.6288058120971344,75.0,60.0,-0.6288058120971344,-0.6288058120971344,0.95,1.0873498020864463,0.25352912879697914,0.3794686828285867,0.6438356164383562,0.38959312117720063,0.0,0.0,0.0,0.0,0,0
-0.6386224096106898,80.0,60.0,-0.6386224096106898,-0.6386224096106898,0.95,1.1105158076383688,0.24751974209718242,0.3949847867725887,0.6621004566210046,0.40021297364451147,0.0,0.0,0.0,0.0,0,0
-0.655988211025575,85.0,60.0,-0.655988211025575,-0.655988211025575,0.95,1.158152964212396,0.23730241506131403,0.4075782890408784,0.684931506849315,0.40797300896741545,0.0,0.0,0.0,0.0,0,0
-0.6649607963729108,90.0,60.0,-0.6649607963729108,-0.6649607963729108,0.95,1.1796382717026566,0.22276776788746133,0.4320071240564021,0.7058823529411765,0.4127433628318584,0.0,0.0,0.0,0.0,0,0
-0.6949625236565444,95.0,60.0,-0.6949625236565444,-0.6949625236565444,0.95,1.229885220345771,0.22824273562853914,0.46872251329371967,0.7123287671232876,0.41550414974395194,0.0,0.0,0.0,0.0,0,0
-0.7239913494570782,100.0,60.0,-0.7239913494570782,-0.7239913494570782,0.95,1.275463829099292,0.23809133362998033,0.5049147430693295,0.7194570135746606,0.41719353705655077,0.0,0.0,0.0,0.0,0,0
-0.7642142000500799,105.0,60.0,-0.7642142000500799,-0.7642142000500799,0.95,1.3495966835843058,0.257710467730308,0.5214059885109065,0.7040358744394619,0.4131118881118881,0.0,0.0,0.0,0.0,0,0
-0.7572843994035581,110.0,60.0,-0.7572843994035581,-0.7572843994035581,0.95,1.3093227783426467,0.26590093412533194,0.552191185882601,0.7096774193548387,0.4090357266736039,0.0,0.0,0.0,0.0,0,0
-0.8390132760569479,115.0,60.0,-0.8390132760569479,-0.8390132760569479,0.95,1.4763682369723683,0.26719506568978874,0.5843265170398714,0.6441441441441441,0.4016887816646562,0.0,0.0,0.0,0.0,0,0
-0.8284368905759942,120.0,60.0,-0.8284368905759942,-0.8284368905759942,0.95,1.43827700266176,0.2471502506698009,0.6148953917790301,0.6238532110091743,0.3913748932536294,0.0,0.0,0.0,0.0,0,0
-0.8687940491527746,125.0,60.0,-0.8687940491527746,-0.8687940491527746,0.95,1.532071354684308,0.2348301454955442,0.6354604550492329,0.6160714285714286,0.37961246840775065,0.0,0.0,0.0,0.0,0,0
-0.8573691290460925,130.0,60.0,-0.8573691290460925,-0.8573691290460925,0.95,1.4957522648190034,0.2231217161741779,0.6560735507290106,0.6073059360730594,0.36602014484308665,0.0,0.0,0.0,0.0,0,0
-0.9031218706044537,135.0,60.0,-0.9031218706044537,-0.9031218706044537,0.95,1.5999250226418922,0.20565063270201556,0.6786310216335679,0.579185520361991,0.35281065088757396,0.0,0.0,0.0,0.0,0,0
-0.8953749708599374,140.0,60.0,-0.8953749708599374,-0.8953749708599374,0.95,1.5621623540513947,0.18450289506601172,0.7177207081300387,0.5504587155963303,0.33643047588268565,0.0,0.0,0.0,0.0,0,0
-0.9418845160286144,145.0,60.0,-0.9418845160286144,-0.9418845160286144,0.95,1.6654676319281077,0.17807874226273082,0.738285771400238,0.5339366515837104,0.3159484814755923,0.0,0.0,0.0,0.0,0,0
-0.9564144341640262,150.0,60.0,-0.9564144341640262,-0.9564144341640262,0.95,1.6742775113643873,0.19801579367774025,0.7606700709140659,0.5296803652968036,0.29747478695958096,0.0,0.0,0.0,0.0,0,0
-1.0158215443591292,155.0,60.0,-1.0158215443591292,-1.0158215443591292,0.95,1.756676383935223,0.25989572920204296,0.7999809612108446,0.5181818181818182,0.2807665666127915,0.0,0.0,0.0,0.0,0,0
-1.0428779757875561,160.0,60.0,-1.0428779757875561,-1.0428779757875561,0.95,1.7938064442607555,0.28464770341176404,0.8222284343757972,0.5136363636363637,0.2658371898945452,0.0,0.0,0.0,0.0,0,0
-1.0602441219987713,165.0,60.0,-1.0602441219987713,-1.0602441219987713,0.95,1.8291323843617497,0.25989572920204296,0.8616761510214495,0.5180180180180181,0.25173003943745814,0.0,0.0,0.0,0.0,0,0
-1.041563930537192,170.0,60.0,-1.041563930537192,-1.041563930537192,0.95,1.7826719333729124,0.23514375499232187,0.8880961330190457,0.5231481481481481,0.23834994138335286,0.0,0.0,0.0,0.0,0,0
-1.061618487680734,175.0,60.0,-1.061618487680734,-1.061618487680734,0.95,1.8183957963748734,0.22371499779154105,0.9233713408320543,0.5251141552511416,0.22263717322608445,0.0,0.0,0.0,0.0,0,0
-1.0821519392277288,180.0,60.0,-1.0821519392277288,-1.0821519392277288,0.95,1.8302442145334263,0.24312295369238257,0.9645014673724581,0.5185185185185185,0.20761221331082033,0.0,0.0,0.0,0.0,0,0
-1.071758367524465,185.0,60.0,-1.071758367524465,-1.071758367524465,0.95,1.8187293675428498,0.20311106249775276,0.9850665306426591,0.5277777777777778,0.1938240970499035,0.0,0.0,0.0,0.0,0,0
-1.083827767239743,190.0,60.0,-1.083827767239743,-1.083827767239743,0.95,1.8292825756842093,0.23331403800219916,0.9853774680015724,0.5255813953488372,0.18047757559358724,0.0,0.0,0.0,0.0,0,0
-1.0343718944048266,195.0,60.0,-1.0343718944048266,-1.0343718944048266,0.95,1.7206195178988581,0.19308276454694479,1.005631593912862,0.5355450236966824,0.17269583721239526,0.0,0.0,0.0,0.0,0,0
-0.9591135045866248,200.0,60.0,-0.9591135045866248,-0.9591135045866248,0.95,1.5779234938126658,0.1268344895057858,1.005631593912862,0.5517241379310345,0.16307611959785873,0.0,0.0,0.0,0.0,0,0
-0.9983462014660572,205.0,60.0,-0.9983462014660572,-0.9983462014660572,0.95,1.649231287461184,0.16645888016881188,1.005631593912862,0.5436893203883495,0.15745501285347044,0.0,0.0,0.0,0.0,0,0
-0.9635805930998067,210.0,60.0,-0.9635805930998067,-0.9635805930998067,0.95,1.586362084883714,0.13295046706266597,1.005631593912862,0.5560975609756098,0.15057988465682237,0.0,0.0,0.0,0.0,0,0
-0.9719955442882787,215.0,60.0,-0.9719955442882787,-0.9719955442882787,0.95,1.5950242242927837,0.1522294664221648,1.0059361740847186,0.5555555555555556,0.14702377218842125,0.0,0.0,0.0,0.0,0,0
-0.9999778391607508,220.0,60.0,-0.9999778391607508,-0.9999778391607508,0.95,1.6479395828639145,0.17471615029676385,1.006849361686681,0.5458937198067633,0.14304291287386217,0.0,0.0,0.0,0.0,0,0
-0.9651148955666208,225.0,60.0,-0.9651148955666208,-0.9651148955666208,0.95,1.5688485809015102,0.16834744417847514,1.0083695029852138,0.5660377358490566,0.140196138900882,0.0,0.0,0.0,0.0,0,0
-0.9901982748958299,230.0,60.0,-0.9901982748958299,-0.9901982748958299,0.95,1.621821007344702,0.18050190855828033,1.0104938583432836,0.5627906976744186,0.1385586468930016,0.0,0.0,0.0,0.0,0,0
-0.972590360135189,235.0,60.0,-0.972590360135189,-0.972590360135189,0.95,1.5789602236572486,0.17471615029675103,1.0165389793407635,0.568075117370892,0.13709086468001955,0.0,0.0,0.0,0.0,0,0
-0.9521489492864734,240.0,60.0,-0.9521489492864734,-0.9521489492864734,0.95,1.530848637836822,0.17180697848687143,1.0165389793407635,0.5727699530516432,0.1364218226150564,0.0,0.0,0.0,0.0,0,0
-0.8068092815969223,245.0,60.0,-0.8068092815969223,-0.8068092815969223,0.95,1.2067633104104734,0.12634149685481488,1.0165389793407635,0.6161616161616161,0.13686776355880562,0.0,0.0,0.0,0.0,0,0
-0.8068092815969228,250.0,60.0,-0.8068092815969228,-0.8068092815969228,0.95,1.2067633104104734,0.126341496854816,1.0165389793407635,0.6161616161616161,0.13782598098951987,0.0,0.0,0.0,0.0,0,0
-0.8011737320257956,255.0,60.0,-0.8011737320257956,-0.8011737320257956,0.95,1.1880112466963948,0.1298924782842259,1.0204491015693709,0.6161616161616161,0.13852734494347693,0.0,0.0,0.0,0.0,0,0
-0.8269854845156175,260.0,60.0,-0.8269854845156175,-0.8269854845156175,0.95,1.2410395574426463,0.13845295497703836,1.0273900476128408,0.6089108910891089,0.14060770082420962,0.0,0.0,0.0,0.0,0,0
-0.8269854845156177,265.0,60.0,-0.8269854845156177,-0.8269854845156177,0.95,1.2410395574426463,0.13845295497703936,1.0273900476128408,0.6089108910891089,0.14188520534388915,0.0,0.0,0.0,0.0,0,0
-0.8283680336460799,270.0,60.0,-0.8283680336460799,-0.8283680336460799,0.95,1.2410395574426463,0.1439831514988879,1.0273900476128408,0.6089108910891089,0.1433644859813084,0.0,0.0,0.0,0.0,0,0
-0.8031087877706805,275.0,60.0,-0.8031087877706805,-0.8031087877706805,0.95,1.186139257160211,0.13573250080171595,1.028879838824669,0.625,0.1449949698189135,0.0,0.0,0.0,0.0,0,0
-0.8063267518198333,280.0,60.0,-0.8063267518198333,-0.8063267518198333,0.95,1.186139257160211,0.14860435699832628,1.028879838824669,0.625,0.14702702702702702,0.0,0.0,0.0,0.0,0,0
-0.8076371397254147,285.0,60.0,-0.8076371397254147,-0.8076371397254147,0.95,1.1852032623921194,0.1645205061616135,1.0204491015693709,0.6268656716417911,0.1488,0.0,0.0,0.0,0.0,0,0
-0.8088545361646363,290.0,60.0,-0.8088545361646363,-0.8088545361646363,0.95,1.186139257160211,0.16714623163283693,1.0204491015693709,0.625,0.15267225144489902,0.0,0.0,0.0,0.0,0,0
-0.8115217279534336,295.0,60.0,-0.8115217279534336,-0.8115217279534336,0.95,1.1842785065533434,0.1822773482738655,1.0204491015693709,0.6287128712871287,0.1552348949067668,0.0,0.0,0.0,0.0,0,0
-0.8139594097496978,300.0,60.0,-0.8139594097496978,-0.8139594097496978,0.95,1.1852032623921194,0.19179963600998978,1.0204491015693709,0.6318407960199005,0.1585602462032515,0.0,0.0,0.0,0.0,0,0
-0.8087227038148679,305.0,60.0,-0.8087227038148679,-0.8087227038148679,0.95,1.1685576572941574,0.19801579367774025,1.0204491015693709,0.6331658291457286,0.16345564708285112,0.0,0.0,0.0,0.0,0,0
-0.8207823896711406,310.0,60.0,-0.8207823896711406,-0.8207823896711406,0.95,1.186139257160211,0.22276776788746133,1.0165389793407635,0.635,0.16873140009689253,0.0,0.0,0.0,0.0,0,0
-0.8497864231696618,315.0,60.0,-0.8497864231696618,-0.8497864231696618,0.95,1.2584306881994396,0.22341835698285947,1.0132186267335472,0.6274509803921569,0.1739684337178852,0.0,0.0,0.0,0.0,0,0
-0.8244056005893524,320.0,60.0,-0.8244056005893524,-0.8244056005893524,0.95,1.1852032623921194,0.24751974209718242,1.0104938583432836,0.6417910447761194,0.18002163721601153,0.0,0.0,0.0,0.0,0,0
-0.8153049835396398,325.0,60.0,-0.8153049835396398,-0.8153049835396398,0.95,1.1521005629433874,0.26523319541042384,1.0104938583432836,0.6446700507614214,0.18823442465449708,0.0,0.0,0.0,0.0,0,0
-0.8159771191032259,330.0,60.0,-0.8159771191032259,-0.8159771191032259,0.95,1.1502746151092351,0.2722717163069035,1.0104938583432836,0.6482412060301508,0.19373348433371085,0.0,0.0,0.0,0.0,0,0
-0.8221669461542489,335.0,60.0,-0.8221669461542489,-0.8221669461542489,0.95,1.1667081456166062,0.2722717163069035,1.0083695029852138,0.6467661691542289,0.20257855323091176,0.0,0.0,0.0,0.0,0,0
-0.8629300324554129,340.0,60.0,-0.8629300324554129,-0.8629300324554129,0.95,1.2564972551608402,0.28538220304511247,1.0083695029852138,0.6310679611650486,0.20540072429538656,0.0,0.0,0.0,0.0,0,0
-0.8788827064756095,345.0,60.0,-0.8788827064756095,-0.8788827064756095,0.95,1.3124719747075522,0.2970236905166246,0.9673558036049262,0.6220095693779905,0.21154619281177134,0.0,0.0,0.0,0.0,0,0
-0.8610586379342009,350.0,60.0,-0.8610586379342009,-0.8610586379342009,0.95,1.2936559431634607,0.3016106636448923,0.924697455953451,0.6298076923076923,0.21434999590935122,0.0,0.0,0.0,0.0,0,0
-0.8561010372514541,355.0,60.0,-0.8561010372514541,-0.8561010372514541,0.95,1.299328650440889,0.3143184983592289,0.8825883813697365,0.6285714285714286,0.22095917690009956,0.0,0.0,0.0,0.0,0,0
-0.8101653262470626,0.0,65.0,-0.8101653262470626,-0.8101653262470626,0.95,1.2492115221419084,0.25465793565610423,0.8411110877512467,0.6346153846153846,0.22703869789071582,0.0,0.0,0.0,0.0,0,0
-0.8149849430341551,5.0,65.0,-0.8149849430341551,-0.8149849430341551,0.95,1.2804712822089437,0.26523319541042384,0.7999809612108446,0.6350710900473934,0.22742809503959982,0.0,0.0,0.0,0.0,0,0
-0.8103947508693818,10.0,65.0,-0.8103947508693818,-0.8103947508693818,0.95,1.2930997461438782,0.2652331954104248,0.7609073409974609,0.6338028169014085,0.22863605898123324,0.0,0.0,0.0,0.0,0,0
-0.7774207807385728,15.0,65.0,-0.7774207807385728,-0.7774207807385728,0.95,1.2368430812325926,0.24837259219801822,0.7382857714002381,0.6398104265402843,0.2316745124411567,0.0,0.0,0.0,0.0,0,0
-0.7518495856610528,20.0,65.0,-0.7518495856610528,-0.7518495856610528,0.95,1.19814599143651,0.24964317119667495,0.6992121511868561,0.6462264150943396,0.23661805614094242,0.0,0.0,0.0,0.0,0,0
-0.7481347731507225,25.0,65.0,-0.7481347731507225,-0.7481347731507225,0.95,1.2079251270967197,0.2579618459164025,0.6585008169166414,0.6415094339622641,0.24487895716945995,0.0,0.0,0.0,0.0,0,0
-0.761954151715204,30.0,65.0,-0.761954151715204,-0.761954151715204,0.95,1.2570935112536903,0.2522214394961553,0.6379492530624598,0.6342592592592593,0.2538618231200136,0.0,0.0,0.0,0.0,0,0
-0.6798169183222786,35.0,65.0,-0.6798169183222786,-0.6798169183222786,0.95,1.0826829776466085,0.2496431711966749,0.5982841188102472,0.6523809523809524,0.26517217865666554,0.0,0.0,0.0,0.0,0,0
-0.6802189603136497,40.0,65.0,-0.6802189603136497,-0.6802189603136497,0.95,1.0938040781916194,0.2495114271226806,0.5803255080729458,0.6476190476190476,0.2757117209540908,0.0,0.0,0.0,0.0,0,0
-0.67784256645004,45.0,65.0,-0.67784256645004,-0.67784256645004,0.95,1.103559529658362,0.25079566854190316,0.5552567082954436,0.6509433962264151,0.28841201716738196,0.0,0.0,0.0,0.0,0,0
-0.6590795230916339,50.0,65.0,-0.6590795230916339,-0.6590795230916339,0.95,1.0731966241777728,0.24801895766159418,0.5346916450252441,0.6587677725118484,0.3016503931564849,0.0,0.0,0.0,0.0,0,0
-0.6671333893471756,55.0,65.0,-0.6671333893471756,-0.6671333893471756,0.95,1.105095891822477,0.2473998584520068,0.5146625150113868,0.6542056074766355,0.311088029083355,0.0,0.0,0.0,0.0,0,0
-0.6873213219083765,60.0,65.0,-0.6873213219083765,-0.6873213219083765,0.95,1.1622093836500211,0.2513053793015098,0.4958523018993691,0.6435185185185185,0.3239179558491222,0.0,0.0,0.0,0.0,0,0
-0.6774638922246501,65.0,65.0,-0.6774638922246501,-0.6774638922246501,0.95,1.150912652130101,0.24678075924241938,0.4828017808598911,0.6529680365296804,0.33466794325006527,0.0,0.0,0.0,0.0,0,0
-0.6958813739882722,70.0,65.0,-0.6958813739882722,-0.6958813739882722,0.95,1.1980985764374261,0.24751974209718242,0.4759287655009782,0.6422018348623854,0.34369271060672196,0.0,0.0,0.0,0.0,0,0
-0.6914482599732719,75.0,65.0,-0.6914482599732719,-0.6914482599732719,0.95,1.1896773719126825,0.23730241506131403,0.4825410763468237,0.6438356164383562,0.3505055788005579,0.0,0.0,0.0,0.0,0,0
-0.703076905504167,80.0,65.0,-0.703076905504167,-0.703076905504167,0.95,1.2152638922819983,0.23730241506131403,0.48496085948848866,0.6359447004608295,0.35727969348659006,0.0,0.0,0.0,0.0,0,0
-0.6997408250097426,85.0,65.0,-0.6997408250097426,-0.6997408250097426,0.95,1.208458276525661,0.22276776788746133,0.4970401698947829,0.6359447004608295,0.3606471816283925,0.0,0.0,0.0,0.0,0,0
-0.7463197832723453,90.0,65.0,-0.7463197832723453,-0.7463197832723453,0.95,1.3026585926481482,0.23042955075872085,0.5210462845440736,0.6261261261261262,0.36590454664000693,0.0,0.0,0.0,0.0,0,0
-0.7210127779769693,95.0,65.0,-0.7210127779769693,-0.7210127779769693,0.95,1.2330808793627162,0.2240154965961173,0.538958060183266,0.6296296296296297,0.3667331195284736,0.0,0.0,0.0,0.0,0,0
-0.7590670019004486,100.0,65.0,-0.7590670019004486,-0.7590670019004486,0.95,1.3037857584096189,0.22824273562852518,0.5689726668128101,0.6175115207373272,0.36785375528153835,0.0,0.0,0.0,0.0,0,0
-0.7714816051042769,105.0,65.0,-0.7714816051042769,-0.7714816051042769,0.95,1.307681390605723,0.24606731723811354,0.5952753002281858,0.6192660550458715,0.3650848038375878,0.0,0.0,0.0,0.0,0,0
-0.8037101489015931,110.0,65.0,-0.8037101489015931,-0.8037101489015931,0.95,1.379294047170037,0.23483014549554423,0.615341809501154,0.6055045871559633,0.3615351812366738,0.0,0.0,0.0,0.0,0,0
-0.8089122302741151,115.0,65.0,-0.8089122302741151,-0.8089122302741151,0.95,1.3858186864574402,0.22276776788746133,0.6370459092549747,0.6036866359447005,0.35617597292724196,0.0,0.0,0.0,0.0,0,0
-0.8380013798097842,120.0,65.0,-0.8380013798097842,-0.8380013798097842,0.95,1.4380965457153954,0.2093299188802566,0.6637394758381004,0.555045871559633,0.34928349953909327,0.0,0.0,0.0,0.0,0,0
-0.8518574277290993,125.0,65.0,-0.8518574277290993,-0.8518574277290993,0.95,1.465763806269822,0.1915915157855748,0.6942524687354709,0.5590909090909091,0.33943427620632277,0.0,0.0,0.0,0.0,0,0
-0.8791510309992425,130.0,65.0,-0.8791510309992425,-0.8791510309992425,0.95,1.5216025043996582,0.18450289506601053,0.7177207081300387,0.5504587155963303,0.3275055405072642,0.0,0.0,0.0,0.0,0,0
-0.8913472798622843,135.0,65.0,-0.8913472798622843,-0.8913472798622843,0.95,1.5517289550786364,0.1645205061616135,0.738285771400238,0.5504587155963303,0.3167898627243928,0.0,0.0,0.0,0.0,0,0
-0.8960375891343008,140.0,65.0,-0.8960375891343008,-0.8960375891343008,0.95,1.560990247694016,0.1462336440748544,0.7588508346704408,0.5462962962962963,0.30202740604215084,0.0,0.0,0.0,0.0,0,0
-0.9195464765189882,145.0,65.0,-0.9195464765189882,-0.9195464765189882,0.95,1.609894684229919,0.14112033154925685,0.7794158979406436,0.5454545454545454,0.2918217084949727,0.0,0.0,0.0,0.0,0,0
-0.947396394205869,150.0,65.0,-0.947396394205869,-0.947396394205869,0.95,1.6522072487901798,0.16088783236315862,0.7999809612108446,0.5370370370370371,0.2800156433320297,0.0,0.0,0.0,0.0,0,0
-0.9826060450522313,155.0,65.0,-0.9826060450522313,-0.9826060450522313,0.95,1.7023340676055365,0.19801579367774025,0.8205460244810474,0.5296803652968036,0.26832855926298677,0.0,0.0,0.0,0.0,0,0
-0.9838578389363172,160.0,65.0,-0.9838578389363172,-0.9838578389363172,0.95,1.6880996467801168,0.1856398065728797,0.8616761510214495,0.5321100917431193,0.25888829421209575,0.0,0.0,0.0,0.0,0,0
-1.0127063998768193,165.0,65.0,-1.0127063998768193,-1.0127063998768193,0.95,1.747294907106262,0.1856398065728797,0.8822412142916505,0.5318181818181819,0.2487532114251171,0.0,0.0,0.0,0.0,0,0
-1.009434047575321,170.0,65.0,-1.009434047575321,-1.009434047575321,0.95,1.7338428347056267,0.1744800073474142,0.9028062775618533,0.5342465753424658,0.23803141984960166,0.0,0.0,0.0,0.0,0,0
-1.0194870152354143,175.0,65.0,-1.0194870152354143,-1.0194870152354143,0.95,1.7519570958992308,0.16609041831966437,0.9234051882657928,0.536697247706422,0.22678977064556313,0.0,0.0,0.0,0.0,0,0
-1.055002555685091,180.0,65.0,-1.055002555685091,-1.055002555685091,0.95,1.7864606223932267,0.20740431767827772,0.9645014673724581,0.5255813953488372,0.21508944027697635,0.0,0.0,0.0,0.0,0,0
-0.9964939827363486,185.0,65.0,-0.9964939827363486,-0.9964939827363486,0.95,1.6812674580364377,0.12872184303128886,0.9850665306426591,0.5446009389671361,0.20345121431614827,0.0,0.0,0.0,0.0,0,0
-0.997271559206884,190.0,65.0,-0.997271559206884,-0.997271559206884,0.95,1.6683373950919544,0.15182273118060668,0.9850665306426591,0.5428571428571428,0.19277614447711044,0.0,0.0,0.0,0.0,0,0
-1.023870083144221,195.0,65.0,-1.023870083144221,-1.023870083144221,0.95,1.7184296901312612,0.15820161004085823,1.005631593912862,0.5446009389671361,0.18401820187534473,0.0,0.0,0.0,0.0,0,0
-0.9571960686026847,200.0,65.0,-0.9571960686026847,-0.9571960686026847,0.95,1.5768597210596302,0.12174575425344919,1.005631593912862,0.553921568627451,0.17680195466268495,0.0,0.0,0.0,0.0,0,0
-0.9668551065218498,205.0,65.0,-0.9668551065218498,-0.9668551065218498,0.95,1.5971513422167498,0.1268344895057858,1.005631593912862,0.551219512195122,0.16985166377121474,0.0,0.0,0.0,0.0,0,0
-0.9559218781309271,210.0,65.0,-0.9559218781309271,-0.9559218781309271,0.95,1.5673534687939674,0.13295046706266597,1.005631593912862,0.5566502463054187,0.16567420934233162,0.0,0.0,0.0,0.0,0,0
-0.9529489822936343,215.0,65.0,-0.9529489822936343,-0.9529489822936343,0.95,1.5652509342427583,0.12584850420384397,1.0059361740847186,0.5609756097560976,0.16012045037968053,0.0,0.0,0.0,0.0,0,0
-0.9554473672553747,220.0,65.0,-0.9554473672553747,-0.9554473672553747,0.95,1.5707615052670172,0.1287218430312914,1.0059361740847186,0.5652173913043478,0.15693027487166158,0.0,0.0,0.0,0.0,0,0
-0.9389044193351709,225.0,65.0,-0.9389044193351709,-0.9389044193351709,0.95,1.5212778004708756,0.14274315857209888,1.006849361686681,0.5700483091787439,0.15597516813243661,0.0,0.0,0.0,0.0,0,0
-0.9517505666706978,230.0,65.0,-0.9517505666706978,-0.9517505666706978,0.95,1.5511476292497113,0.14606789436882053,1.006849361686681,0.569377990430622,0.15391544945627694,0.0,0.0,0.0,0.0,0,0
-0.9600601339351992,235.0,65.0,-0.9600601339351992,-0.9600601339351992,0.95,1.5709364513654152,0.1450393772375855,1.0083695029852138,0.5666666666666667,0.15228556753980482,0.0,0.0,0.0,0.0,0,0
-0.9515766863886239,240.0,65.0,-0.9515766863886239,-0.9515766863886239,0.95,1.5480330537881264,0.14914868039549267,1.0104938583432836,0.5754716981132075,0.15168180074178284,0.0,0.0,0.0,0.0,0,0
-0.9464807376229911,245.0,65.0,-0.9464807376229911,-0.9464807376229911,0.95,1.5340495291122513,0.15222946642215934,1.0104938583432836,0.5781990521327014,0.151629392971246,0.0,0.0,0.0,0.0,0,0
-0.9259102211654335,250.0,65.0,-0.9259102211654335,-0.9259102211654335,0.95,1.4863143106189858,0.14501166863011758,1.0132186267335472,0.5817307692307693,0.15292085226182098,0.0,0.0,0.0,0.0,0,0
-0.9289920646851497,255.0,65.0,-0.9289920646851497,-0.9289920646851497,0.95,1.4863108395534745,0.15529420026521898,1.0165389793407635,0.5849056603773585,0.15379673647693692,0.0,0.0,0.0,0.0,0,0
-0.9267619027268634,260.0,65.0,-0.9267619027268634,-0.9267619027268634,0.95,1.4873303400784454,0.1439554428914147,1.0165389793407635,0.5829383886255924,0.1550967741935484,0.0,0.0,0.0,0.0,0,0
-0.7958074351512029,265.0,65.0,-0.7958074351512029,-0.7958074351512029,0.95,1.188947241464487,0.11412136781426957,1.0165389793407635,0.6243654822335025,0.15602331606217618,0.0,0.0,0.0,0.0,0,0
-0.7952433228410541,270.0,65.0,-0.7952433228410541,-0.7952433228410541,0.95,1.1880112466963948,0.11412136781427137,1.0165389793407635,0.6262626262626263,0.15694453496708596,0.0,0.0,0.0,0.0,0,0
-0.7946811172083207,275.0,65.0,-0.7946811172083207,-0.7946811172083207,0.95,1.1870752519283032,0.11412136781426957,1.0165389793407635,0.628140703517588,0.15832622811044797,0.0,0.0,0.0,0.0,0,0
-0.7975605757927887,280.0,65.0,-0.7975605757927887,-0.7975605757927887,0.95,1.1880112466963948,0.12339037962120969,1.0165389793407635,0.6262626262626263,0.15994179124222782,0.0,0.0,0.0,0.0,0,0
-0.7978593976312,285.0,65.0,-0.7978593976312,-0.7978593976312,0.95,1.1870752519283032,0.1268344895057858,1.0165389793407635,0.628140703517588,0.16212962343655943,0.0,0.0,0.0,0.0,0,0
-0.8013407840362194,290.0,65.0,-0.8013407840362194,-0.8013407840362194,0.95,1.188947241464487,0.13828522020712763,1.0165389793407635,0.6294416243654822,0.16494427558257346,0.0,0.0,0.0,0.0,0,0
-0.8019478172168456,295.0,65.0,-0.8019478172168456,-0.8019478172168456,0.95,1.1880112466963948,0.1462798999448561,1.0132186267335472,0.6313131313131313,0.16739486619333696,0.0,0.0,0.0,0.0,0,0
-0.787336580247373,300.0,65.0,-0.787336580247373,-0.787336580247373,0.95,1.1521005629433874,0.1486043569983015,1.0132186267335472,0.6395939086294417,0.17084661216571984,0.0,0.0,0.0,0.0,0,0
-0.7868598284029179,305.0,65.0,-0.7868598284029179,-0.7868598284029179,0.95,1.1530135368604637,0.14926665343450282,1.0104938583432836,0.6428571428571429,0.17478389205144423,0.0,0.0,0.0,0.0,0,0
-0.7923126395540385,310.0,65.0,-0.7923126395540385,-0.7923126395540385,0.95,1.1521005629433874,0.17326381946801916,1.0104938583432836,0.6446700507614214,0.17958776121531989,0.0,0.0,0.0,0.0,0,0
-0.7985006331064688,315.0,65.0,-0.7985006331064688,-0.7985006331064688,0.95,1.1521005629433874,0.19801579367774025,1.0104938583432836,0.6446700507614214,0.18436279473455808,0.0,0.0,0.0,0.0,0,0
-0.8734339066542093,320.0,65.0,-0.8734339066542093,-0.8734339066542093,0.95,1.3334401100673308,0.19801579367774025,1.0083695029852138,0.6153846153846154,0.1889960963393975,0.0,0.0,0.0,0.0,0,0
-0.8453286309305441,325.0,65.0,-0.8453286309305441,-0.8453286309305441,0.95,1.2574639716801397,0.2127099831219094,1.0083695029852138,0.6292682926829268,0.19480909159102844,0.0,0.0,0.0,0.0,0,0
-0.8796219002066396,330.0,65.0,-0.8796219002066396,-0.8796219002066396,0.95,1.3334401100673308,0.22276776788746133,1.0083695029852138,0.6153846153846154,0.20204799021855419,0.0,0.0,0.0,0.0,0,0
-0.8705661812863117,335.0,65.0,-0.8705661812863117,-0.8705661812863117,0.95,1.3134654259192444,0.22276776788746133,1.0060291988639178,0.6201923076923077,0.20476227410222603,0.0,0.0,0.0,0.0,0,0
-0.8711751699012507,340.0,65.0,-0.8711751699012507,-0.8711751699012507,0.95,1.3134654259192444,0.24616639056847583,0.9850665306426591,0.6201923076923077,0.2092876322855789,0.0,0.0,0.0,0.0,0,0
-0.8692208498075609,345.0,65.0,-0.8692208498075609,-0.8692208498075609,0.95,1.3334401100673308,0.24751974209718242,0.9439364041022553,0.6201923076923077,0.21343523732904263,0.0,0.0,0.0,0.0,0,0
-0.8450346413153618,350.0,65.0,-0.8450346413153618,-0.8450346413153618,0.95,1.3003314055948083,0.24751974209718242,0.9028062775618533,0.6267942583732058,0.2193790237144487,0.0,0.0,0.0,0.0,0,0
-0.838950634381755,355.0,65.0,-0.838950634381755,-0.838950634381755,0.95,1.29832589528697,0.24837259219801838,0.8822412142916505,0.6303317535545023,0.2245284572934684,0.0,0.0,0.0,0.0,0,0
-0.805581221902588,0.0,70.0,-0.805581221902588,-0.805581221902588,0.95,1.2712399576668945,0.19801579367774025,0.8427523461315997,0.6310679611650486,0.2320059361860005,0.0,0.0,0.0,0.0,0,0
-0.8148814139544965,5.0,70.0,-0.8148814139544965,-0.8148814139544965,0.95,1.3040855588621054,0.2014780306121026,0.8222284343757972,0.6267942583732058,0.2339030866246266,0.0,0.0,0.0,0.0,0,0
-0.7839638776408479,10.0,70.0,-0.7839638776408479,-0.7839638776408479,0.95,1.2563331347847975,0.19908082874333438,0.7811871207098356,0.6363636363636364,0.23439193131616237,0.0,0.0,0.0,0.0,0,0
-0.79123157373004,15.0,70.0,-0.79123157373004,-0.79123157373004,0.95,1.283841650247295,0.20224228503222322,0.7606700709140659,0.6303317535545023,0.23666164910520154,0.0,0.0,0.0,0.0,0,0
-0.7800511760811449,20.0,70.0,-0.7800511760811449,-0.7800511760811449,0.95,1.2727575322626095,0.21270998312188596,0.7232153710043193,0.6303317535545023,0.2401841774801172,0.0,0.0,0.0,0.0,0,0
-0.7585332140737617,25.0,70.0,-0.7585332140737617,-0.7585332140737617,0.95,1.2377120263737944,0.20711750794179362,0.7027508725103221,0.6401869158878505,0.24527826743893225,0.0,0.0,0.0,0.0,0,0
-0.7496709677344341,30.0,70.0,-0.7496709677344341,-0.7496709677344341,0.95,1.2290174414509858,0.2018601578221627,0.6851127879260718,0.6367924528301887,0.251433389544688,0.0,0.0,0.0,0.0,0,0
-0.7663701945207826,35.0,70.0,-0.7663701945207826,-0.7663701945207826,0.95,1.2787166492019302,0.20663842872206323,0.6647475624898309,0.6296296296296297,0.2586963863559608,0.0,0.0,0.0,0.0,0,0
-0.7362667739698531,40.0,70.0,-0.7362667739698531,-0.7362667739698531,0.95,1.210345824532245,0.20587253976583947,0.6540698082905522,0.6285714285714286,0.2651367600982302,0.0,0.0,0.0,0.0,0,0
-0.7049348933783645,45.0,70.0,-0.7049348933783645,-0.7049348933783645,0.95,1.159301013117295,0.20367528518896638,0.6169518981060502,0.6394230769230769,0.2720955851199051,0.0,0.0,0.0,0.0,0,0
-0.7164106391239204,50.0,70.0,-0.7164106391239204,-0.7164106391239204,0.95,1.1884268243105844,0.2014780306121026,0.6173985881187196,0.6367924528301887,0.2813033094506994,0.0,0.0,0.0,0.0,0,0
-0.7165791003820754,55.0,70.0,-0.7165791003820754,-0.7165791003820754,0.95,1.1999610590024286,0.20147803061212702,0.5984218032728521,0.6338028169014085,0.28847792739048916,0.0,0.0,0.0,0.0,0,0
-0.699847378583098,60.0,70.0,-0.699847378583098,-0.699847378583098,0.95,1.169773756646222,0.20045186560305162,0.5839034116802904,0.6415094339622641,0.29723482578546356,0.0,0.0,0.0,0.0,0,0
-0.7339703189249198,65.0,70.0,-0.7339703189249198,-0.7339703189249198,0.95,1.2549357630458569,0.20565063270201733,0.5741852739761427,0.6296296296296297,0.30268559698939446,0.0,0.0,0.0,0.0,0,0
-0.7177865262617751,70.0,70.0,-0.7177865262617751,-0.7177865262617751,0.95,1.2228279184786852,0.19308276454696663,0.5759165511185688,0.6359447004608295,0.30952177260672425,0.0,0.0,0.0,0.0,0,0
-0.7375284604306733,75.0,70.0,-0.7375284604306733,-0.7375284604306733,0.95,1.2671359094568382,0.2058725397658487,0.5681999936148943,0.6284403669724771,0.3156770610850064,0.0,0.0,0.0,0.0,0,0
-0.7492803031761331,80.0,70.0,-0.7492803031761331,-0.7492803031761331,0.95,1.2911134318924613,0.2058725397658487,0.5743151081780267,0.6221198156682027,0.3194396993508712,0.0,0.0,0.0,0.0,0,0
-0.7694152769396352,85.0,70.0,-0.7694152769396352,-0.7694152769396352,0.95,1.3346886181741704,0.20565063270201556,0.5849105124618708,0.6210045662100456,0.32135558583106266,0.0,0.0,0.0,0.0,0,0
-0.7819623034548254,90.0,70.0,-0.7819623034548254,-0.7819623034548254,0.95,1.3565626106985937,0.20565063270201556,0.5989711312722634,0.6181818181818182,0.32399761641270114,0.0,0.0,0.0,0.0,0,0
-0.7976565811194638,95.0,70.0,-0.7976565811194638,-0.7976565811194638,0.95,1.3819614177717938,0.20650369110940167,0.6170210621812892,0.6100917431192661,0.3240403355647826,0.0,0.0,0.0,0.0,0,0
-0.792462029410464,100.0,70.0,-0.792462029410464,-0.792462029410464,0.95,1.3600249186594924,0.20224228503222358,0.636727253077025,0.6129032258064516,0.324385920486199,0.0,0.0,0.0,0.0,0,0
-0.8099122502445968,105.0,70.0,-0.8099122502445968,-0.8099122502445968,0.95,1.4027892684311027,0.1891624117891037,0.6496601233358826,0.6090909090909091,0.32200117518677074,0.0,0.0,0.0,0.0,0,0
-0.8171587416228219,110.0,70.0,-0.8171587416228219,-0.8171587416228219,0.95,1.4051085943357313,0.18508556943181542,0.6775774809846872,0.6055045871559633,0.3188006347615468,0.0,0.0,0.0,0.0,0,0
-0.8484795397177627,115.0,70.0,-0.8484795397177627,-0.8484795397177627,0.95,1.4783871667505522,0.18392022070020653,0.6816825437681507,0.5927601809954751,0.3150901087949506,0.0,0.0,0.0,0.0,0,0
-0.833303452608396,120.0,70.0,-0.833303452608396,-0.833303452608396,0.95,1.4367023928514484,0.1645205061616135,0.702227540225782,0.5806451612903226,0.3108577094695092,0.0,0.0,0.0,0.0,0,0
-0.8611514271319916,125.0,70.0,-0.8611514271319916,-0.8611514271319916,0.95,1.4902879675325809,0.1522294664221648,0.7328002866804004,0.5622119815668203,0.3032538316531432,0.0,0.0,0.0,0.0,0,0
-0.868471860857165,130.0,70.0,-0.868471860857165,-0.868471860857165,0.95,1.4966394353129922,0.1439554428914107,0.760996977430957,0.5642201834862385,0.29755025636851956,0.0,0.0,0.0,0.0,0,0
-0.8702086827781721,135.0,70.0,-0.8702086827781721,-0.8702086827781721,0.95,1.5043905696525033,0.12339037962121058,0.7742726510566464,0.5596330275229358,0.28791173391318353,0.0,0.0,0.0,0.0,0,0
-0.8887181824349096,140.0,70.0,-0.8887181824349096,-0.8887181824349096,0.95,1.5330604610904957,0.12339037962120969,0.7999809612108446,0.5534883720930233,0.28125,0.0,0.0,0.0,0.0,0,0
-0.8915924239635776,145.0,70.0,-0.8915924239635776,-0.8915924239635776,0.95,1.5397244391786296,0.10282531635100689,0.8205460244810474,0.5514018691588785,0.27413861386138616,0.0,0.0,0.0,0.0,0,0
-0.9195905627696705,150.0,70.0,-0.9195905627696705,-0.9195905627696705,0.95,1.599133523036826,0.09900789683888434,0.8411110877512467,0.5509259259259259,0.2663786331500393,0.0,0.0,0.0,0.0,0,0
-0.9192998051866115,155.0,70.0,-0.9192998051866115,-0.9192998051866115,0.95,1.5848930752611636,0.10006451967750503,0.8616761510214495,0.5509259259259259,0.26004985976939854,0.0,0.0,0.0,0.0,0,0
-0.9730191304219322,160.0,70.0,-0.9730191304219322,-0.9730191304219322,0.95,1.6813832566940816,0.13613585815343754,0.8822412142916505,0.5412844036697247,0.2520438068795311,0.0,0.0,0.0,0.0,0,0
-0.9534092706629098,165.0,70.0,-0.9534092706629098,-0.9534092706629098,0.95,1.6280695685175395,0.123759871048577,0.9028062775618533,0.5446009389671361,0.24394159467930587,0.0,0.0,0.0,0.0,0,0
-0.9640565524750606,170.0,70.0,-0.9640565524750606,-0.9640565524750606,0.95,1.6570428814206204,0.10112114251612572,0.9233713408320543,0.5488372093023256,0.2392438563327032,0.0,0.0,0.0,0.0,0,0
-0.9867751743791042,175.0,70.0,-0.9867751743791042,-0.9867751743791042,0.95,1.6894015802810032,0.11881335374960326,0.9439364041022553,0.5467289719626168,0.2308383233532934,0.0,0.0,0.0,0.0,0,0
-0.9554768458158956,180.0,70.0,-0.9554768458158956,-0.9554768458158956,0.95,1.6053881731367237,0.10783245791998593,0.9645014673724581,0.5476190476190477,0.22168905950095968,0.0,0.0,0.0,0.0,0,0
-0.9979322663277298,185.0,70.0,-0.9979322663277298,-0.9979322663277298,0.95,1.6847594439010136,0.12872184303128886,0.9850665306426591,0.5441860465116279,0.21238615664845173,0.0,0.0,0.0,0.0,0,0
-1.002351583175772,190.0,70.0,-1.002351583175772,-1.002351583175772,0.95,1.6869538010726712,0.142743158572096,0.9853774680015724,0.5446009389671361,0.20351559685901593,0.0,0.0,0.0,0.0,0,0
-0.9610339605572695,195.0,70.0,-0.9610339605572695,-0.9610339605572695,0.95,1.60635144749833,0.11081828045240011,0.9853774680015724,0.5555555555555556,0.19613574789676316,0.0,0.0,0.0,0.0,0,0
-0.9466415509124702,200.0,70.0,-0.9466415509124702,-0.9466415509124702,0.95,1.5632869178781175,0.10576249765377002,1.005631593912862,0.5652173913043478,0.18957746478873239,0.0,0.0,0.0,0.0,0,0
-0.9348867292404069,205.0,70.0,-0.9348867292404069,-0.9348867292404069,0.95,1.5344447575780051,0.10429390700238934,1.005631593912862,0.5637254901960784,0.18572326604735628,0.0,0.0,0.0,0.0,0,0
-0.9452509794053895,210.0,70.0,-0.9452509794053895,-0.9452509794053895,0.95,1.555599876712114,0.1099419327340198,1.005631593912862,0.5588235294117647,0.17958451238870868,0.0,0.0,0.0,0.0,0,0
-0.9454857613873079,215.0,70.0,-0.9454857613873079,-0.9454857613873079,0.95,1.5583078723908916,0.1099419327340198,1.005631593912862,0.5673076923076923,0.17681755829903978,0.0,0.0,0.0,0.0,0,0
-0.9411687616021818,220.0,70.0,-0.9411687616021818,-0.9411687616021818,0.95,1.5432022427990546,0.11710433003679555,1.005631593912862,0.5679611650485437,0.1739514648902182,0.0,0.0,0.0,0.0,0,0
-0.9115781112539992,225.0,70.0,-0.9115781112539992,-0.9115781112539992,0.95,1.4716528061963063,0.1171043300367962,1.0059361740847186,0.5784313725490197,0.17096796044164464,0.0,0.0,0.0,0.0,0,0
-0.9418717162519497,230.0,70.0,-0.9418717162519497,-0.9418717162519497,0.95,1.541110876785442,0.12461944191252683,1.0059361740847186,0.5721153846153846,0.1695658036677454,0.0,0.0,0.0,0.0,0,0
-0.932962801341276,235.0,70.0,-0.932962801341276,-0.932962801341276,0.95,1.5202379342665275,0.12339037962120969,1.006849361686681,0.5769230769230769,0.16785474108944182,0.0,0.0,0.0,0.0,0,0
-0.9452919282524276,240.0,70.0,-0.9452919282524276,-0.9452919282524276,0.95,1.5501094374291828,0.12461944191252683,1.006849361686681,0.5761904761904761,0.16766105785345578,0.0,0.0,0.0,0.0,0,0
-0.9166699608962233,245.0,70.0,-0.9166699608962233,-0.9166699608962233,0.95,1.4809061318842915,0.12339037962120969,1.006849361686681,0.5825242718446602,0.16823056300268097,0.0,0.0,0.0,0.0,0,0
-0.8949366949479167,250.0,70.0,-0.8949366949479167,-0.8949366949479167,0.95,1.4273348059098592,0.12339037962120969,1.0083695029852138,0.5893719806763285,0.16906136699342017,0.0,0.0,0.0,0.0,0,0
-0.9156962325199673,255.0,70.0,-0.9156962325199673,-0.9156962325199673,0.95,1.4778236690249693,0.12339037962121191,1.0083695029852138,0.583732057416268,0.1693765116904058,0.0,0.0,0.0,0.0,0,0
-0.9176576475510307,260.0,70.0,-0.9176576475510307,-0.9176576475510307,0.95,1.476796181405195,0.1336729112563113,1.0083695029852138,0.5857142857142857,0.16996020772914278,0.0,0.0,0.0,0.0,0,0
-0.9063074372241114,265.0,70.0,-0.9063074372241114,-0.9063074372241114,0.95,1.4542851178838054,0.12461944191252793,1.0083695029852138,0.5865384615384616,0.17109724671097246,0.0,0.0,0.0,0.0,0,0
-0.9072033029872425,270.0,70.0,-0.9072033029872425,-0.9072033029872425,0.95,1.4510826322541273,0.13490197354762845,1.0083695029852138,0.5904761904761905,0.17164839654115885,0.0,0.0,0.0,0.0,0,0
-0.8990742135358054,275.0,70.0,-0.8990742135358054,-0.8990742135358054,0.95,1.4338568962477878,0.12817042334193884,1.0104938583432836,0.5913461538461539,0.1729029605263158,0.0,0.0,0.0,0.0,0,0
-0.8989015268685592,280.0,70.0,-0.8989015268685592,-0.8989015268685592,0.95,1.432254194743146,0.13295046706266803,1.0083695029852138,0.5933014354066986,0.17408097110145526,0.0,0.0,0.0,0.0,0,0
-0.9016527708257447,285.0,70.0,-0.9016527708257447,-0.9016527708257447,0.95,1.432254194743146,0.1439554428914107,1.0083695029852138,0.5933014354066986,0.17590344731913712,0.0,0.0,0.0,0.0,0,0
-0.8668874034713717,290.0,70.0,-0.8668874034713717,-0.8668874034713717,0.95,1.3576100717526116,0.1260561113262602,1.0104938583432836,0.6029411764705882,0.17837875709381348,0.0,0.0,0.0,0.0,0,0
-0.8658297754651161,295.0,70.0,-0.8658297754651161,-0.8658297754651161,0.95,1.3555913765286753,0.12872184303131198,1.0083695029852138,0.6067961165048543,0.18086611944523068,0.0,0.0,0.0,0.0,0,0
-0.876651104336424,300.0,70.0,-0.876651104336424,-0.876651104336424,0.95,1.3830914491090645,0.1268344895057858,1.0083695029852138,0.6038647342995169,0.18312374964275507,0.0,0.0,0.0,0.0,0,0
-0.876055050036696,305.0,70.0,-0.876055050036696,-0.876055050036696,0.95,1.3814876395004536,0.12777816626853733,1.0083695029852138,0.6057692307692307,0.1857876093399841,0.0,0.0,0.0,0.0,0,0
-0.8820704432745521,310.0,70.0,-0.8820704432745521,-0.8820704432745521,0.95,1.3830914491090645,0.14851184525829808,1.0083695029852138,0.6038647342995169,0.18964885272340737,0.0,0.0,0.0,0.0,0,0
-0.8618525603374103,315.0,70.0,-0.8618525603374103,-0.8618525603374103,0.95,1.3354432678621373,0.14851184525829808,1.006849361686681,0.6116504854368932,0.19458858413639732,0.0,0.0,0.0,0.0,0,0
-0.8694003839945019,320.0,70.0,-0.8694003839945019,-0.8694003839945019,0.95,1.3535726813047384,0.14926665343451453,1.006849361686681,0.6105769230769231,0.19891908121903618,0.0,0.0,0.0,0.0,0,0
-0.8601431924762575,325.0,70.0,-0.8601431924762575,-0.8601431924762575,0.95,1.3164457795543218,0.17326381946801916,1.006849361686681,0.6146341463414634,0.20237823004802194,0.0,0.0,0.0,0.0,0,0
-0.8931638689956402,330.0,70.0,-0.8931638689956402,-0.8931638689956402,0.95,1.3969977020399247,0.17326381946801916,1.006849361686681,0.6066350710900474,0.20538538693002084,0.0,0.0,0.0,0.0,0,0
-0.8719605306982113,335.0,70.0,-0.8719605306982113,-0.8719605306982113,0.95,1.3525633336927705,0.18063447584752387,0.9880823895919123,0.6124401913875598,0.20998359503163816,0.0,0.0,0.0,0.0,0,0
-0.881029469663065,340.0,70.0,-0.881029469663065,-0.881029469663065,0.95,1.390188550271124,0.19801579367774025,0.9470834234086458,0.6132075471698113,0.21335234022333097,0.0,0.0,0.0,0.0,0,0
-0.8483164400032629,345.0,70.0,-0.8483164400032629,-0.8483164400032629,0.95,1.3225029098391687,0.19801579367774025,0.9265883057617232,0.6183574879227053,0.21855471879506488,0.0,0.0,0.0,0.0,0,0
-0.8588387172900143,350.0,70.0,-0.8588387172900143,-0.8588387172900143,0.95,1.3612373922787757,0.19801579367774025,0.9043353243912997,0.6124401913875598,0.22192513368983957,0.0,0.0,0.0,0.0,0,0
-0.830730904115427,355.0,70.0,-0.830730904115427,-0.830730904115427,0.95,1.319470882050667,0.19801579367774025,0.8632782210267101,0.6238095238095238,0.22756305273501473,0.0,0.0,0.0,0.0,0,0
