score,azimuth_deg,elevation_deg,frame0_score,frame0_distance_only_score,frame0_distance_percentile,frame0_pred_to_observed_tail_m,frame0_pred_to_observed_median_m,frame0_observed_to_predicted_tail_m,frame0_pred_boundary_support_0p35m,frame0_iou_diagnostic,frame0_structure_penalty_m,frame0_tangent_p80_rad,frame0_curvature_log_p80,frame0_bump_support,frame0_predicted_bump_count,frame0_observed_bump_count
-1.3757798580891465,0.0,20.0,-1.3757798580891465,-1.3757798580891465,0.95,2.1547162500086623,0.6031592540341149,1.2356917702818557,0.45819397993311034,0.09697833523375142,0.0,0.0,0.0,0.0,0,0
-1.4746054989951105,5.0,20.0,-1.4746054989951105,-1.4746054989951105,0.95,2.179704366907172,0.737653878869086,1.4443022233074694,0.42765273311897106,0.07586594462041484,0.0,0.0,0.0,0.0,0,0
-1.5815374858961022,10.0,20.0,-1.5815374858961022,-1.5815374858961022,0.95,2.225990727939959,0.8048846085048663,1.6782469456199083,0.2964169381107492,0.05287790828495567,0.0,0.0,0.0,0.0,0,0
-1.6008404920273955,15.0,20.0,-1.6008404920273955,-1.6008404920273955,0.95,2.192003560228821,0.6793398634098737,1.930176732220235,0.2834008097165992,0.03299522912239907,0.0,0.0,0.0,0.0,0,0
-1.7902969121228576,20.0,20.0,-1.7902969121228576,-1.7902969121228576,0.95,2.3412561473201228,0.8925171631856734,2.180287768237628,0.1440677966101695,0.023334423726965436,0.0,0.0,0.0,0.0,0,0
-2.01081746493841,25.0,20.0,-2.01081746493841,-2.01081746493841,0.95,2.464531692155721,1.271040322266213,2.4289788300382713,0.0,0.018366666666666667,0.0,0.0,0.0,0.0,0,0
-2.3484492663268632,30.0,20.0,-2.3484492663268632,-2.3484492663268632,0.95,2.5890452181723353,2.1862402889118027,2.6650844273199135,0.0,0.01521994679205593,0.0,0.0,0.0,0.0,0,0
-2.5859569655111376,35.0,20.0,-2.5859569655111376,-2.5859569655111376,0.95,2.6434447071245946,2.3962136757755403,3.3181026548696577,0.0,0.012999071494893221,0.0,0.0,0.0,0.0,0,0
-2.9096728843111612,40.0,20.0,-2.9096728843111612,-2.9096728843111612,0.95,2.716334913261759,2.479476548596456,4.4130791274293735,0.0,0.01135895958515104,0.0,0.0,0.0,0.0,0,0
-2.9327913891522104,45.0,20.0,-2.9327913891522104,-2.9327913891522104,0.95,2.767228183594185,2.4077890471153918,4.495811415742754,0.0,0.010143635982386245,0.0,0.0,0.0,0.0,0,0
-2.918196980083299,50.0,20.0,-2.918196980083299,-2.918196980083299,0.95,2.838936733349381,2.377773530326581,4.352715616647604,0.0,0.009047486668856934,0.0,0.0,0.0,0.0,0,0
-2.8989596557102177,55.0,20.0,-2.8989596557102177,-2.8989596557102177,0.95,2.90685274441352,2.341849782758213,4.203024449021026,0.0,0.008529151509192803,0.0,0.0,0.0,0.0,0,0
-2.875113624218088,60.0,20.0,-2.875113624218088,-2.875113624218088,0.95,2.964615175897301,2.307711116337527,4.049359099099143,0.0,0.008359958680663993,0.0,0.0,0.0,0.0,0,0
-2.826978149936867,65.0,20.0,-2.826978149936867,-2.826978149936867,0.95,3.017283912823196,2.2146854183805504,3.8655729208498015,0.0,0.009055658012956921,0.0,0.0,0.0,0.0,0,0
-2.6397229674775837,70.0,20.0,-2.6397229674775837,-2.6397229674775837,0.95,3.062250564844248,1.8360282476822911,3.4483410883832035,0.06269592476489028,0.008876501861957514,0.0,0.0,0.0,0.0,0,0
-2.6001332077060653,75.0,20.0,-2.6001332077060653,-2.6001332077060653,0.95,3.0627618581039275,1.7479295370718204,3.3861237147255507,0.08484848484848485,0.009085826111266425,0.0,0.0,0.0,0.0,0,0
-2.570340302250475,80.0,20.0,-2.570340302250475,-2.570340302250475,0.95,3.0763143157113255,1.6850073893464004,3.311265839890514,0.09253731343283582,0.00892066893371221,0.0,0.0,0.0,0.0,0,0
-2.564302397247605,85.0,20.0,-2.564302397247605,-2.564302397247605,0.95,3.128286190269118,1.6545175375381205,3.2346434493472924,0.09302325581395349,0.009963661938811394,0.0,0.0,0.0,0.0,0,0
-2.5048809929512372,90.0,20.0,-2.5048809929512372,-2.5048809929512372,0.95,3.077420639224192,1.5703877858278794,3.1639728406377166,0.0967741935483871,0.01138322745199915,0.0,0.0,0.0,0.0,0,0
-2.5138377253504802,95.0,20.0,-2.5138377253504802,-2.5138377253504802,0.95,3.1519290786823486,1.566945916462606,3.0840648977939966,0.09686609686609686,0.012953740063212336,0.0,0.0,0.0,0.0,0,0
-2.4414433266749813,100.0,20.0,-2.4414433266749813,-2.4414433266749813,0.95,3.1138363423686597,1.4905747640365608,2.931321264438726,0.09565217391304348,0.015511615448302733,0.0,0.0,0.0,0.0,0,0
-2.4046958444765623,105.0,20.0,-2.4046958444765623,-2.4046958444765623,0.95,3.1118013678765086,1.5185708521603893,2.756758908572018,0.08857142857142856,0.020769441743336576,0.0,0.0,0.0,0.0,0,0
-2.304090880973552,110.0,20.0,-2.304090880973552,-2.304090880973552,0.95,3.018515796636513,1.4677987518621398,2.5873155657897136,0.17094017094017094,0.02472916291397545,0.0,0.0,0.0,0.0,0,0
-2.1878103850933037,115.0,20.0,-2.1878103850933037,-2.1878103850933037,0.95,2.909944304155757,1.3684653047894308,2.4059484434904483,0.1977077363896848,0.029211503030626685,0.0,0.0,0.0,0.0,0,0
-2.083089161323047,120.0,20.0,-2.083089161323047,-2.083089161323047,0.95,2.8062626037614176,1.299100198444338,2.2250806612330405,0.20461095100864554,0.030041847961643987,0.0,0.0,0.0,0.0,0,0
-1.964022052132401,125.0,20.0,-1.964022052132401,-1.964022052132401,0.95,2.6534744284805623,1.23174011030145,2.0377485502315094,0.14739884393063585,0.03062552416206368,0.0,0.0,0.0,0.0,0,0
-1.8527953209028039,130.0,20.0,-1.8527953209028039,-1.8527953209028039,0.95,2.531347398856233,1.1720078788932924,1.8509086840264601,0.15472779369627507,0.035954647426180805,0.0,0.0,0.0,0.0,0,0
-1.742516170484837,135.0,20.0,-1.742516170484837,-1.742516170484837,0.95,2.407304886488075,1.122870899206825,1.659645906042566,0.16034985422740525,0.044017517501518395,0.0,0.0,0.0,0.0,0,0
-1.7590888291185955,140.0,20.0,-1.7590888291185955,-1.7590888291185955,0.95,2.5053472744787086,1.217421615994239,1.4729478937164442,0.1564245810055866,0.055533077078697146,0.0,0.0,0.0,0.0,0,0
-1.6535423162338263,145.0,20.0,-1.6535423162338263,-1.6535423162338263,0.95,2.415132750690641,1.1263118644166097,1.2884177266863972,0.16193181818181818,0.08316052913836253,0.0,0.0,0.0,0.0,0,0
-1.514980468331227,150.0,20.0,-1.514980468331227,-1.514980468331227,0.95,2.3003659119535067,0.9609111034552842,1.0941315254332773,0.18926553672316385,0.12360422983065887,0.0,0.0,0.0,0.0,0,0
-1.4282684095099205,155.0,20.0,-1.4282684095099205,-1.4282684095099205,0.95,2.315054950615402,0.7890321159327099,0.9010494915332883,0.20273972602739726,0.16737304170135472,0.0,0.0,0.0,0.0,0,0
-1.3031600299411166,160.0,20.0,-1.3031600299411166,-1.3031600299411166,0.95,2.2459433809592952,0.6053018789548004,0.6950953220399647,0.20316622691292877,0.19071537290715374,0.0,0.0,0.0,0.0,0,0
-1.4330036037751805,165.0,20.0,-1.4330036037751805,-1.4330036037751805,0.95,2.633454668020377,0.5885177228151912,0.6246033697943907,0.23658536585365852,0.18794286356990214,0.0,0.0,0.0,0.0,0,0
-1.4179016324301252,170.0,20.0,-1.4179016324301252,-1.4179016324301252,0.95,2.65914996884285,0.5406296949199723,0.6278380393863787,0.3787528868360277,0.18175777933631096,0.0,0.0,0.0,0.0,0,0
-1.4206140994266203,175.0,20.0,-1.4206140994266203,-1.4206140994266203,0.95,2.683582638504156,0.5396797598193779,0.621425368661406,0.430952380952381,0.17004995217345095,0.0,0.0,0.0,0.0,0,0
-1.3608446425439769,180.0,20.0,-1.3608446425439769,-1.3608446425439769,0.95,2.5850042965959257,0.4633968813599765,0.615403385691021,0.42857142857142855,0.13277371309119415,0.0,0.0,0.0,0.0,0,0
-1.4119277836869295,185.0,20.0,-1.4119277836869295,-1.4119277836869295,0.95,2.722220743594078,0.46380349614341393,0.6024720959126026,0.43529411764705883,0.09848890475340591,0.0,0.0,0.0,0.0,0,0
-1.0672852847220438,190.0,20.0,-1.0672852847220438,-1.0672852847220438,0.95,1.9410249489663831,0.368202902216641,0.5937945589268248,0.49624060150375937,0.07804878048780488,0.0,0.0,0.0,0.0,0,0
-1.0474796559766326,195.0,20.0,-1.0474796559766326,-1.0474796559766326,0.95,1.886872369726294,0.3732663449982151,0.5825049721947302,0.4621212121212121,0.06168732990625945,0.0,0.0,0.0,0.0,0,0
-1.025923884871172,200.0,20.0,-1.025923884871172,-1.025923884871172,0.95,1.791547813411066,0.41373485863478354,0.5630881397882384,0.349009900990099,0.04731096786336047,0.0,0.0,0.0,0.0,0,0
-0.7457189031455984,205.0,20.0,-0.7457189031455984,-0.7457189031455984,0.95,1.0771712999887157,0.4505247457666437,0.5436713073817501,0.336986301369863,0.0353831515124693,0.0,0.0,0.0,0.0,0,0
-0.5659010067769196,210.0,20.0,-0.5659010067769196,-0.5659010067769196,0.95,0.6213386370077139,0.47931852009208936,0.5242544749752582,0.33527696793002915,0.02543102543102543,0.0,0.0,0.0,0.0,0,0
-0.5479728795326076,215.0,20.0,-0.5479728795326076,-0.5479728795326076,0.95,0.5753631385586656,0.4660928505386118,0.5406213726060279,0.3385093167701863,0.016862390846130684,0.0,0.0,0.0,0.0,0,0
-0.5714477965957716,220.0,20.0,-0.5714477965957716,-0.5714477965957716,0.95,0.6054883984441399,0.4473285659223668,0.5872530679341214,0.2939297124600639,0.010369510543625459,0.0,0.0,0.0,0.0,0,0
-0.5978034125267111,225.0,20.0,-0.5978034125267111,-0.5978034125267111,0.95,0.6474606288958017,0.42811325572609715,0.6281342619338722,0.2524271844660194,0.006387375540108961,0.0,0.0,0.0,0.0,0,0
-0.6107106191819358,230.0,20.0,-0.6107106191819358,-0.6107106191819358,0.95,0.6828306825146181,0.4271703129428026,0.6445488225602739,0.3035143769968051,0.005582989386792453,0.0,0.0,0.0,0.0,0,0
-0.6186374206062409,235.0,20.0,-0.6186374206062409,-0.6186374206062409,0.95,0.7208395932266303,0.4271703129428026,0.6438849629177399,0.37462235649546827,0.006638415510248622,0.0,0.0,0.0,0.0,0,0
-0.6316093477257617,240.0,20.0,-0.6316093477257617,-0.6316093477257617,0.95,0.75715079870987,0.42198685502164623,0.644733395876643,0.3793103448275862,0.009595576276699555,0.0,0.0,0.0,0.0,0,0
-0.6390792990841753,245.0,20.0,-0.6390792990841753,-0.6390792990841753,0.95,0.7727184105330018,0.4357336182829307,0.6461644161071334,0.40482573726541554,0.01415256537869876,0.0,0.0,0.0,0.0,0,0
-0.8779211061989655,250.0,20.0,-0.8779211061989655,-0.8779211061989655,0.95,1.3111267055183151,0.5073167258690706,0.648174165499786,0.35402298850574715,0.01864564176332417,0.0,0.0,0.0,0.0,0,0
-0.9480897641130609,255.0,20.0,-0.9480897641130609,-0.9480897641130609,0.95,1.4453139228841982,0.4834292289827489,0.7480863186272895,0.3791469194312796,0.023269096134713882,0.0,0.0,0.0,0.0,0,0
-0.9269866620477021,260.0,20.0,-0.9269866620477021,-0.9269866620477021,0.95,1.3944168649733186,0.4772571203679859,0.7548606391036073,0.3880952380952381,0.02829870227289776,0.0,0.0,0.0,0.0,0,0
-1.0772726738462701,265.0,20.0,-1.0772726738462701,-1.0772726738462701,0.95,1.7230831878251607,0.5277575593266404,0.7689676630326396,0.3614190687361419,0.033214504753143206,0.0,0.0,0.0,0.0,0,0
-1.1049625277459758,270.0,20.0,-1.1049625277459758,-1.1049625277459758,0.95,1.782896514774082,0.5404632486410856,0.7713200661987428,0.3614190687361419,0.038139169692805966,0.0,0.0,0.0,0.0,0,0
-1.102427603724825,275.0,20.0,-1.102427603724825,-1.102427603724825,0.95,1.7699806934677542,0.5455602263123868,0.7749748706127862,0.35698447893569846,0.04228393815847899,0.0,0.0,0.0,0.0,0,0
-1.057495869408678,280.0,20.0,-1.057495869408678,-1.057495869408678,0.95,1.671111671611639,0.5262640753880544,0.774410253627403,0.3611738148984199,0.04660743638293002,0.0,0.0,0.0,0.0,0,0
-1.0541445901668136,285.0,20.0,-1.0541445901668136,-1.0541445901668136,0.95,1.6818049002136017,0.5933903103844348,0.6667904485527704,0.3362255965292842,0.05085476534373855,0.0,0.0,0.0,0.0,0,0
-1.0705649504063175,290.0,20.0,-1.0705649504063175,-1.0705649504063175,0.95,1.6938370079229568,0.6318505142118208,0.6590473673131371,0.29694323144104806,0.05552808988764045,0.0,0.0,0.0,0.0,0,0
-1.0691708128096185,295.0,20.0,-1.0691708128096185,-1.0691708128096185,0.95,1.6929963736856748,0.6178524264519529,0.6702244203166707,0.3004694835680751,0.06050467686073086,0.0,0.0,0.0,0.0,0,0
-1.0907640788195334,300.0,20.0,-1.0907640788195334,-1.0907640788195334,0.95,1.7390940528539987,0.6319289871157061,0.6588572174278047,0.2757009345794392,0.06654398965534392,0.0,0.0,0.0,0.0,0,0
-1.1041315564742702,305.0,20.0,-1.1041315564742702,-1.1041315564742702,0.95,1.7826734261351227,0.6212370173236059,0.6550117267572777,0.28,0.07323854158392247,0.0,0.0,0.0,0.0,0,0
-1.0259364556648851,310.0,20.0,-1.0259364556648851,-1.0259364556648851,0.95,1.616506584951377,0.5795714448757068,0.6592123098282044,0.30362116991643456,0.08095710038227383,0.0,0.0,0.0,0.0,0,0
-1.0831832529603012,315.0,20.0,-1.0831832529603012,-1.0831832529603012,0.95,1.7380739645441308,0.5764331206170219,0.6949081751725076,0.2988165680473373,0.08988935288200689,0.0,0.0,0.0,0.0,0,0
-1.1248901242090177,320.0,20.0,-1.1248901242090177,-1.1248901242090177,0.95,1.816743727048075,0.5532707828677009,0.7612388811262323,0.30434782608695654,0.10004273925765197,0.0,0.0,0.0,0.0,0,0
-1.174018625507181,325.0,20.0,-1.174018625507181,-1.174018625507181,0.95,1.9256700679140017,0.5096502187056535,0.8295757771451397,0.3105590062111801,0.11362408614542442,0.0,0.0,0.0,0.0,0,0
-1.1923396816980014,330.0,20.0,-1.1923396816980014,-1.1923396816980014,0.95,1.9652142305615912,0.45717038469188603,0.8942971861047995,0.3161290322580645,0.13159158197967513,0.0,0.0,0.0,0.0,0,0
-1.1955719190491227,335.0,20.0,-1.1955719190491227,-1.1955719190491227,0.95,1.9682832738417044,0.41190833898664536,0.9504594323964511,0.3233333333333333,0.15026737967914439,0.0,0.0,0.0,0.0,0,0
-1.2403124315495373,340.0,20.0,-1.2403124315495373,-1.2403124315495373,0.95,2.0895494293358263,0.3686931568147299,1.0023321448255182,0.38263665594855306,0.15183296916727362,0.0,0.0,0.0,0.0,0,0
-1.2160946975526241,345.0,20.0,-1.2160946975526241,-1.2160946975526241,0.95,2.0623320226711415,0.31045164476521747,1.063591882325815,0.5234899328859061,0.13824765264304612,0.0,0.0,0.0,0.0,0,0
-1.2506895847101915,350.0,20.0,-1.2506895847101915,-1.2506895847101915,0.95,2.1164347323075248,0.304469644970463,1.1146776859366527,0.5067114093959731,0.11297368133668231,0.0,0.0,0.0,0.0,0,0
-1.3169021151058724,355.0,20.0,-1.3169021151058724,-1.3169021151058724,0.95,2.137119555057067,0.4772462543248851,1.1619116845578188,0.47735191637630664,0.08526825969341749,0.0,0.0,0.0,0.0,0,0
-1.0975306928487936,0.0,25.0,-1.0975306928487936,-1.0975306928487936,0.95,1.6595440786254751,0.31490712195087334,1.2222092745869375,0.5056603773584906,0.11153292315748134,0.0,0.0,0.0,0.0,0,0
-1.2300907271390213,5.0,25.0,-1.2300907271390213,-1.2300907271390213,0.95,1.703136457026585,0.6011021080390515,1.37667490170693,0.4560810810810811,0.08907837445573295,0.0,0.0,0.0,0.0,0,0
-1.2805118104604332,10.0,25.0,-1.2805118104604332,-1.2805118104604332,0.95,1.7113574038210542,0.6020745437779412,1.5579741371486602,0.4404332129963899,0.06501413350728419,0.0,0.0,0.0,0.0,0,0
-1.3857011732964066,15.0,25.0,-1.3857011732964066,-1.3857011732964066,0.95,1.7351878464304895,0.69831991551703,1.7757111051002425,0.26881720430107525,0.04448676628577009,0.0,0.0,0.0,0.0,0,0
-1.5335649744300843,20.0,25.0,-1.5335649744300843,-1.5335649744300843,0.95,1.7692185903387259,0.9368270617566309,1.9931422353906172,0.06614785992217899,0.028820107464807496,0.0,0.0,0.0,0.0,0,0
-1.6331023323440097,25.0,25.0,-1.6331023323440097,-1.6331023323440097,0.95,1.8077393900914451,1.1750832287851782,2.064943076444548,0.0,0.022852219578239106,0.0,0.0,0.0,0.0,0,0
-1.7672310720612638,30.0,25.0,-1.7672310720612638,-1.7672310720612638,0.95,1.8615815857088536,1.55955937514593,2.1308343759649584,0.0,0.020669065298935925,0.0,0.0,0.0,0.0,0,0
-1.81678819842837,35.0,25.0,-1.81678819842837,-1.81678819842837,0.95,1.8910202451113822,1.6976984479329777,2.1438219536022904,0.0,0.017922049879440027,0.0,0.0,0.0,0.0,0,0
-1.9381291360149189,40.0,25.0,-1.9381291360149189,-1.9381291360149189,0.95,1.9219010526204054,1.747990604425875,2.5294842554411514,0.0,0.016157130657557642,0.0,0.0,0.0,0.0,0,0
-1.969275089557679,45.0,25.0,-1.969275089557679,-1.969275089557679,0.95,1.9941855865927938,1.7817828528916584,2.504620566790587,0.0,0.015199058638948814,0.0,0.0,0.0,0.0,0,0
-2.226189853191958,50.0,25.0,-2.226189853191958,-2.226189853191958,0.95,2.091053382527113,1.8171255705149518,3.3419484302095,0.0,0.013801361230148726,0.0,0.0,0.0,0.0,0,0
-2.272605920175452,55.0,25.0,-2.272605920175452,-2.272605920175452,0.95,2.189113925136011,1.7779352038137768,3.4099061966704114,0.0,0.012561124694376528,0.0,0.0,0.0,0.0,0,0
-2.3352072706959786,60.0,25.0,-2.3352072706959786,-2.3352072706959786,0.95,2.2741326451159205,1.7584327077344002,3.54378414286404,0.0,0.011758386057061001,0.0,0.0,0.0,0.0,0,0
-2.322263551486565,65.0,25.0,-2.322263551486565,-2.322263551486565,0.95,2.346025610041876,1.6880402561552028,3.447372973724053,0.0,0.011014441808008906,0.0,0.0,0.0,0.0,0,0
-2.222625838588809,70.0,25.0,-2.222625838588809,-2.222625838588809,0.95,2.344100224207221,1.4439436429752632,3.339661324479405,0.10915492957746478,0.010493666115894135,0.0,0.0,0.0,0.0,0,0
-2.167669056999627,75.0,25.0,-2.167669056999627,-2.167669056999627,0.95,2.3310073970360197,1.374660912955739,3.2170884112919853,0.1267123287671233,0.010269428258235735,0.0,0.0,0.0,0.0,0,0
-2.1479809456256236,80.0,25.0,-2.1479809456256236,-2.1479809456256236,0.95,2.381885675741776,1.3427141769850766,3.0926775741644628,0.1362126245847176,0.010244309516272913,0.0,0.0,0.0,0.0,0,0
-2.095896619880731,85.0,25.0,-2.095896619880731,-2.095896619880731,0.95,2.370054583213345,1.2790718029534303,2.9659390491137603,0.13377926421404682,0.011993742395272032,0.0,0.0,0.0,0.0,0,0
-2.057224954274378,90.0,25.0,-2.057224954274378,-2.057224954274378,0.95,2.39603966931866,1.2225449434241358,2.8302077426327994,0.1437908496732026,0.014347369648897702,0.0,0.0,0.0,0.0,0,0
-2.0224160545973335,95.0,25.0,-2.0224160545973335,-2.0224160545973335,0.95,2.4242498391075933,1.179294021728181,2.687414609933159,0.1396103896103896,0.01674839014592072,0.0,0.0,0.0,0.0,0,0
-1.9892737849919113,100.0,25.0,-1.9892737849919113,-1.9892737849919113,0.95,2.4526103036673055,1.1463849584302122,2.5423778515139,0.1396103896103896,0.020610206102061022,0.0,0.0,0.0,0.0,0,0
-1.9194134131318015,105.0,25.0,-1.9194134131318015,-1.9194134131318015,0.95,2.3800016539725446,1.1354074563894152,2.3908351896531013,0.1414790996784566,0.027443990288576785,0.0,0.0,0.0,0.0,0,0
-1.8320621393944185,110.0,25.0,-1.8320621393944185,-1.8320621393944185,0.95,2.286722749686445,1.1169092308806168,2.242326516942336,0.22435897435897437,0.034775986800355374,0.0,0.0,0.0,0.0,0,0
-1.7538701381578128,115.0,25.0,-1.7538701381578128,-1.7538701381578128,0.95,2.204353220358222,1.1102097223868141,2.0808373232409023,0.2563291139240506,0.042800788954635106,0.0,0.0,0.0,0.0,0,0
-1.6464622175101995,120.0,25.0,-1.6464622175101995,-1.6464622175101995,0.95,2.0894660720967186,1.028779255723909,1.919917589813874,0.26498422712933756,0.04622663988834803,0.0,0.0,0.0,0.0,0,0
-1.6078009954890828,125.0,25.0,-1.6078009954890828,-1.6078009954890828,0.95,2.1044882028862824,1.01912092006458,1.749461207790417,0.2613981762917933,0.048488687145923505,0.0,0.0,0.0,0.0,0,0
-1.5168077277836935,130.0,25.0,-1.5168077277836935,-1.5168077277836935,0.95,1.9885819879399274,1.0040265762799478,1.5817752689545677,0.25075528700906347,0.0562824354944814,0.0,0.0,0.0,0.0,0,0
-1.4184632282803795,135.0,25.0,-1.4184632282803795,-1.4184632282803795,0.95,1.880622503938966,0.9367071763742362,1.4007651150603204,0.18153846153846154,0.0706755470980019,0.0,0.0,0.0,0.0,0,0
-1.318385798887769,140.0,25.0,-1.318385798887769,-1.318385798887769,0.95,1.7584327077344009,0.8980990017784568,1.2292415810237467,0.16822429906542055,0.0994346658113147,0.0,0.0,0.0,0.0,0,0
-1.2537336822305694,145.0,25.0,-1.2537336822305694,-1.2537336822305694,0.95,1.7220147115561941,0.8755205549538808,1.0506558922760687,0.1661631419939577,0.14383763526885343,0.0,0.0,0.0,0.0,0,0
-1.2770118001487871,150.0,25.0,-1.2770118001487871,-1.2770118001487871,0.95,1.94627940985878,0.7901057445102427,0.8794499558664135,0.18888888888888888,0.18901804302567662,0.0,0.0,0.0,0.0,0,0
-1.190712221910067,155.0,25.0,-1.190712221910067,-1.190712221910067,0.95,1.9376261197048952,0.6436067796666336,0.6994810877956641,0.20110192837465565,0.2196035242290749,0.0,0.0,0.0,0.0,0,0
-1.1093697077210392,160.0,25.0,-1.1093697077210392,-1.1093697077210392,0.95,1.938017791779651,0.48914115254664114,0.5322918201857254,0.21195652173913043,0.22873977662474718,0.0,0.0,0.0,0.0,0,0
-1.0933919684646825,165.0,25.0,-1.0933919684646825,-1.0933919684646825,0.95,1.9888725208283302,0.4660039777557863,0.4855829165410555,0.40053763440860213,0.22372307157748436,0.0,0.0,0.0,0.0,0,0
-1.0766313016453513,170.0,25.0,-1.0766313016453513,-1.0766313016453513,0.95,1.970872433339533,0.440254265445327,0.4881438649971263,0.4381720430107527,0.21587477136415842,0.0,0.0,0.0,0.0,0,0
-1.0508264773532767,175.0,25.0,-1.0508264773532767,-1.0508264773532767,0.95,1.9893544756160777,0.34224246290236576,0.4855829165410591,0.5187165775401069,0.2010659506082428,0.0,0.0,0.0,0.0,0,0
-1.0617708629481697,180.0,25.0,-1.0617708629481697,-1.0617708629481697,0.95,2.019657777686096,0.3325062818820387,0.48532252781068874,0.5054945054945055,0.1557180352455943,0.0,0.0,0.0,0.0,0,0
-0.830822199375158,185.0,25.0,-0.830822199375158,-0.830822199375158,0.95,1.5030542119771708,0.2574427118666538,0.4767951235966044,0.5395894428152492,0.1165346193592835,0.0,0.0,0.0,0.0,0,0
-0.8425907079225017,190.0,25.0,-0.8425907079225017,-0.8425907079225017,0.95,1.5137227598126217,0.29605911864665213,0.4687778922440098,0.5410764872521246,0.09477528982054947,0.0,0.0,0.0,0.0,0,0
-0.7812378336112508,195.0,25.0,-0.7812378336112508,-0.7812378336112508,0.95,1.34866076264535,0.32326334473813295,0.46668791233145285,0.5571428571428572,0.07835898041763889,0.0,0.0,0.0,0.0,0,0
-0.7840456624882799,200.0,25.0,-0.7840456624882799,-0.7840456624882799,0.95,1.3085592298666813,0.36085275556382534,0.44820736456294424,0.4164305949008499,0.06356907210778742,0.0,0.0,0.0,0.0,0,0
-0.6286343247704558,205.0,25.0,-0.6286343247704558,-0.6286343247704558,0.95,0.8933706201596147,0.3990362033933126,0.44658714534929445,0.40119760479041916,0.05158231164204129,0.0,0.0,0.0,0.0,0,0
-0.4733821777781369,210.0,25.0,-0.4733821777781369,-0.4733821777781369,0.95,0.5077499545045439,0.39363390243859103,0.4376526101733109,0.3753943217665615,0.042455421807102545,0.0,0.0,0.0,0.0,0,0
-0.4734337211484529,215.0,25.0,-0.4734337211484529,-0.4734337211484529,0.95,0.4855402569676957,0.38833664812981894,0.47626901695331014,0.3693379790940767,0.03383089345185327,0.0,0.0,0.0,0.0,0,0
-0.4836404406549297,220.0,25.0,-0.4836404406549297,-0.4836404406549297,0.95,0.5148854237333067,0.36891981572333066,0.5023886492047877,0.4014084507042254,0.027249345413258567,0.0,0.0,0.0,0.0,0,0
-0.4918639012009609,225.0,25.0,-0.4918639012009609,-0.4918639012009609,0.95,0.5406296949199723,0.36041979661331425,0.5406296949199723,0.4965034965034965,0.0225053557334536,0.0,0.0,0.0,0.0,0,0
-0.5106135017586234,230.0,25.0,-0.5106135017586234,-0.5106135017586234,0.95,0.5691957799050684,0.36041979661331425,0.5663739661066387,0.4876325088339223,0.019438301636444052,0.0,0.0,0.0,0.0,0,0
-0.5308000224132132,235.0,25.0,-0.5308000224132132,-0.5308000224132132,0.95,0.6049903728866362,0.3579346907436657,0.5924365116331297,0.48788927335640137,0.01927358449382285,0.0,0.0,0.0,0.0,0,0
-0.5352402313194738,240.0,25.0,-0.5352402313194738,-0.5352402313194738,0.95,0.6307346440733008,0.330086150910347,0.6159366319858601,0.535593220338983,0.02053828970482986,0.0,0.0,0.0,0.0,0,0
-0.54421432165528,245.0,25.0,-0.54421432165528,-0.54421432165528,0.95,0.6436067796666345,0.32968512841453745,0.6307346440733008,0.5333333333333333,0.024247818347588244,0.0,0.0,0.0,0.0,0,0
-0.6984841285462922,250.0,25.0,-0.6984841285462922,-0.6984841285462922,0.95,0.9665009947859962,0.3972663115656274,0.6318842098477412,0.45403899721448465,0.028528397433099054,0.0,0.0,0.0,0.0,0,0
-0.7389052116853312,255.0,25.0,-0.7389052116853312,-0.7389052116853312,0.95,1.055257206151595,0.4106765468542036,0.6353945586624552,0.44715447154471544,0.03331127288771233,0.0,0.0,0.0,0.0,0,0
-0.74058110870162,260.0,25.0,-0.74058110870162,-0.74058110870162,0.95,1.0573338118532503,0.41285535164690856,0.6353945586624556,0.4441489361702128,0.03830216149624818,0.0,0.0,0.0,0.0,0,0
-0.741824245823532,265.0,25.0,-0.741824245823532,-0.741824245823532,0.95,1.0545507582860947,0.4191666659193754,0.6353945586624556,0.43636363636363634,0.04397920150262272,0.0,0.0,0.0,0.0,0,0
-0.8318576789533216,270.0,25.0,-0.8318576789533216,-0.8318576789533216,0.95,1.2620668835128763,0.44046672211377685,0.6352380274604532,0.41895261845386533,0.049172266841501396,0.0,0.0,0.0,0.0,0,0
-0.849041177304308,275.0,25.0,-0.849041177304308,-0.849041177304308,0.95,1.2977460934779383,0.44829135805752063,0.6352513137538186,0.4094292803970223,0.05395588270669457,0.0,0.0,0.0,0.0,0,0
-0.8464631015221702,280.0,25.0,-0.8464631015221702,-0.8464631015221702,0.95,1.2866663416845037,0.45345053461028995,0.6363292409926614,0.40648379052369077,0.05886577513620604,0.0,0.0,0.0,0.0,0,0
-0.8780481329960588,285.0,25.0,-0.8780481329960588,-0.8780481329960588,0.95,1.3502284727618192,0.46953775412897136,0.6384116704159445,0.3903061224489796,0.06456079175426901,0.0,0.0,0.0,0.0,0,0
-0.8402961458299238,290.0,25.0,-0.8402961458299238,-0.8402961458299238,0.95,1.2520996438034393,0.4762690169533097,0.6310185018722807,0.3736559139784946,0.07023206188316884,0.0,0.0,0.0,0.0,0,0
-0.8354264292658562,295.0,25.0,-0.8354264292658562,-0.8354264292658562,0.95,1.230015584927462,0.48914115254664114,0.6310185018722808,0.36619718309859156,0.07664610489295783,0.0,0.0,0.0,0.0,0,0
-0.8592909577647324,300.0,25.0,-0.8592909577647324,-0.8592909577647324,0.95,1.282512647561966,0.506312425511154,0.6178625084799689,0.3475783475783476,0.08377870441064192,0.0,0.0,0.0,0.0,0,0
-0.8734172646271052,305.0,25.0,-0.8734172646271052,-0.8734172646271052,0.95,1.3050612529184094,0.5241064036872392,0.6120035723074154,0.3263473053892216,0.09229240419849699,0.0,0.0,0.0,0.0,0,0
-0.9087239366742436,310.0,25.0,-0.9087239366742436,-0.9087239366742436,0.95,1.3704146731516293,0.5260060171509489,0.6434989797761453,0.3181818181818182,0.10262102786705987,0.0,0.0,0.0,0.0,0,0
-0.9100315227263295,315.0,25.0,-0.9100315227263295,-0.9100315227263295,0.95,1.352135206575052,0.5020132881399739,0.7024919994018098,0.3194888178913738,0.11459259522708681,0.0,0.0,0.0,0.0,0,0
-0.958376462514362,320.0,25.0,-0.958376462514362,-0.958376462514362,0.95,1.4471609899856224,0.46380349614341404,0.7836946081247402,0.32362459546925565,0.12920742509435415,0.0,0.0,0.0,0.0,0,0
-0.9493625151134962,325.0,25.0,-0.9493625151134962,-0.9493625151134962,0.95,1.4128282261430736,0.4267681582675864,0.8524102614842415,0.35563380281690143,0.14574320635053972,0.0,0.0,0.0,0.0,0,0
-0.9776893017278192,330.0,25.0,-0.9776893017278192,-0.9776893017278192,0.95,1.4649263618677166,0.3990362033933126,0.9138242259894716,0.36496350364963503,0.1640177416374053,0.0,0.0,0.0,0.0,0,0
-1.012901165751036,335.0,25.0,-1.012901165751036,-1.012901165751036,0.95,1.5354574286034006,0.3650966313417566,0.970867054987856,0.3527272727272727,0.17870127247020803,0.0,0.0,0.0,0.0,0,0
-1.0186437498410215,340.0,25.0,-1.0186437498410215,-1.0186437498410215,0.95,1.5921802573322665,0.32413804965017756,1.0175470781282674,0.5364963503649635,0.17741320106829456,0.0,0.0,0.0,0.0,0,0
-1.0461245166726512,345.0,25.0,-1.0461245166726512,-1.0461245166726512,0.95,1.6492486716715236,0.28722021390365166,1.067732647151661,0.5231316725978647,0.16400140072370725,0.0,0.0,0.0,0.0,0,0
-1.0529128819876679,350.0,25.0,-1.0529128819876679,-1.0529128819876679,0.95,1.6504307545517385,0.25474341366161735,1.1274548620624518,0.5280898876404494,0.1352,0.0,0.0,0.0,0.0,0,0
-1.1189452706056733,355.0,25.0,-1.1189452706056733,-1.1189452706056733,0.95,1.6892644193647222,0.39865304983484917,1.1707207322136073,0.4910394265232975,0.10933999103770566,0.0,0.0,0.0,0.0,0,0
-0.9524867217086778,0.0,30.0,-0.9524867217086778,-0.9524867217086778,0.95,1.342106042791441,0.24811988176596392,1.2222092745869375,0.5193798449612403,0.12417828505381781,0.0,0.0,0.0,0.0,0,0
-1.0582662143518722,5.0,30.0,-1.0582662143518722,-1.0582662143518722,0.95,1.358845517681238,0.5089237096291723,1.3380584949269316,0.47017543859649125,0.10630407911001236,0.0,0.0,0.0,0.0,0,0
-1.1273658301994849,10.0,30.0,-1.1273658301994849,-1.1273658301994849,0.95,1.3674042734482295,0.6317648371112844,1.468834697016946,0.44745762711864406,0.08203296358964718,0.0,0.0,0.0,0.0,0,0
-1.1528643890356958,15.0,30.0,-1.1528643890356958,-1.1528643890356958,0.95,1.4000422485880892,0.6135059892965691,1.514774428469229,0.392226148409894,0.061631351105035315,0.0,0.0,0.0,0.0,0,0
-1.2607828612983496,20.0,30.0,-1.2607828612983496,-1.2607828612983496,0.95,1.4354262589348599,0.842414471589126,1.5358531411266787,0.07954545454545454,0.04617070116861436,0.0,0.0,0.0,0.0,0,0
-1.3274006704771746,25.0,30.0,-1.3274006704771746,-1.3274006704771746,0.95,1.47779025742743,0.9550486670071846,1.596364112821547,0.01568627450980392,0.03214302925160233,0.0,0.0,0.0,0.0,0,0
-1.416193120289103,30.0,30.0,-1.416193120289103,-1.416193120289103,0.95,1.5162394632782328,1.21507535871716,1.6237139811940788,0.0,0.0248657430389458,0.0,0.0,0.0,0.0,0,0
-1.4391633611964152,35.0,30.0,-1.4391633611964152,-1.4391633611964152,0.95,1.5426227625490414,1.2528825376125834,1.6355744870946107,0.0,0.0223256211047554,0.0,0.0,0.0,0.0,0,0
-1.4600057447986647,40.0,30.0,-1.4600057447986647,-1.4600057447986647,0.95,1.5502896510616015,1.3009505222470126,1.6586090152490838,0.0,0.019474196689386564,0.0,0.0,0.0,0.0,0,0
-1.5527515650463881,45.0,30.0,-1.5527515650463881,-1.5527515650463881,0.95,1.5327947710595304,1.367075891330902,1.991458735159402,0.0,0.017040149393090568,0.0,0.0,0.0,0.0,0,0
-1.5799865730200862,50.0,30.0,-1.5799865730200862,-1.5799865730200862,0.95,1.588300005848334,1.3925557937122468,1.9861104890107624,0.0,0.015716058202052862,0.0,0.0,0.0,0.0,0,0
-1.659023289411793,55.0,30.0,-1.659023289411793,-1.659023289411793,0.95,1.6987936275941522,1.4329735427991521,2.0850498106973756,0.0,0.01577160381147092,0.0,0.0,0.0,0.0,0,0
-1.823709284748435,60.0,30.0,-1.823709284748435,-1.823709284748435,0.95,1.7640166325753492,1.3877694561765528,2.6846410706966277,0.0,0.015277529894699268,0.0,0.0,0.0,0.0,0,0
-1.8651864458179588,65.0,30.0,-1.8651864458179588,-1.8651864458179588,0.95,1.8169402437122029,1.3786397432072077,2.7750016501251027,0.0,0.01486311213937673,0.0,0.0,0.0,0.0,0,0
-1.8270882134816469,70.0,30.0,-1.8270882134816469,-1.8270882134816469,0.95,1.8421747981384569,1.2871313033958647,2.7010511104569828,0.06827309236947791,0.014430563726338374,0.0,0.0,0.0,0.0,0,0
-1.7922340108581991,75.0,30.0,-1.7922340108581991,-1.7922340108581991,0.95,1.8793317966265697,1.1591917539669,2.6677953643218673,0.1624548736462094,0.013763204073908407,0.0,0.0,0.0,0.0,0,0
-1.7636272843838205,80.0,30.0,-1.7636272843838205,-1.7636272843838205,0.95,1.931152250152203,1.1302514574173184,2.501782500927071,0.16842105263157894,0.014599292363711313,0.0,0.0,0.0,0.0,0,0
-1.7478170156217616,85.0,30.0,-1.7478170156217616,-1.7478170156217616,0.95,1.9717042173073323,1.100109800536733,2.404017721155134,0.16896551724137931,0.017628149735577754,0.0,0.0,0.0,0.0,0,0
-1.7345065023778465,90.0,30.0,-1.7345065023778465,-1.7345065023778465,0.95,2.0085120376448313,1.0636996163227457,2.3285037431264017,0.1694915254237288,0.020220652211742594,0.0,0.0,0.0,0.0,0,0
-1.7210431494565144,95.0,30.0,-1.7210431494565144,-1.7210431494565144,0.95,2.0451439130849347,1.057785895570288,2.217456104619538,0.15824915824915825,0.022953355126717985,0.0,0.0,0.0,0.0,0,0
-1.665902402393385,100.0,30.0,-1.665902402393385,-1.665902402393385,0.95,2.0049029213300362,0.9910540031237474,2.1318250262814655,0.16778523489932887,0.0276507573592455,0.0,0.0,0.0,0.0,0,0
-1.6251550890836295,105.0,30.0,-1.6251550890836295,-1.6251550890836295,0.95,1.9461155593406863,0.9928646663665275,2.05908707409266,0.16279069767441862,0.037141393442622954,0.0,0.0,0.0,0.0,0,0
-1.5694162958026883,110.0,30.0,-1.5694162958026883,-1.5694162958026883,0.95,1.8922039322199042,0.9999538604940733,1.939795420775222,0.22402597402597402,0.045721161076853666,0.0,0.0,0.0,0.0,0,0
-1.496827389803401,115.0,30.0,-1.496827389803401,-1.496827389803401,0.95,1.812396691541241,0.965120491132377,1.828583869811963,0.26557377049180325,0.05912456868142519,0.0,0.0,0.0,0.0,0,0
-1.4088860864555037,120.0,30.0,-1.4088860864555037,-1.4088860864555037,0.95,1.716881286903761,0.9268810888062057,1.6798350161516091,0.29545454545454547,0.06943116634799235,0.0,0.0,0.0,0.0,0,0
-1.3273791869729556,125.0,30.0,-1.3273791869729556,-1.3273791869729556,0.95,1.6360809585150395,0.8774345218674081,1.534097915330288,0.29936305732484075,0.08067281783293868,0.0,0.0,0.0,0.0,0,0
-1.2152014260179373,130.0,30.0,-1.2152014260179373,-1.2152014260179373,0.95,1.5116741793709012,0.7841966620011178,1.3804059251097625,0.30618892508143325,0.10167054345527596,0.0,0.0,0.0,0.0,0,0
-1.1395421341968368,135.0,30.0,-1.1395421341968368,-1.1395421341968368,0.95,1.4321194811186544,0.7616866392240201,1.2277744338437675,0.30670926517571884,0.1358986848514369,0.0,0.0,0.0,0.0,0,0
-1.151302792501678,140.0,30.0,-1.151302792501678,-1.151302792501678,0.95,1.5143082523157365,0.8247314547352715,1.0725425232964676,0.2873900293255132,0.17494419642857142,0.0,0.0,0.0,0.0,0,0
-1.0909684952041616,145.0,30.0,-1.0909684952041616,-1.0909684952041616,0.95,1.5170145336809253,0.7369157120550551,0.914185881924134,0.2861271676300578,0.2189840993668745,0.0,0.0,0.0,0.0,0,0
-1.0005307466115434,150.0,30.0,-1.0005307466115434,-1.0005307466115434,0.95,1.4641901177805878,0.6171364514914,0.7604110014765931,0.2953216374269006,0.25770433229120143,0.0,0.0,0.0,0.0,0,0
-0.955203491359936,155.0,30.0,-0.955203491359936,-0.955203491359936,0.95,1.5101727331093489,0.49868266626402863,0.6049903728866362,0.2478386167146974,0.27377680043980207,0.0,0.0,0.0,0.0,0,0
-0.879087275332459,160.0,30.0,-0.879087275332459,-0.879087275332459,0.95,1.473443861148732,0.39079087934119183,0.4633968813599756,0.23837209302325582,0.26803919627833317,0.0,0.0,0.0,0.0,0,0
-0.8429245159012336,165.0,30.0,-0.8429245159012336,-0.8429245159012336,0.95,1.4939448677397615,0.36891981572333066,0.3959422429737688,0.4586894586894587,0.2612753481553872,0.0,0.0,0.0,0.0,0,0
-0.8010179629516587,170.0,30.0,-0.8010179629516587,-0.8010179629516587,0.95,1.4658922603085804,0.2887481727532685,0.39173514301940776,0.5545977011494253,0.2508460035270006,0.0,0.0,0.0,0.0,0,0
-0.8110946869032799,175.0,30.0,-0.8110946869032799,-0.8110946869032799,0.95,1.5428475139639,0.20958333295968737,0.39173514301940776,0.5637393767705382,0.2313089434598387,0.0,0.0,0.0,0.0,0,0
-0.6659818033371856,180.0,30.0,-0.6659818033371856,-0.6659818033371856,0.95,1.2184062335073138,0.1549001431859618,0.3902519431768454,0.5766871165644172,0.183476938672073,0.0,0.0,0.0,0.0,0,0
-0.6906302624024364,185.0,30.0,-0.6906302624024364,-0.6906302624024364,0.95,1.2290489221206014,0.23169844067998824,0.3891890540336894,0.562111801242236,0.13993759750390017,0.0,0.0,0.0,0.0,0,0
-0.6484296324031666,190.0,30.0,-0.6484296324031666,-0.6484296324031666,0.95,1.109143324227575,0.2581739012254321,0.3901987987196877,0.573208722741433,0.11636652925435742,0.0,0.0,0.0,0.0,0,0
-0.6571833294109066,195.0,30.0,-0.6571833294109066,-0.6571833294109066,0.95,1.1079602140049607,0.29605911864665213,0.3883366481298225,0.5709969788519638,0.0989851150202977,0.0,0.0,0.0,0.0,0,0
-0.5721639705850188,200.0,30.0,-0.5721639705850188,-0.5721639705850188,0.95,0.902581677755997,0.3218033898333177,0.38649889788044395,0.6594427244582043,0.08421186737586393,0.0,0.0,0.0,0.0,0,0
-0.44742409818255036,205.0,30.0,-0.44742409818255036,-0.44742409818255036,0.95,0.5802210563671428,0.3390011423479334,0.37314541871573986,0.6270096463022508,0.07198114347878641,0.0,0.0,0.0,0.0,0,0
-0.3982397615531008,210.0,30.0,-0.3982397615531008,-0.3982397615531008,0.95,0.45044136589684913,0.330086150910347,0.3905327229389929,0.6209150326797386,0.062453102453102455,0.0,0.0,0.0,0.0,0,0
-0.40487127009342067,215.0,30.0,-0.40487127009342067,-0.40487127009342067,0.95,0.4502800651319739,0.3160865669420234,0.42478047457997814,0.6045751633986928,0.053931647679911085,0.0,0.0,0.0,0.0,0,0
-0.4062994326979823,220.0,30.0,-0.4062994326979823,-0.4062994326979823,0.95,0.4547092060549911,0.29605911864665213,0.4505247457666437,0.6223021582733813,0.048111075234097515,0.0,0.0,0.0,0.0,0,0
-0.42208204880821865,225.0,30.0,-0.42208204880821865,-0.42208204880821865,0.95,0.4782432680982793,0.29380135726455586,0.47626901695331014,0.6173285198555957,0.04438841173535051,0.0,0.0,0.0,0.0,0,0
-0.4450420366780868,230.0,30.0,-0.4450420366780868,-0.4450420366780868,0.95,0.5028235762371543,0.308931254239984,0.5020132881399748,0.5882352941176471,0.042070530006186845,0.0,0.0,0.0,0.0,0,0
-0.45862305524523433,235.0,30.0,-0.45862305524523433,-0.45862305524523433,0.95,0.5277575593266404,0.308931254239984,0.5237959306418579,0.6066176470588235,0.042487574869376835,0.0,0.0,0.0,0.0,0,0
-0.46536445139824545,240.0,30.0,-0.46536445139824545,-0.46536445139824545,0.95,0.5406296949199723,0.2923880608999442,0.5406213726060279,0.5913978494623656,0.04331416702550723,0.0,0.0,0.0,0.0,0,0
-0.4698737003626895,245.0,30.0,-0.4698737003626895,-0.4698737003626895,0.95,0.553501830513305,0.28097258744016573,0.5534787257487446,0.6013986013986014,0.04483499810342648,0.0,0.0,0.0,0.0,0,0
-0.5482070759838487,250.0,30.0,-0.5482070759838487,-0.5482070759838487,0.95,0.6953903872817155,0.33016814133340117,0.5618002488336014,0.5294117647058824,0.04685197418568016,0.0,0.0,0.0,0.0,0,0
-0.5611281591945354,255.0,30.0,-0.5611281591945354,-0.5611281591945354,0.95,0.7224257656192371,0.331043253668523,0.5667066991522738,0.5227963525835866,0.05119523956089053,0.0,0.0,0.0,0.0,0,0
-0.580342641934079,260.0,30.0,-0.580342641934079,-0.580342641934079,0.95,0.7586146189838036,0.33556999132490867,0.5792461016999724,0.5180722891566265,0.05569297263519671,0.0,0.0,0.0,0.0,0,0
-0.5717735198890544,265.0,30.0,-0.5717735198890544,-0.5717735198890544,0.95,0.7384723037265816,0.33467552542664913,0.5792461016999724,0.5209580838323353,0.06055381677364596,0.0,0.0,0.0,0.0,0,0
-0.696326173349877,270.0,30.0,-0.696326173349877,-0.696326173349877,0.95,1.0209450147995989,0.36509663134175746,0.5804988552798012,0.48450704225352115,0.06596921075455334,0.0,0.0,0.0,0.0,0,0
-0.7017289523015897,275.0,30.0,-0.7017289523015897,-0.7017289523015897,0.95,1.0304078596633213,0.3696452975031685,0.5795783882192774,0.4774011299435028,0.07129367327667611,0.0,0.0,0.0,0.0,0,0
-0.6793204355350038,280.0,30.0,-0.6793204355350038,-0.6793204355350038,0.95,0.978328653513743,0.36122204109659367,0.5843937977845449,0.484149855907781,0.07679112585053462,0.0,0.0,0.0,0.0,0,0
-0.6921550323160969,285.0,30.0,-0.6921550323160969,-0.6921550323160969,0.95,0.9989425529518099,0.3778094586916642,0.5792461016999715,0.4668587896253602,0.08358429288455861,0.0,0.0,0.0,0.0,0,0
-0.7098176241352824,290.0,30.0,-0.7098176241352824,-0.7098176241352824,0.95,1.0155660236873338,0.41373485863478354,0.569361563428441,0.4218289085545723,0.09029352288743182,0.0,0.0,0.0,0.0,0,0
-0.7155175969836646,295.0,30.0,-0.7155175969836646,-0.7155175969836646,0.95,1.0136946749088538,0.4358743318860514,0.565730359326971,0.4036144578313253,0.09800913942415236,0.0,0.0,0.0,0.0,0,0
-0.7516608707191709,300.0,30.0,-0.7516608707191709,-0.7516608707191709,0.95,1.0863169614788335,0.4633968813599765,0.5534677306277768,0.3708206686930091,0.10674345409495747,0.0,0.0,0.0,0.0,0,0
-0.7084210077176814,305.0,30.0,-0.7084210077176814,-0.7084210077176814,0.95,0.9710336295673283,0.4505247457666437,0.5804988552798002,0.37748344370860926,0.11563305213370513,0.0,0.0,0.0,0.0,0,0
-0.7335556717437797,310.0,30.0,-0.7335556717437797,-0.7335556717437797,0.95,1.0243871960990851,0.4376526101733118,0.6052015697546798,0.3691275167785235,0.12383553443825059,0.0,0.0,0.0,0.0,0,0
-0.7770231815230904,315.0,30.0,-0.7770231815230904,-0.7770231815230904,0.95,1.0749330673624515,0.4376526101733118,0.6936027636946827,0.3576388888888889,0.13237461657969168,0.0,0.0,0.0,0.0,0,0
-0.8161917259944406,320.0,30.0,-0.8161917259944406,-0.8161917259944406,0.95,1.1347378658606608,0.41190833898664625,0.7776288568070407,0.3508771929824561,0.14372357237432196,0.0,0.0,0.0,0.0,0,0
-0.8457501858778866,325.0,30.0,-0.8457501858778866,-0.8457501858778866,0.95,1.1773552343154035,0.3861640677999807,0.8578711681904325,0.36200716845878134,0.16145204716368025,0.0,0.0,0.0,0.0,0,0
-0.8715210783416769,330.0,30.0,-0.8715210783416769,-0.8715210783416769,0.95,1.2290671427459643,0.36250583900620226,0.9299648188607351,0.43223443223443225,0.17714170326619214,0.0,0.0,0.0,0.0,0,0
-0.8868218097258668,335.0,30.0,-0.8868218097258668,-0.8868218097258668,0.95,1.2704617475875837,0.34224246290236676,0.9832150707700572,0.5272727272727272,0.18595064035618095,0.0,0.0,0.0,0.0,0,0
-0.9057660369915905,340.0,30.0,-0.9057660369915905,-0.9057660369915905,0.95,1.3026937183239091,0.31136244694743886,1.0346381285122623,0.5181159420289855,0.18738845925044617,0.0,0.0,0.0,0.0,0,0
-0.9268928458150283,345.0,30.0,-0.9268928458150283,-0.9268928458150283,0.95,1.3397614360478833,0.2920585644765171,1.0762740831507778,0.5109489051094891,0.17605273262511198,0.0,0.0,0.0,0.0,0,0
-0.9422429898561074,350.0,30.0,-0.9422429898561074,-0.9422429898561074,0.95,1.3658475840366366,0.26367975989584064,1.1274548620624518,0.518796992481203,0.1504610794684025,0.0,0.0,0.0,0.0,0,0
-0.9311482133043406,355.0,30.0,-0.9311482133043406,-0.9311482133043406,0.95,1.3397614360478833,0.2089646993168211,1.1835928678069392,0.528957528957529,0.1251761059453367,0.0,0.0,0.0,0.0,0,0
-0.8634204571434491,0.0,35.0,-0.8634204571434491,-0.8634204571434491,0.95,1.1083701001914126,0.2671427793768798,1.2193007350445029,0.5153846153846153,0.1310297377876309,0.0,0.0,0.0,0.0,0,0
-0.8937111760518471,5.0,35.0,-0.8937111760518471,-0.8937111760518471,0.95,1.107485286772035,0.3917351430194044,1.204681489449502,0.4838709677419355,0.11911687924218692,0.0,0.0,0.0,0.0,0,0
-0.9162365502627483,10.0,35.0,-0.9162365502627483,-0.9162365502627483,0.95,1.128399741512983,0.3774247945447659,1.2776700553795721,0.4889705882352941,0.09762679028575383,0.0,0.0,0.0,0.0,0,0
-0.9842758367627316,15.0,35.0,-0.9842758367627316,-0.9842758367627316,0.95,1.163201622220942,0.5372333016016941,1.3163698275181024,0.44405594405594406,0.08007185936096498,0.0,0.0,0.0,0.0,0,0
-1.0408183774822872,20.0,35.0,-1.0408183774822872,-1.0408183774822872,0.95,1.202218440548145,0.6397979071577338,1.3113764795737726,0.2786259541984733,0.0636675336959092,0.0,0.0,0.0,0.0,0,0
-1.1227625342945609,25.0,35.0,-1.1227625342945609,-1.1227625342945609,0.95,1.2488729806519614,0.7627384338432187,1.349087266307696,0.04743083003952569,0.04910199373867194,0.0,0.0,0.0,0.0,0,0
-1.1656814965039068,30.0,35.0,-1.1656814965039068,-1.1656814965039068,0.95,1.2758165967427635,0.9001892512870877,1.321230179940118,0.0,0.03649259868421053,0.0,0.0,0.0,0.0,0,0
-1.147855213085653,35.0,35.0,-1.147855213085653,-1.147855213085653,0.95,1.2944868031140302,0.9314215669062116,1.1888204004539518,0.0,0.028251055773991555,0.0,0.0,0.0,0.0,0,0
-1.1667354985984824,40.0,35.0,-1.1667354985984824,-1.1667354985984824,0.95,1.3019338112970678,0.9931496591956468,1.1906982371229737,0.0,0.025299415096091356,0.0,0.0,0.0,0.0,0,0
-1.1925010646074008,45.0,35.0,-1.1925010646074008,-1.1925010646074008,0.95,1.2902320006747707,1.0467604260987233,1.2588726312512464,0.0,0.02138942114879016,0.0,0.0,0.0,0.0,0,0
-1.294356655487991,50.0,35.0,-1.294356655487991,-1.294356655487991,0.95,1.2704342570456588,1.106655539766428,1.6380762709124819,0.0,0.020036272562397442,0.0,0.0,0.0,0.0,0,0
-1.3228573563242412,55.0,35.0,-1.3228573563242412,-1.3228573563242412,0.95,1.339920057690803,1.159376796728203,1.5881805362634769,0.0,0.01924372578743473,0.0,0.0,0.0,0.0,0,0
-1.3495458481047444,60.0,35.0,-1.3495458481047444,-1.3495458481047444,0.95,1.3902142345819917,1.1808258953149786,1.593014721772812,0.0,0.0181953212031192,0.0,0.0,0.0,0.0,0,0
-1.3462254565515377,65.0,35.0,-1.3462254565515377,-1.3462254565515377,0.95,1.4236911813708302,1.1589233316062986,1.5554255455829942,0.01838235294117647,0.017230169050715213,0.0,0.0,0.0,0.0,0,0
-1.3456844567464008,70.0,35.0,-1.3456844567464008,-1.3456844567464008,0.95,1.4492676718795483,1.1430938863873172,1.5529834977588408,0.08041958041958042,0.01675035147620004,0.0,0.0,0.0,0.0,0,0
-1.3740562136274175,75.0,35.0,-1.3740562136274175,-1.3740562136274175,0.95,1.5100584837411737,1.123193560022325,1.6218727854365316,0.16233766233766234,0.016423576423576423,0.0,0.0,0.0,0.0,0,0
-1.4507571938821544,80.0,35.0,-1.4507571938821544,-1.4507571938821544,0.95,1.5586662340224158,0.9893681441892166,1.998647703498518,0.1971326164874552,0.017139668367346938,0.0,0.0,0.0,0.0,0,0
-1.4436577659480385,85.0,35.0,-1.4436577659480385,-1.4436577659480385,0.95,1.6155741706339901,0.9673063287739461,1.8990611142686322,0.1916376306620209,0.021898688485140174,0.0,0.0,0.0,0.0,0,0
-1.4390922057680793,90.0,35.0,-1.4390922057680793,-1.4390922057680793,0.95,1.6412603251202178,0.9282629841991107,1.879867096458636,0.19444444444444445,0.026730637422892393,0.0,0.0,0.0,0.0,0,0
-1.4039161297601481,95.0,35.0,-1.4039161297601481,-1.4039161297601481,0.95,1.6363912316657425,0.8859323797025492,1.7895549491606602,0.1951219512195122,0.033279022403258654,0.0,0.0,0.0,0.0,0,0
-1.3679026711006141,100.0,35.0,-1.3679026711006141,-1.3679026711006141,0.95,1.610371660506265,0.88447054712938,1.685887946216477,0.18835616438356165,0.045529664518261445,0.0,0.0,0.0,0.0,0,0
-1.3322409879318886,105.0,35.0,-1.3322409879318886,-1.3322409879318886,0.95,1.5640416205021244,0.8702821332587418,1.6324057018558895,0.19047619047619047,0.05743314160963937,0.0,0.0,0.0,0.0,0,0
-1.2771627256718179,110.0,35.0,-1.2771627256718179,-1.2771627256718179,0.95,1.5060398644199227,0.8550901360997631,1.5428800343630897,0.24745762711864408,0.0710638115264129,0.0,0.0,0.0,0.0,0,0
-1.222645633039707,115.0,35.0,-1.222645633039707,-1.222645633039707,0.95,1.4416791864532597,0.8431248813632908,1.4591382994090973,0.29591836734693877,0.09241142252776309,0.0,0.0,0.0,0.0,0,0
-1.16592518070269,120.0,35.0,-1.16592518070269,-1.16592518070269,0.95,1.3654860544539777,0.8277790238420941,1.3773185084865966,0.31543624161073824,0.1134892981582877,0.0,0.0,0.0,0.0,0,0
-1.1087291285182257,125.0,35.0,-1.1087291285182257,-1.1087291285182257,0.95,1.3079975525002707,0.7724501542760562,1.2877425649530405,0.29518072289156627,0.13665347917151502,0.0,0.0,0.0,0.0,0,0
-1.052460708026063,130.0,35.0,-1.052460708026063,-1.052460708026063,0.95,1.2626040112099086,0.7261798185815471,1.1839785232976947,0.30120481927710846,0.16689994690863458,0.0,0.0,0.0,0.0,0,0
-0.9841383987989679,135.0,35.0,-0.9841383987989679,-0.9841383987989679,0.95,1.2052754197110327,0.6845917792751209,1.0475333024378095,0.3100303951367781,0.20013077155215772,0.0,0.0,0.0,0.0,0,0
-0.9258561103767367,140.0,35.0,-0.9258561103767367,-0.9258561103767367,0.95,1.1708363445704684,0.6483471731969735,0.9089562423794866,0.3180428134556575,0.24112139756263404,0.0,0.0,0.0,0.0,0,0
-0.873657860883923,145.0,35.0,-0.873657860883923,-0.873657860883923,0.95,1.1723317831411655,0.5795714448757068,0.7682045255733307,0.3221884498480243,0.2866988657947577,0.0,0.0,0.0,0.0,0,0
-0.8063881514792062,150.0,35.0,-0.8063881514792062,-0.8063881514792062,0.95,1.1644527235121875,0.490680263142369,0.6310185018722808,0.3981762917933131,0.3171947706625305,0.0,0.0,0.0,0.0,0,0
-0.7359599613922535,155.0,35.0,-0.7359599613922535,-0.7359599613922535,0.95,1.1367653785915592,0.3990362033933126,0.48912103038691024,0.4078549848942598,0.31510244547257105,0.0,0.0,0.0,0.0,0,0
-0.6560110205261295,160.0,35.0,-0.6560110205261295,-0.6560110205261295,0.95,1.131926650425467,0.3130601417176105,0.34734874715360736,0.6186186186186187,0.308103100648466,0.0,0.0,0.0,0.0,0,0
-0.6400771813729533,165.0,35.0,-0.6400771813729533,-0.6400771813729533,0.95,1.1353629895465276,0.30438828080927083,0.3272914686370137,0.7198795180722891,0.30000537547707357,0.0,0.0,0.0,0.0,0,0
-0.5402562156447914,170.0,35.0,-0.5402562156447914,-0.5402562156447914,0.95,0.9659211492572386,0.20595416949332268,0.330086150910347,0.8012232415902141,0.28838304552590266,0.0,0.0,0.0,0.0,0,0
-0.4719012247652622,175.0,35.0,-0.4719012247652622,-0.4719012247652622,0.95,0.8441413865313812,0.12638938504640385,0.330086150910347,0.7987421383647799,0.264594162335066,0.0,0.0,0.0,0.0,0,0
-0.46892596208659987,180.0,35.0,-0.46892596208659987,-0.46892596208659987,0.95,0.8417196848213884,0.11733753930144875,0.330086150910347,0.7961783439490446,0.21612573235376173,0.0,0.0,0.0,0.0,0,0
-0.4776385009163027,185.0,35.0,-0.4776385009163027,-0.4776385009163027,0.95,0.8156455485490021,0.1930820338999899,0.330086150910347,0.7941176470588235,0.17181700474751835,0.0,0.0,0.0,0.0,0,0
-0.46448093021005343,190.0,35.0,-0.46448093021005343,-0.46448093021005343,0.95,0.7565773249068769,0.23890853446424584,0.330086150910347,0.8039867109634552,0.14353102447284602,0.0,0.0,0.0,0.0,0,0
-0.4550485318062022,195.0,35.0,-0.4550485318062022,-0.4550485318062022,0.95,0.7161660850720009,0.2703148474599866,0.330086150910347,0.8151815181518152,0.12466823386668689,0.0,0.0,0.0,0.0,0,0
-0.456778115538068,200.0,35.0,-0.456778115538068,-0.456778115538068,0.95,0.713006178780008,0.29125248609736687,0.3233888522218761,0.8208469055374593,0.11020715360906028,0.0,0.0,0.0,0.0,0,0
-0.3505646826603972,205.0,35.0,-0.3505646826603972,-0.3505646826603972,0.95,0.44961347910949906,0.29125248609736687,0.33467552542665047,0.8576271186440678,0.09819563803197863,0.0,0.0,0.0,0.0,0,0
-0.3423202075517358,210.0,35.0,-0.3423202075517358,-0.3423202075517358,0.95,0.41232495363750826,0.27456483658717423,0.36041979661331514,0.8135593220338984,0.08816286324084716,0.0,0.0,0.0,0.0,0,0
-0.35092548195147455,215.0,35.0,-0.35092548195147455,-0.35092548195147455,0.95,0.3952447663189151,0.27183565369087503,0.3861640677999807,0.7167235494880546,0.0803424223208624,0.0,0.0,0.0,0.0,0,0
-0.36336810833300365,220.0,35.0,-0.36336810833300365,-0.36336810833300365,0.95,0.41190833898664625,0.26508188415789014,0.41152898761740825,0.7054794520547946,0.07426794346768482,0.0,0.0,0.0,0.0,0,0
-0.37361519737568705,225.0,35.0,-0.37361519737568705,-0.37361519737568705,0.95,0.42655187856484517,0.2524188212843832,0.4315589625146128,0.68,0.06975694862230779,0.0,0.0,0.0,0.0,0,0
-0.38870321242729405,230.0,35.0,-0.38870321242729405,-0.38870321242729405,0.95,0.4505247457666437,0.2524188212843832,0.450619183399602,0.6726618705035972,0.0670922740438612,0.0,0.0,0.0,0.0,0,0
-0.40509428271783204,235.0,35.0,-0.40509428271783204,-0.40509428271783204,0.95,0.4633968813599765,0.27020852865746753,0.4669425472617787,0.6455223880597015,0.06583245828958115,0.0,0.0,0.0,0.0,0,0
-0.41524881064988994,240.0,35.0,-0.41524881064988994,-0.41524881064988994,0.95,0.4825602455661889,0.2604948333593701,0.48267910927109037,0.6356877323420075,0.06553770444347952,0.0,0.0,0.0,0.0,0,0
-0.43768354945190835,245.0,35.0,-0.43768354945190835,-0.43768354945190835,0.95,0.5022197367256218,0.2864838683555053,0.4951815093118228,0.5862068965517241,0.06623913106277263,0.0,0.0,0.0,0.0,0,0
-0.44684320404466715,250.0,35.0,-0.44684320404466715,-0.44684320404466715,0.95,0.5148854237333067,0.2872202139036509,0.5111482109911467,0.5870307167235495,0.06791555504001856,0.0,0.0,0.0,0.0,0,0
-0.44954740408271154,255.0,35.0,-0.44954740408271154,-0.44954740408271154,0.95,0.5189320696545333,0.28318698305331935,0.5192875930167142,0.5864406779661017,0.07161656334074161,0.0,0.0,0.0,0.0,0,0
-0.47119105617387813,260.0,35.0,-0.47119105617387813,-0.47119105617387813,0.95,0.5544638916581923,0.29732712733486344,0.5275675979802684,0.5681818181818182,0.07559414449119896,0.0,0.0,0.0,0.0,0,0
-0.47413732035406897,265.0,35.0,-0.47413732035406897,-0.47413732035406897,0.95,0.561560938224935,0.29669515519221695,0.5278938418926418,0.5663430420711975,0.08076331735552139,0.0,0.0,0.0,0.0,0,0
-0.5089082886882285,270.0,35.0,-0.5089082886882285,-0.5089082886882285,0.95,0.6357834748766471,0.30893125423998313,0.529130880392835,0.5492063492063493,0.0861909745736625,0.0,0.0,0.0,0.0,0,0
-0.5553186251474541,275.0,35.0,-0.5553186251474541,-0.5553186251474541,0.95,0.7409968341977446,0.322397611069169,0.5280967696190708,0.5370370370370371,0.09106090682799256,0.0,0.0,0.0,0.0,0,0
-0.5610145276672716,280.0,35.0,-0.5610145276672716,-0.5610145276672716,0.95,0.7490199910128523,0.32859411777235586,0.5277575593266395,0.526813880126183,0.0969992570819471,0.0,0.0,0.0,0.0,0,0
-0.5700075924735354,285.0,35.0,-0.5700075924735354,-0.5700075924735354,0.95,0.757809019360889,0.3436000356410349,0.5277575593266395,0.5095541401273885,0.10342988567047764,0.0,0.0,0.0,0.0,0,0
-0.604027882408094,290.0,35.0,-0.604027882408094,-0.604027882408094,0.95,0.8235438117117727,0.36435781222623603,0.5208344073108366,0.4668769716088328,0.11099606543797888,0.0,0.0,0.0,0.0,0,0
-0.6122181806077996,295.0,35.0,-0.6122181806077996,-0.6122181806077996,0.95,0.8208905450032997,0.3917351430194079,0.5147738006540993,0.42765273311897106,0.11877779371682685,0.0,0.0,0.0,0.0,0,0
-0.6230489210207197,300.0,35.0,-0.6230489210207197,-0.6230489210207197,0.95,0.8255499738058766,0.41190833898664536,0.517823228590989,0.39603960396039606,0.1275454715919745,0.0,0.0,0.0,0.0,0,0
-0.6087787781671071,305.0,35.0,-0.6087787781671071,-0.6087787781671071,0.95,0.764178556552392,0.41190833898664536,0.5616518252474257,0.4028268551236749,0.13815530153724873,0.0,0.0,0.0,0.0,0,0
-0.6542277980997256,310.0,35.0,-0.6542277980997256,-0.6542277980997256,0.95,0.8389341498136302,0.41190833898664536,0.6198510708533057,0.39285714285714285,0.14968962213056702,0.0,0.0,0.0,0.0,0,0
-0.6785919356963995,315.0,35.0,-0.6785919356963995,-0.6785919356963995,0.95,0.8647843062195958,0.38822420569609983,0.69723317268559,0.38686131386861317,0.16275984077841663,0.0,0.0,0.0,0.0,0,0
-0.7056842640120768,320.0,35.0,-0.7056842640120768,-0.7056842640120768,0.95,0.8992223423116763,0.37317962475843636,0.7746393219675727,0.4095940959409594,0.17633169625991688,0.0,0.0,0.0,0.0,0,0
-0.7323462284726217,325.0,35.0,-0.7323462284726217,-0.7323462284726217,0.95,0.9462542258342802,0.36041979661331514,0.849714910249439,0.4868913857677903,0.1841508292584564,0.0,0.0,0.0,0.0,0,0
-0.7568596981742844,330.0,35.0,-0.7568596981742844,-0.7568596981742844,0.95,0.9892480731261183,0.3369210008925113,0.9287735063817847,0.5526315789473685,0.18763142287162343,0.0,0.0,0.0,0.0,0,0
-0.7837389800712014,335.0,35.0,-0.7837389800712014,-0.7837389800712014,0.95,1.0298726955557482,0.3095408425829983,0.9969237841176292,0.5482625482625483,0.1869698193779214,0.0,0.0,0.0,0.0,0,0
-0.8054766881761564,340.0,35.0,-0.8054766881761564,-0.8054766881761564,0.95,1.0679257823570083,0.28385186409735297,1.047134254596677,0.5444015444015444,0.1822516720336884,0.0,0.0,0.0,0.0,0,0
-0.8157936877923408,345.0,35.0,-0.8157936877923408,-0.8157936877923408,0.95,1.0873426147635001,0.25400922689781236,1.0868776581102682,0.5436507936507936,0.17356910190786412,0.0,0.0,0.0,0.0,0,0
-0.8345919954096427,350.0,35.0,-0.8345919954096427,-0.8345919954096427,0.95,1.1163773322117918,0.22434599650674414,1.145141088238629,0.5433070866141733,0.15843548501381705,0.0,0.0,0.0,0.0,0,0
-0.8437628689020242,355.0,35.0,-0.8437628689020242,-0.8437628689020242,0.95,1.1126795114688264,0.2454686014777574,1.1576606747916245,0.5209125475285171,0.13755555555555554,0.0,0.0,0.0,0.0,0,0
-0.7122619926403989,0.0,40.0,-0.7122619926403989,-0.7122619926403989,0.95,0.9129541749009743,0.21397268736837738,0.9889079903248397,0.5363984674329502,0.179763018397256,0.0,0.0,0.0,0.0,0,0
-0.7326822217884807,5.0,40.0,-0.7326822217884807,-0.7326822217884807,0.95,0.9158202245512247,0.26738907518941946,1.021803676458768,0.5594405594405595,0.16666666666666666,0.0,0.0,0.0,0.0,0,0
-0.7730585678721449,10.0,40.0,-0.7730585678721449,-0.7730585678721449,0.95,0.9500683825749772,0.35853609932225694,1.013588760046359,0.5,0.138587154625647,0.0,0.0,0.0,0.0,0,0
-0.8340017477199824,15.0,40.0,-0.8340017477199824,-0.8340017477199824,0.95,0.987979061915458,0.5049761518767333,1.0351128247869479,0.4621212121212121,0.11874400109694228,0.0,0.0,0.0,0.0,0,0
-0.8611548234345223,20.0,40.0,-0.8611548234345223,-0.8611548234345223,0.95,1.0333364407098813,0.6123821091207253,0.9426669954235826,0.40942028985507245,0.10188047398248326,0.0,0.0,0.0,0.0,0,0
-0.9076504821229987,25.0,40.0,-0.9076504821229987,-0.9076504821229987,0.95,1.0638691124543294,0.6668591888322494,0.9313703415510002,0.17454545454545456,0.0856120778512096,0.0,0.0,0.0,0.0,0,0
-0.9482758764275927,30.0,40.0,-0.9482758764275927,-0.9482758764275927,0.95,1.0872913685170522,0.7294111058950505,0.9314888967552005,0.018656716417910446,0.072992700729927,0.0,0.0,0.0,0.0,0,0
-0.9648773397938907,35.0,40.0,-0.9648773397938907,-0.9648773397938907,0.95,1.1065044262938712,0.7271401361778005,0.9619621409275678,0.0,0.06025473546701502,0.0,0.0,0.0,0.0,0,0
-0.9904765734400457,40.0,40.0,-0.9904765734400457,-0.9904765734400457,0.95,1.1159888031672376,0.7859500218082899,0.9903741868843123,0.0,0.04995836802664446,0.0,0.0,0.0,0.0,0,0
-0.9866105820015639,45.0,40.0,-0.9866105820015639,-0.9866105820015639,0.95,1.1042001113416877,0.8087470785703925,0.9709750712891629,0.0,0.044943256000803455,0.0,0.0,0.0,0.0,0,0
-0.9911144630204041,50.0,40.0,-0.9911144630204041,-0.9911144630204041,0.95,1.0835373768781529,0.8508311661869121,0.9799668828896597,0.0,0.04052472447088657,0.0,0.0,0.0,0.0,0,0
-1.0798601460461252,55.0,40.0,-1.0798601460461252,-1.0798601460461252,0.95,1.0818397179780999,0.9340425747068765,1.2544544607126646,0.0,0.038285714285714284,0.0,0.0,0.0,0.0,0,0
-1.1206015574938397,60.0,40.0,-1.1206015574938397,-1.1206015574938397,0.95,1.1318726209741532,0.9931297610055677,1.2829134800443498,0.011583011583011582,0.03706469984128466,0.0,0.0,0.0,0.0,0,0
-1.1059679824783748,65.0,40.0,-1.1059679824783748,-1.1059679824783748,0.95,1.1584323180395715,0.966196131363265,1.2440417409324713,0.099644128113879,0.03407421013960323,0.0,0.0,0.0,0.0,0,0
-1.1101096366008423,70.0,40.0,-1.1101096366008423,-1.1101096366008423,0.95,1.1842364745866065,0.9496096206800654,1.2411209889199442,0.11267605633802817,0.0337134808487437,0.0,0.0,0.0,0.0,0,0
-1.1241196411022103,75.0,40.0,-1.1241196411022103,-1.1241196411022103,0.95,1.2222023799613242,0.9442358841916036,1.2694461450063919,0.18181818181818182,0.0347024535719127,0.0,0.0,0.0,0.0,0,0
-1.1450634082237767,80.0,40.0,-1.1450634082237767,-1.1450634082237767,0.95,1.2698837669023921,0.9411614148539785,1.2844486090037321,0.19292604501607716,0.04127401232330555,0.0,0.0,0.0,0.0,0,0
-1.1616487651979972,85.0,40.0,-1.1616487651979972,-1.1616487651979972,0.95,1.3042610883978627,0.930560670254467,1.3034837500781402,0.18566775244299674,0.04795050270688322,0.0,0.0,0.0,0.0,0,0
-1.158528691907776,90.0,40.0,-1.158528691907776,-1.158528691907776,0.95,1.3130367919375718,0.8990302490186142,1.311645006351084,0.1935483870967742,0.062198760615102135,0.0,0.0,0.0,0.0,0,0
-1.1508332790868394,95.0,40.0,-1.1508332790868394,-1.1508332790868394,0.95,1.3146006385096483,0.8775272539298453,1.2988779618211825,0.1910828025477707,0.0735178232049321,0.0,0.0,0.0,0.0,0,0
-1.1289304959731294,100.0,40.0,-1.1289304959731294,-1.1289304959731294,0.95,1.2921163582760018,0.8497828073797853,1.273319358411316,0.18691588785046728,0.08652628616986353,0.0,0.0,0.0,0.0,0,0
-1.0977886497944498,105.0,40.0,-1.0977886497944498,-1.0977886497944498,0.95,1.2544109995515025,0.8192701218286333,1.2367511682875816,0.17981072555205047,0.10286501639188483,0.0,0.0,0.0,0.0,0,0
-1.0462744977098304,110.0,40.0,-1.0462744977098304,-1.0462744977098304,0.95,1.1982397103075846,0.7751788647215424,1.184849154294413,0.2302839116719243,0.1204714098646879,0.0,0.0,0.0,0.0,0,0
-0.9984866779245619,115.0,40.0,-0.9984866779245619,-0.9984866779245619,0.95,1.1458209729703994,0.7394839688138385,1.1327479322132747,0.27899686520376177,0.14163281482215398,0.0,0.0,0.0,0.0,0,0
-0.9523302958863351,120.0,40.0,-0.9523302958863351,-0.9523302958863351,0.95,1.0998168475345993,0.6990399630567928,1.0690927829517067,0.2962962962962963,0.16456209746944572,0.0,0.0,0.0,0.0,0,0
-0.901883776086508,125.0,40.0,-0.901883776086508,-0.901883776086508,0.95,1.0555329763553765,0.6398598822806107,1.004214309426599,0.31347962382445144,0.19376531303758537,0.0,0.0,0.0,0.0,0,0
-0.8487368177756391,130.0,40.0,-0.8487368177756391,-0.8487368177756391,0.95,1.0040265762799496,0.5887119292440708,0.9285428198105661,0.321875,0.22898581980913355,0.0,0.0,0.0,0.0,0,0
-0.7873065372453454,135.0,40.0,-0.7873065372453454,-0.7873065372453454,0.95,0.949343159428115,0.5277575593266395,0.8366888135666235,0.335423197492163,0.2655717557678342,0.0,0.0,0.0,0.0,0,0
-0.7375768577125296,140.0,40.0,-0.7375768577125296,-0.7375768577125296,0.95,0.9133960327982796,0.4905852470450708,0.733711728819963,0.3385579937304075,0.30237518736308083,0.0,0.0,0.0,0.0,0,0
-0.6841756816693881,145.0,40.0,-0.6841756816693881,-0.6841756816693881,0.95,0.8825523379469651,0.45062415380133314,0.6307346440733008,0.39184952978056425,0.32837488240827845,0.0,0.0,0.0,0.0,0,0
-0.614025603314882,150.0,40.0,-0.614025603314882,-0.614025603314882,0.95,0.8308717165159586,0.3893222431006872,0.5148854237333067,0.44375,0.34546968885715984,0.0,0.0,0.0,0.0,0,0
-0.551460650862357,155.0,40.0,-0.551460650862357,-0.551460650862357,0.95,0.8346075543422209,0.3218033898333168,0.3904116749551618,0.6043613707165109,0.3464048410061699,0.0,0.0,0.0,0.0,0,0
-0.5152939576714164,160.0,40.0,-0.5152939576714164,-0.5152939576714164,0.95,0.8788199462490459,0.2580694846014269,0.2895870246783575,0.7314814814814815,0.34095854160541017,0.0,0.0,0.0,0.0,0,0
-0.5050187483664598,165.0,40.0,-0.5050187483664598,-0.5050187483664598,0.95,0.8849276715010896,0.24790609815642228,0.2725923132153656,0.7907692307692308,0.33373962505078647,0.0,0.0,0.0,0.0,0,0
-0.38339397266113057,170.0,40.0,-0.38339397266113057,-0.38339397266113057,0.95,0.651923378041495,0.16149591615250944,0.2725923132153645,0.8589743589743589,0.32043326187521154,0.0,0.0,0.0,0.0,0,0
-0.355609345811337,175.0,40.0,-0.355609345811337,-0.355609345811337,0.95,0.6191937872183021,0.1019229328216065,0.2730301973260708,0.8580645161290322,0.29123655913978497,0.0,0.0,0.0,0.0,0,0
-0.36629168986285904,180.0,40.0,-0.36629168986285904,-0.36629168986285904,0.95,0.6359012613125827,0.11584922033999412,0.27305199159954485,0.8529411764705882,0.24637754075266655,0.0,0.0,0.0,0.0,0,0
-0.35171383555495733,185.0,40.0,-0.35171383555495733,-0.35171383555495733,0.95,0.5638613820468277,0.180209898306658,0.2718356536908786,0.868421052631579,0.2057923239934071,0.0,0.0,0.0,0.0,0,0
-0.37827534847479244,190.0,40.0,-0.37827534847479244,-0.37827534847479244,0.95,0.6022997282203818,0.21989907736178305,0.2744891943377961,0.8624161073825504,0.1739938080495356,0.0,0.0,0.0,0.0,0,0
-0.3770403439782328,195.0,40.0,-0.3770403439782328,-0.3770403439782328,0.95,0.5837289324761132,0.24546860147776076,0.27448919433779584,0.864406779661017,0.1533729494476063,0.0,0.0,0.0,0.0,0,0
-0.3663740464932702,200.0,40.0,-0.3663740464932702,-0.3663740464932702,0.95,0.5448056324663311,0.2524188212843832,0.2871510646069745,0.864406779661017,0.1381162707413155,0.0,0.0,0.0,0.0,0,0
-0.3044621588504133,205.0,40.0,-0.3044621588504133,-0.3044621588504133,0.95,0.3949879235520862,0.23890853446424584,0.3089312542399849,0.9049295774647887,0.1255625905866199,0.0,0.0,0.0,0.0,0,0
-0.3137085094845542,210.0,40.0,-0.3137085094845542,-0.3137085094845542,0.95,0.39959437652521046,0.24457057627332013,0.33467552542665047,0.9094076655052264,0.11511320199941194,0.0,0.0,0.0,0.0,0,0
-0.3171912565548543,215.0,40.0,-0.3171912565548543,-0.3171912565548543,0.95,0.3921947673548775,0.24446996547466154,0.36041979661331514,0.9090909090909091,0.10707565590939752,0.0,0.0,0.0,0.0,0,0
-0.32201557501297473,220.0,40.0,-0.32201557501297473,-0.32201557501297473,0.95,0.3732919322066479,0.23300198887789492,0.3752309420632961,0.7935943060498221,0.10098632981484686,0.0,0.0,0.0,0.0,0,0
-0.3359190590679391,225.0,40.0,-0.3359190590679391,-0.3359190590679391,0.95,0.3861640677999807,0.2252623728833223,0.39903620339331347,0.7462121212121212,0.09558649188768079,0.0,0.0,0.0,0.0,0,0
-0.34647602634573776,230.0,40.0,-0.34647602634573776,-0.34647602634573776,0.95,0.3990362033933126,0.21906274518156485,0.41190833898664536,0.7088122605363985,0.09301473038725588,0.0,0.0,0.0,0.0,0,0
-0.36167535454152133,235.0,40.0,-0.36167535454152133,-0.36167535454152133,0.95,0.41263955362106586,0.23169844067998824,0.431822493248812,0.6926070038910506,0.09144775824609915,0.0,0.0,0.0,0.0,0,0
-0.3684643735078276,240.0,40.0,-0.3684643735078276,-0.3684643735078276,0.95,0.43120916299008855,0.21882630508665635,0.44434181117938043,0.6981132075471698,0.09045127534336167,0.0,0.0,0.0,0.0,0,0
-0.37838618012099884,245.0,40.0,-0.37838618012099884,-0.37838618012099884,0.95,0.43808312062006505,0.22712007078923158,0.45417090198567855,0.6716981132075471,0.09083200156550666,0.0,0.0,0.0,0.0,0,0
-0.40744292080198496,250.0,40.0,-0.40744292080198496,-0.40744292080198496,0.95,0.45920321842147693,0.2717024440347647,0.46610271038846707,0.6068965517241379,0.09238170037306107,0.0,0.0,0.0,0.0,0,0
-0.4090698473755833,255.0,40.0,-0.4090698473755833,-0.4090698473755833,0.95,0.4650212072335617,0.26395050732963676,0.4732776495609351,0.6124567474048442,0.09567738534528203,0.0,0.0,0.0,0.0,0,0
-0.41577524026014717,260.0,40.0,-0.41577524026014717,-0.41577524026014717,0.95,0.46845208216985307,0.2703148474599857,0.4851871807342673,0.6048109965635738,0.09982650473775524,0.0,0.0,0.0,0.0,0,0
-0.4214655172172036,265.0,40.0,-0.4214655172172036,-0.4214655172172036,0.95,0.4811662577584441,0.2703148474599859,0.48649753552592995,0.6020408163265306,0.10461882799782962,0.0,0.0,0.0,0.0,0,0
-0.4286615625003946,270.0,40.0,-0.4286615625003946,-0.4286615625003946,0.95,0.4932468212033731,0.2703148474599857,0.4948671283468356,0.5993265993265994,0.10945101963355301,0.0,0.0,0.0,0.0,0,0
-0.4505463678471535,275.0,40.0,-0.4505463678471535,-0.4505463678471535,0.95,0.5366128734422573,0.27980068340347375,0.5003490409758674,0.5913621262458472,0.11462520273605528,0.0,0.0,0.0,0.0,0,0
-0.4828145778378043,280.0,40.0,-0.4828145778378043,-0.4828145778378043,0.95,0.6044167446200488,0.29309791355217674,0.5015571825659025,0.5761589403973509,0.12064981949458484,0.0,0.0,0.0,0.0,0,0
-0.4909372897984466,285.0,40.0,-0.4909372897984466,-0.4909372897984466,0.95,0.6142175971410031,0.30628945878617125,0.5015571825659025,0.5671140939597316,0.12771496578399286,0.0,0.0,0.0,0.0,0,0
-0.5093718887537075,290.0,40.0,-0.5093718887537075,-0.5093718887537075,0.95,0.6375419562428492,0.33190443184103147,0.49767815534740195,0.5304054054054054,0.13515589003225312,0.0,0.0,0.0,0.0,0,0
-0.519406286354734,295.0,40.0,-0.519406286354734,-0.519406286354734,0.95,0.6387749546005702,0.35493182962807573,0.49587523143336076,0.4880546075085324,0.14356238554025003,0.0,0.0,0.0,0.0,0,0
-0.5288584819212298,300.0,40.0,-0.5288584819212298,-0.5288584819212298,0.95,0.6459561005431842,0.3732919322066479,0.4890318150287567,0.45104895104895104,0.153699165039671,0.0,0.0,0.0,0.0,0,0
-0.5451411766349132,305.0,40.0,-0.5451411766349132,-0.5451411766349132,0.95,0.666859188832252,0.373796575735084,0.5148823966444955,0.4377224199288256,0.1643055796975491,0.0,0.0,0.0,0.0,0,0
-0.5628946578950613,310.0,40.0,-0.5628946578950613,-0.5628946578950613,0.95,0.680211244350421,0.36891981572333066,0.5729186108741008,0.44649446494464945,0.17670204978038068,0.0,0.0,0.0,0.0,0,0
-0.601118777721293,315.0,40.0,-0.601118777721293,-0.601118777721293,0.95,0.740438549236643,0.36041979661331514,0.6419623311454019,0.45652173913043476,0.19076684590418058,0.0,0.0,0.0,0.0,0,0
-0.5946503107580591,320.0,40.0,-0.5946503107580591,-0.5946503107580591,0.95,0.728027463141452,0.34097471812861424,0.7084414986059813,0.5891472868217055,0.20657590547135884,0.0,0.0,0.0,0.0,0,0
-0.6219927161566785,325.0,40.0,-0.6219927161566785,-0.6219927161566785,0.95,0.7712447738283013,0.3293811295528775,0.7702673882871369,0.6141732283464567,0.22270335452751588,0.0,0.0,0.0,0.0,0,0
-0.6498676203249566,330.0,40.0,-0.6498676203249566,-0.6498676203249566,0.95,0.8090546993159418,0.3089312542399858,0.8155069610726216,0.5486381322957199,0.2403693465858966,0.0,0.0,0.0,0.0,0,0
-0.6619663971942209,335.0,40.0,-0.6619663971942209,-0.6619663971942209,0.95,0.8352214000003501,0.28318698305332024,0.8543406258856052,0.5650406504065041,0.25113008538422904,0.0,0.0,0.0,0.0,0,0
-0.6838645885698202,340.0,40.0,-0.6838645885698202,-0.6838645885698202,0.95,0.8737574582920971,0.2650721303133403,0.8931742906985853,0.552,0.24951605366797944,0.0,0.0,0.0,0.0,0,0
-0.7025110213723147,345.0,40.0,-0.7025110213723147,-0.7025110213723147,0.95,0.9125911231050807,0.23890853446424584,0.9362958765058633,0.563265306122449,0.2409809341555036,0.0,0.0,0.0,0.0,0,0
-0.7043098450875888,350.0,40.0,-0.7043098450875888,-0.7043098450875888,0.95,0.9163152322171313,0.20595416949332357,0.9706952426018023,0.5637860082304527,0.2193596425912137,0.0,0.0,0.0,0.0,0,0
-0.701524730369413,355.0,40.0,-0.701524730369413,-0.701524730369413,0.95,0.9161472071125918,0.18412201809336232,0.9733288720041429,0.54296875,0.19595371292819372,0.0,0.0,0.0,0.0,0,0
-0.6195417528513792,0.0,45.0,-0.6195417528513792,-0.6195417528513792,0.95,0.7576939484688452,0.304293658143902,0.7659748004173448,0.5110294117647058,0.28564294631710363,0.0,0.0,0.0,0.0,0,0
-0.6360318301476867,5.0,45.0,-0.6360318301476867,-0.6360318301476867,0.95,0.7790013018396217,0.32645865449812106,0.7727264371638294,0.5036496350364964,0.2714796639773767,0.0,0.0,0.0,0.0,0,0
-0.663773341085752,10.0,45.0,-0.663773341085752,-0.663773341085752,0.95,0.816994995062535,0.3821151204924284,0.7593805578003455,0.48398576512455516,0.22938982781877332,0.0,0.0,0.0,0.0,0,0
-0.6909630358175036,15.0,45.0,-0.6909630358175036,-0.6909630358175036,0.95,0.859471815261789,0.4162349620403607,0.7546686825047418,0.4555160142348754,0.2074973600844773,0.0,0.0,0.0,0.0,0,0
-0.7059626133130804,20.0,45.0,-0.7059626133130804,-0.7059626133130804,0.95,0.8910545427989606,0.4160067308987363,0.76397463569343,0.45454545454545453,0.18226671433678943,0.0,0.0,0.0,0.0,0,0
-0.7561410420173555,25.0,45.0,-0.7561410420173555,-0.7561410420173555,0.95,0.9240885343750559,0.5150402530310491,0.7877588168148402,0.39194139194139194,0.1607251572752486,0.0,0.0,0.0,0.0,0,0
-0.7974978658494912,30.0,45.0,-0.7974978658494912,-0.7974978658494912,0.95,0.9443304761393506,0.5806500878421719,0.7695237248439429,0.17777777777777778,0.14068318993193785,0.0,0.0,0.0,0.0,0,0
-0.8296010562610908,35.0,45.0,-0.8296010562610908,-0.8296010562610908,0.95,0.9548102189140016,0.582576075301156,0.8172921048243159,0.022900763358778626,0.12283068620837677,0.0,0.0,0.0,0.0,0,0
-0.8583499350872296,40.0,45.0,-0.8583499350872296,-0.8583499350872296,0.95,0.9674904875889283,0.6238013434258091,0.8616136167808238,0.0,0.10611045828437132,0.0,0.0,0.0,0.0,0,0
-0.8395100413339982,45.0,45.0,-0.8395100413339982,-0.8395100413339982,0.95,0.9562565625257502,0.6282309225920889,0.7997987427027039,0.0,0.09054940085914538,0.0,0.0,0.0,0.0,0,0
-0.8581126994639477,50.0,45.0,-0.8581126994639477,-0.8581126994639477,0.95,0.9384938728435175,0.6781211587155855,0.8527394425905773,0.0,0.07800261096605744,0.0,0.0,0.0,0.0,0,0
-0.8670202525088166,55.0,45.0,-0.8670202525088166,-0.8670202525088166,0.95,0.9321582075298631,0.7378110293965571,0.86243308475329,0.05904059040590406,0.0708657253159871,0.0,0.0,0.0,0.0,0,0
-0.8858135765862483,60.0,45.0,-0.8858135765862483,-0.8858135765862483,0.95,0.9385592231159245,0.786159983339796,0.9027863256015994,0.11846689895470383,0.06753462316510192,0.0,0.0,0.0,0.0,0,0
-0.9302723577771458,65.0,45.0,-0.9302723577771458,-0.9302723577771458,0.95,0.9562559229990545,0.8291222228195302,1.0197194643425513,0.1444043321299639,0.06469717842747079,0.0,0.0,0.0,0.0,0,0
-0.9291089958805412,70.0,45.0,-0.9291089958805412,-0.9291089958805412,0.95,0.9784707843758738,0.8014236351294165,1.0092455702596774,0.1494661921708185,0.0654281098546042,0.0,0.0,0.0,0.0,0,0
-0.9312358869711393,75.0,45.0,-0.9312358869711393,-0.9312358869711393,0.95,0.9913446114613736,0.7816795519816251,1.0424459508980677,0.21333333333333335,0.07083920305896559,0.0,0.0,0.0,0.0,0,0
-0.9429650955956907,80.0,45.0,-0.9429650955956907,-0.9429650955956907,0.95,1.0168987118732815,0.7782113626024841,1.0508216070988181,0.21052631578947367,0.07760230082244311,0.0,0.0,0.0,0.0,0,0
-0.9506964292950899,85.0,45.0,-0.9506964292950899,-0.9506964292950899,0.95,1.042642983059947,0.7655243763607302,1.0490325679237142,0.2,0.08836949908740621,0.0,0.0,0.0,0.0,0,0
-0.9485470904383514,90.0,45.0,-0.9485470904383514,-0.9485470904383514,0.95,1.055515118653279,0.7379337739513389,1.0508180201066573,0.20846905537459284,0.1026637353647937,0.0,0.0,0.0,0.0,0,0
-0.9422534697418702,95.0,45.0,-0.9422534697418702,-0.9422534697418702,0.95,1.0555151186532796,0.7178379817112945,1.045468590527822,0.2077922077922078,0.11766525729607095,0.0,0.0,0.0,0.0,0,0
-0.9255518093653665,100.0,45.0,-0.9255518093653665,-0.9255518093653665,0.95,1.0339828882689788,0.6961792587004085,1.0326842964374436,0.20257234726688103,0.13275259506546347,0.0,0.0,0.0,0.0,0,0
-0.9008941553426679,105.0,45.0,-0.9008941553426679,-0.9008941553426679,0.95,1.0073488827554047,0.6696326176786175,1.0026969733920328,0.2012779552715655,0.15175076695229028,0.0,0.0,0.0,0.0,0,0
-0.8647927691059902,110.0,45.0,-0.8647927691059902,-0.8647927691059902,0.95,0.9712400415135144,0.6359056563706889,0.9603069946572896,0.22756410256410256,0.17259757738896367,0.0,0.0,0.0,0.0,0,0
-0.8220373526644172,115.0,45.0,-0.8220373526644172,-0.8220373526644172,0.95,0.9268758749111511,0.6064129411931213,0.9133847511353682,0.28662420382165604,0.19520228358127023,0.0,0.0,0.0,0.0,0,0
-0.7773962825504621,120.0,45.0,-0.7773962825504621,-0.7773962825504621,0.95,0.8851125482720911,0.5693387923647265,0.8510503875859033,0.31746031746031744,0.22037795098973811,0.0,0.0,0.0,0.0,0,0
-0.7377291624638969,125.0,45.0,-0.7377291624638969,-0.7377291624638969,0.95,0.8577868226634058,0.5265907957341782,0.7852002711932933,0.3333333333333333,0.251697157979519,0.0,0.0,0.0,0.0,0,0
-0.6942287715431609,130.0,45.0,-0.6942287715431609,-0.6942287715431609,0.95,0.8194379312414103,0.4830980656816321,0.717344162219965,0.3365695792880259,0.2822884751355173,0.0,0.0,0.0,0.0,0,0
-0.6477460045487392,135.0,45.0,-0.6477460045487392,-0.6477460045487392,0.95,0.77267691573103,0.44714704432815383,0.6447333958766421,0.34294871794871795,0.30937726285300504,0.0,0.0,0.0,0.0,0,0
-0.5926239004197638,140.0,45.0,-0.5926239004197638,-0.5926239004197638,0.95,0.7307424976760418,0.39903620339331347,0.5663739661066386,0.41025641025641024,0.3336614778810066,0.0,0.0,0.0,0.0,0,0
-0.5332817143288342,145.0,45.0,-0.5332817143288342,-0.5332817143288342,0.95,0.6709102194321963,0.3694774386376016,0.47626901695331003,0.4651898734177215,0.3535687546793112,0.0,0.0,0.0,0.0,0,0
-0.4839161307033975,150.0,45.0,-0.4839161307033975,-0.4839161307033975,0.95,0.6642642017648437,0.3241380496501769,0.3861640677999807,0.5936507936507937,0.36518233923285254,0.0,0.0,0.0,0.0,0,0
-0.41376544804604143,155.0,45.0,-0.41376544804604143,-0.41376544804604143,0.95,0.6266541812999533,0.24981759081973942,0.3003610895592615,0.744408945686901,0.3669182389937107,0.0,0.0,0.0,0.0,0,0
-0.32247249075755163,160.0,45.0,-0.32247249075755163,-0.32247249075755163,0.95,0.4852609823620431,0.21358515647140308,0.23300198887789492,0.8327868852459016,0.36193029490616624,0.0,0.0,0.0,0.0,0,0
-0.32370634385619546,165.0,45.0,-0.32370634385619546,-0.32370634385619546,0.95,0.5121988250914523,0.1962526348216159,0.23300198887789492,0.8848684210526315,0.35393292869842435,0.0,0.0,0.0,0.0,0,0
-0.2977248342556575,170.0,45.0,-0.2977248342556575,-0.2977248342556575,0.95,0.48333164245458055,0.14128803169281595,0.23300198887789492,0.8918032786885246,0.34275470570660294,0.0,0.0,0.0,0.0,0,0
-0.26438193335596044,175.0,45.0,-0.26438193335596044,-0.26438193335596044,0.95,0.43409605359879166,0.09010494915332856,0.23300198887789492,0.9003322259136213,0.3165541700034321,0.0,0.0,0.0,0.0,0,0
-0.2644947554469929,180.0,45.0,-0.2644947554469929,-0.2644947554469929,0.95,0.41979351161884326,0.11584922033999412,0.23300198887789492,0.9063545150501672,0.274994601597927,0.0,0.0,0.0,0.0,0,0
-0.27900836631320153,185.0,45.0,-0.27900836631320153,-0.27900836631320153,0.95,0.4212142949442157,0.16733776271332435,0.23300198887789492,0.8956228956228957,0.23614997202014548,0.0,0.0,0.0,0.0,0,0
-0.2909977248439587,190.0,45.0,-0.2909977248439587,-0.2909977248439587,0.95,0.41943336600893255,0.2095833329596889,0.24399214690354873,0.9016949152542373,0.20421113354485146,0.0,0.0,0.0,0.0,0,0
-0.30367271764208176,195.0,45.0,-0.30367271764208176,-0.30367271764208176,0.95,0.43176089889252633,0.21358515647140308,0.26833023391083993,0.8951048951048951,0.18239970757561913,0.0,0.0,0.0,0.0,0,0
-0.29245789081300433,200.0,45.0,-0.29245789081300433,-0.29245789081300433,0.95,0.39816800856015516,0.21562340798884966,0.2828536272812049,0.9142857142857143,0.16517603943981501,0.0,0.0,0.0,0.0,0,0
-0.27665224432872776,205.0,45.0,-0.27665224432872776,-0.27665224432872776,0.95,0.3555557132759621,0.21358515647140308,0.3022368693829905,0.9452554744525548,0.15265894984063078,0.0,0.0,0.0,0.0,0,0
-0.28228007022044516,210.0,45.0,-0.28228007022044516,-0.28228007022044516,0.95,0.3582310641584316,0.21358515647139953,0.31781668529479684,0.9386281588447654,0.14330887420440264,0.0,0.0,0.0,0.0,0,0
-0.2727178878387862,215.0,45.0,-0.2727178878387862,-0.2727178878387862,0.95,0.3290585333374242,0.21358515647139953,0.33467552542665047,0.9597069597069597,0.13496497993232076,0.0,0.0,0.0,0.0,0,0
-0.27843947869994834,220.0,45.0,-0.27843947869994834,-0.27843947869994834,0.95,0.335911382964179,0.21358515647139953,0.3480625309336927,0.9633699633699634,0.1277201076509035,0.0,0.0,0.0,0.0,0,0
-0.2928594726090374,225.0,45.0,-0.2928594726090374,-0.2928594726090374,0.95,0.360419796613316,0.20595416949332268,0.36509663134175835,0.9407114624505929,0.12333622412427887,0.0,0.0,0.0,0.0,0,0
-0.31011732759972843,230.0,45.0,-0.31011732759972843,-0.31011732759972843,0.95,0.3661174768304826,0.19942510483080206,0.3854888007788743,0.8255813953488372,0.11984144624731422,0.0,0.0,0.0,0.0,0,0
-0.3218248919759776,235.0,45.0,-0.3218248919759776,-0.3218248919759776,0.95,0.37436476983686456,0.20595416949332268,0.39686558346549744,0.7862595419847328,0.1171769019248396,0.0,0.0,0.0,0.0,0,0
-0.3315295689147521,240.0,45.0,-0.3315295689147521,-0.3315295689147521,0.95,0.3861640677999807,0.19308203389999123,0.40636147274264955,0.7279693486590039,0.11627313802652675,0.0,0.0,0.0,0.0,0,0
-0.3403274221609509,245.0,45.0,-0.3403274221609509,-0.3403274221609509,0.95,0.3990362033933126,0.19661379834275802,0.4158931372855386,0.7241379310344828,0.11651863715783344,0.0,0.0,0.0,0.0,0,0
-0.3643446321964969,250.0,45.0,-0.3643446321964969,-0.3643446321964969,0.95,0.4110460844939379,0.23493024695927284,0.4411381830000504,0.6909090909090909,0.1181197267979108,0.0,0.0,0.0,0.0,0,0
-0.3697659895400551,255.0,45.0,-0.3697659895400551,-0.3697659895400551,0.95,0.41384845224798206,0.24173955536878342,0.44802402205180825,0.6821428571428572,0.1209081891325912,0.0,0.0,0.0,0.0,0,0
-0.3761306033025059,260.0,45.0,-0.3761306033025059,-0.3761306033025059,0.95,0.41600673089873585,0.24326050322919882,0.4670797119714189,0.6785714285714286,0.12481879344311043,0.0,0.0,0.0,0.0,0,0
-0.3800374024274017,265.0,45.0,-0.3800374024274017,-0.3800374024274017,0.95,0.42478047457997814,0.24446996547466154,0.4646023134784088,0.6714285714285714,0.12994456804555224,0.0,0.0,0.0,0.0,0,0
-0.3809556623398883,270.0,45.0,-0.3809556623398883,-0.3809556623398883,0.95,0.42478047457997814,0.24457057627332013,0.4667411229455473,0.6678445229681979,0.13408142162307074,0.0,0.0,0.0,0.0,0,0
-0.38318287338020723,275.0,45.0,-0.38318287338020723,-0.38318287338020723,0.95,0.42478047457997814,0.24790609815642267,0.4699453193104626,0.6619217081850534,0.13957217160064136,0.0,0.0,0.0,0.0,0,0
-0.3930588738072438,280.0,45.0,-0.3930588738072438,-0.3930588738072438,0.95,0.44354721715957296,0.2574427118666529,0.46757337625788276,0.656140350877193,0.14585250690248489,0.0,0.0,0.0,0.0,0,0
-0.4102624841538285,285.0,45.0,-0.4102624841538285,-0.4102624841538285,0.95,0.47829082627875436,0.2675485073419482,0.4673910368048236,0.647887323943662,0.1528165544424372,0.0,0.0,0.0,0.0,0,0
-0.43037061696959206,290.0,45.0,-0.43037061696959206,-0.43037061696959206,0.95,0.5051820752905986,0.2923818552510418,0.4761284410985389,0.6382978723404256,0.15962401558133626,0.0,0.0,0.0,0.0,0,0
-0.4525957789658288,295.0,45.0,-0.4525957789658288,-0.4525957789658288,0.95,0.5367701212698475,0.3218033898333177,0.4697475319982414,0.6,0.1680866867654127,0.0,0.0,0.0,0.0,0,0
-0.4486733152305308,300.0,45.0,-0.4486733152305308,-0.4486733152305308,0.95,0.5156260544953346,0.3346755254266496,0.4627532745803105,0.5693430656934306,0.17859738372093023,0.0,0.0,0.0,0.0,0,0
-0.4635526916201442,305.0,45.0,-0.4635526916201442,-0.4635526916201442,0.95,0.5394180314899448,0.34224246290236676,0.46587362293599577,0.5424354243542435,0.1905642484589853,0.0,0.0,0.0,0.0,0,0
-0.4750204567385434,310.0,45.0,-0.4750204567385434,-0.4750204567385434,0.95,0.5646845406095966,0.33652503881303764,0.5048376425687664,0.6119402985074627,0.2029955859743094,0.0,0.0,0.0,0.0,0,0
-0.49304878555442644,315.0,45.0,-0.49304878555442644,-0.49304878555442644,0.95,0.5904917879154709,0.330086150910347,0.5558772637224534,0.6463878326996197,0.21635416666666665,0.0,0.0,0.0,0.0,0,0
-0.5156842552180383,320.0,45.0,-0.5156842552180383,-0.5156842552180383,0.95,0.6182751253885234,0.3185447126189944,0.6019218046012185,0.6174242424242424,0.2309130913091309,0.0,0.0,0.0,0.0,0,0
-0.5397570937227905,325.0,45.0,-0.5397570937227905,-0.5397570937227905,0.95,0.6496011398531816,0.3107544874381221,0.6407302455061312,0.5795454545454546,0.2482360487491982,0.0,0.0,0.0,0.0,0,0
-0.5544274608841135,330.0,45.0,-0.5544274608841135,-0.5544274608841135,0.95,0.6687868468489633,0.29605911864665213,0.668062358166755,0.5411764705882353,0.26357213683688646,0.0,0.0,0.0,0.0,0,0
-0.5695491147062345,335.0,45.0,-0.5695491147062345,-0.5695491147062345,0.95,0.6991422466461736,0.27287058986507456,0.6990059666336776,0.5307692307692308,0.28008189142781664,0.0,0.0,0.0,0.0,0,0
-0.5795731850766702,340.0,45.0,-0.5795731850766702,-0.5795731850766702,0.95,0.7184227990401695,0.26035514862599474,0.7184227990401695,0.524904214559387,0.2937363489043895,0.0,0.0,0.0,0.0,0,0
-0.5925983806163155,345.0,45.0,-0.5925983806163155,-0.5925983806163155,0.95,0.7530752495679017,0.23169844067998824,0.7572564638531496,0.5587044534412956,0.3062114603699804,0.0,0.0,0.0,0.0,0,0
-0.5890452777653505,350.0,45.0,-0.5890452777653505,-0.5890452777653505,0.95,0.7572564638531496,0.20318732091622924,0.7572564638531496,0.5396825396825397,0.3096071258151742,0.0,0.0,0.0,0.0,0,0
-0.5862804489236704,355.0,45.0,-0.5862804489236704,-0.5862804489236704,0.95,0.7581311491154682,0.17896734537183295,0.7659748004173448,0.5320754716981132,0.2995169082125604,0.0,0.0,0.0,0.0,0,0
-0.486766303305626,0.0,50.0,-0.486766303305626,-0.486766303305626,0.95,0.643314168064391,0.12456801872759438,0.6298142439017431,0.5915492957746479,0.316035765020473,0.0,0.0,0.0,0.0,0,0
-0.5228578233374973,5.0,50.0,-0.5228578233374973,-0.5228578233374973,0.95,0.6867407132921669,0.2018196072954394,0.6297154336759715,0.5972222222222222,0.30445710455764075,0.0,0.0,0.0,0.0,0,0
-0.5642847501655455,10.0,50.0,-0.5642847501655455,-0.5642847501655455,0.95,0.727469534527643,0.27101130998173784,0.6543861732639302,0.5805243445692884,0.27117950396987806,0.0,0.0,0.0,0.0,0,0
-0.5832029709289586,15.0,50.0,-0.5832029709289586,-0.5832029709289586,0.95,0.7484052702233561,0.3089312542399849,0.6402503789366615,0.5345454545454545,0.24537907268170425,0.0,0.0,0.0,0.0,0,0
-0.613024026000316,20.0,50.0,-0.613024026000316,-0.613024026000316,0.95,0.7832603137332346,0.35552601054837707,0.6419043161173927,0.4963768115942029,0.2204582896510409,0.0,0.0,0.0,0.0,0,0
-0.6414436682139758,25.0,50.0,-0.6414436682139758,-0.6414436682139758,0.95,0.8047899800661782,0.42875584195519384,0.6250006192523889,0.43911439114391143,0.19751144164759726,0.0,0.0,0.0,0.0,0,0
-0.6687713443170361,30.0,50.0,-0.6687713443170361,-0.6687713443170361,0.95,0.8259349790058722,0.4659051693213393,0.643239797092965,0.3888888888888889,0.17489922798387647,0.0,0.0,0.0,0.0,0,0
-0.7089514326142635,35.0,50.0,-0.7089514326142635,-0.7089514326142635,0.95,0.8381292564461249,0.4780435000422002,0.720631389093302,0.2596899224806202,0.1563769825665225,0.0,0.0,0.0,0.0,0,0
-0.7023435307430024,40.0,50.0,-0.7023435307430024,-0.7023435307430024,0.95,0.8409341763106205,0.473356766992249,0.6195081811291447,0.07246376811594203,0.13831398283695104,0.0,0.0,0.0,0.0,0,0
-0.7072262709202868,45.0,50.0,-0.7072262709202868,-0.7072262709202868,0.95,0.8315018895660887,0.48448774845752673,0.6212345285243767,0.018050541516245487,0.12619759565509245,0.0,0.0,0.0,0.0,0,0
-0.7287286488601238,50.0,50.0,-0.7287286488601238,-0.7287286488601238,0.95,0.8235530084100313,0.5291843676349663,0.7022461578439022,0.08550185873605948,0.11738846313788392,0.0,0.0,0.0,0.0,0,0
-0.7341956607472208,55.0,50.0,-0.7341956607472208,-0.7341956607472208,0.95,0.8192152817177586,0.5792461016999697,0.6909097375993232,0.11029411764705882,0.11196327929812329,0.0,0.0,0.0,0.0,0,0
-0.7482654633682543,60.0,50.0,-0.7482654633682543,-0.7482654633682543,0.95,0.8053547386683937,0.6231415128247374,0.7313527587788499,0.125,0.10749129913847207,0.0,0.0,0.0,0.0,0,0
-0.757301420964194,65.0,50.0,-0.757301420964194,-0.757301420964194,0.95,0.8011005270941363,0.6483080117556492,0.7617702807078038,0.15658362989323843,0.10561557506189512,0.0,0.0,0.0,0.0,0,0
-0.7721195920374496,70.0,50.0,-0.7721195920374496,-0.7721195920374496,0.95,0.8118738229174836,0.6693510508532992,0.8038501308610836,0.20930232558139536,0.10783005227449671,0.0,0.0,0.0,0.0,0,0
-0.7734990709195841,75.0,50.0,-0.7734990709195841,-0.7734990709195841,0.95,0.8040974766322836,0.6594887088652471,0.8366888135666235,0.22184300341296928,0.11382654474923802,0.0,0.0,0.0,0.0,0,0
-0.7781908169075903,80.0,50.0,-0.7781908169075903,-0.7781908169075903,0.95,0.821755137767592,0.6438996041414814,0.8442911332964229,0.2255892255892256,0.12326408176869237,0.0,0.0,0.0,0.0,0,0
-0.780408555794278,85.0,50.0,-0.780408555794278,-0.780408555794278,0.95,0.8366888135666236,0.6328143676701332,0.8387083578272266,0.2214765100671141,0.13392708043417756,0.0,0.0,0.0,0.0,0,0
-0.7765286841648541,90.0,50.0,-0.7765286841648541,-0.7765286841648541,0.95,0.8369478564787685,0.6141298277717997,0.8422016718549202,0.22333333333333333,0.1468958181716397,0.0,0.0,0.0,0.0,0,0
-0.7722914448574452,95.0,50.0,-0.7722914448574452,-0.7722914448574452,0.95,0.8366888135666244,0.6013505009831426,0.8375620216245272,0.22112211221122113,0.16145774568430554,0.0,0.0,0.0,0.0,0,0
-0.7598312840114662,100.0,50.0,-0.7598312840114662,-0.7598312840114662,0.95,0.8271504739768187,0.5792461016999697,0.8258186038518373,0.22295081967213115,0.17662441020976635,0.0,0.0,0.0,0.0,0,0
-0.7437179650089714,105.0,50.0,-0.7437179650089714,-0.7437179650089714,0.95,0.8065308724279934,0.5629876664567913,0.8064021179557425,0.21241830065359477,0.1953381294964029,0.0,0.0,0.0,0.0,0,0
-0.7146767828089148,110.0,50.0,-0.7146767828089148,-0.7146767828089148,0.95,0.7852002711932933,0.5277575593266395,0.7756127445571276,0.25245901639344265,0.21697451484685526,0.0,0.0,0.0,0.0,0,0
-0.6781084569531697,115.0,50.0,-0.6781084569531697,-0.6781084569531697,0.95,0.7465838644132958,0.5053046203054885,0.7333742452251377,0.30194805194805197,0.23771319902537588,0.0,0.0,0.0,0.0,0,0
-0.6399444534576916,120.0,50.0,-0.6399444534576916,-0.6399444534576916,0.95,0.7095528504866666,0.47626901695331014,0.6794139467097219,0.3279742765273312,0.26165850117945927,0.0,0.0,0.0,0.0,0,0
-0.6082115538169494,125.0,50.0,-0.6082115538169494,-0.6082115538169494,0.95,0.6901450264126723,0.44002010309686934,0.6254018875002291,0.34201954397394135,0.28636587771203154,0.0,0.0,0.0,0.0,0,0
-0.5709889449185536,130.0,50.0,-0.5709889449185536,-0.5709889449185536,0.95,0.6632681438353035,0.41190833898664625,0.5663739661066378,0.3888888888888889,0.3137637795275591,0.0,0.0,0.0,0.0,0,0
-0.5309446463515449,135.0,50.0,-0.5309446463515449,-0.5309446463515449,0.95,0.6335814814694278,0.386947601966136,0.49526889787860323,0.43042071197411,0.335511145272867,0.0,0.0,0.0,0.0,0,0
-0.47980508625705975,140.0,50.0,-0.47980508625705975,-0.47980508625705975,0.95,0.5923944082652155,0.3495755113241047,0.4231124817784911,0.5032467532467533,0.3555671243573892,0.0,0.0,0.0,0.0,0,0
-0.4136216341467761,145.0,50.0,-0.4136216341467761,-0.4136216341467761,0.95,0.553521272189195,0.3089312542399849,0.3537723795304918,0.7346278317152104,0.37149240980482356,0.0,0.0,0.0,0.0,0,0
-0.3535493877778646,150.0,50.0,-0.3535493877778646,-0.3535493877778646,0.95,0.48865002092391346,0.2574427118666529,0.29412010377978887,0.7980132450331126,0.3809838230439089,0.0,0.0,0.0,0.0,0,0
-0.2977387692643556,155.0,50.0,-0.2977387692643556,-0.2977387692643556,0.95,0.43746071098427286,0.1941683240649077,0.23612354281041745,0.8481848184818482,0.38455959915611815,0.0,0.0,0.0,0.0,0,0
-0.261847287409452,160.0,50.0,-0.261847287409452,-0.261847287409452,0.95,0.39538613055887123,0.1747514916584194,0.19616602848718798,0.8903654485049833,0.38539686701186343,0.0,0.0,0.0,0.0,0,0
-0.25042295357206934,165.0,50.0,-0.25042295357206934,-0.25042295357206934,0.95,0.38905817440638596,0.15446562711999245,0.19416832406491125,0.9235880398671097,0.3800594853226432,0.0,0.0,0.0,0.0,0,0
-0.23634948699536967,170.0,50.0,-0.23634948699536967,-0.23634948699536967,0.95,0.38118663238289086,0.11295263372556363,0.19416832406491125,0.9290540540540541,0.3705176767676768,0.0,0.0,0.0,0.0,0,0
-0.23408102085736784,175.0,50.0,-0.23408102085736784,-0.23408102085736784,0.95,0.38790511017678975,0.09010494915332856,0.1945945270168482,0.9225589225589226,0.34321032539538265,0.0,0.0,0.0,0.0,0,0
-0.24344379898856996,180.0,50.0,-0.24344379898856996,-0.24344379898856996,0.95,0.38479492322710246,0.11584922033999412,0.21358515647139953,0.9283276450511946,0.29977615795213225,0.0,0.0,0.0,0.0,0,0
-0.2499501280246636,185.0,50.0,-0.2499501280246636,-0.2499501280246636,0.95,0.3775324700369446,0.15836295864246822,0.20881417282564615,0.9285714285714286,0.2629174371804634,0.0,0.0,0.0,0.0,0,0
-0.2596281880820982,190.0,50.0,-0.2596281880820982,-0.2596281880820982,0.95,0.3751033158605735,0.17896734537183295,0.23169844067998824,0.9307958477508651,0.23370635167340173,0.0,0.0,0.0,0.0,0,0
-0.2680279395946966,195.0,50.0,-0.2680279395946966,-0.2680279395946966,0.95,0.376943567367394,0.1821789061131196,0.2571411656792499,0.9257950530035336,0.21210172174945577,0.0,0.0,0.0,0.0,0,0
-0.26656979838351474,200.0,50.0,-0.26656979838351474,-0.26656979838351474,0.95,0.36527175829600445,0.1867120145522902,0.2703148474599865,0.9379562043795621,0.19489272830833493,0.0,0.0,0.0,0.0,0,0
-0.25729825583260724,205.0,50.0,-0.25729825583260724,-0.25729825583260724,0.95,0.3349389050060402,0.1930820338999899,0.28385186409735463,0.9591078066914498,0.18034211489206,0.0,0.0,0.0,0.0,0,0
-0.25993891129334223,210.0,50.0,-0.25993891129334223,-0.25993891129334223,0.95,0.32718688458922773,0.1930820338999899,0.3084144483291385,0.9630996309963099,0.1706581514990243,0.0,0.0,0.0,0.0,0,0
-0.2576447838868112,215.0,50.0,-0.2576447838868112,-0.2576447838868112,0.95,0.32086135146485967,0.18073140890487935,0.32143197031362747,0.9624060150375939,0.1622916846559019,0.0,0.0,0.0,0.0,0,0
-0.2620184719460575,220.0,50.0,-0.2620184719460575,-0.2620184719460575,0.95,0.32086135146485967,0.18686849482943202,0.3342933960245561,0.9661654135338346,0.15522551791063668,0.0,0.0,0.0,0.0,0,0
-0.2714400276952324,225.0,50.0,-0.2714400276952324,-0.2714400276952324,0.95,0.3348866672737008,0.1930820338999908,0.3433762631756019,0.9662921348314607,0.1496311033739534,0.0,0.0,0.0,0.0,0,0
-0.27375153716496675,230.0,50.0,-0.27375153716496675,-0.27375153716496675,0.95,0.33591138296417844,0.19105756024621473,0.3522611266591091,0.9644268774703557,0.14723825901813864,0.0,0.0,0.0,0.0,0,0
-0.27842801651948756,235.0,50.0,-0.27842801651948756,-0.27842801651948756,0.95,0.3477373499355598,0.1807314089048798,0.3624276689297181,0.9645669291338582,0.14475657708054643,0.0,0.0,0.0,0.0,0,0
-0.28977399115709773,240.0,50.0,-0.28977399115709773,-0.28977399115709773,0.95,0.35805501378376664,0.18716747670154574,0.3752309420632948,0.9404761904761905,0.14355417557159564,0.0,0.0,0.0,0.0,0,0
-0.3000701871622659,245.0,50.0,-0.3000701871622659,-0.3000701871622659,0.95,0.360942437476512,0.18125291950310157,0.3854888007788734,0.8599221789883269,0.1439491470872224,0.0,0.0,0.0,0.0,0,0
-0.31715598424883407,250.0,50.0,-0.31715598424883407,-0.31715598424883407,0.95,0.3732919322066479,0.20595416949332357,0.3936078041765042,0.8205128205128205,0.14492753623188406,0.0,0.0,0.0,0.0,0,0
-0.3246142215050282,255.0,50.0,-0.3246142215050282,-0.3246142215050282,0.95,0.37552304264461384,0.2140332692784,0.40301120894198533,0.7985611510791367,0.14774015875587235,0.0,0.0,0.0,0.0,0,0
-0.33602986287376135,260.0,50.0,-0.33602986287376135,-0.33602986287376135,0.95,0.3753064350279385,0.2164297871825281,0.4316769802081141,0.7611940298507462,0.15174108971732897,0.0,0.0,0.0,0.0,0,0
-0.34398914311889406,265.0,50.0,-0.34398914311889406,-0.34398914311889406,0.95,0.38595973557970553,0.21720413371091923,0.4389946396149057,0.7444444444444445,0.1563979074981317,0.0,0.0,0.0,0.0,0,0
-0.34820536730187024,270.0,50.0,-0.34820536730187024,-0.34820536730187024,0.95,0.3861640677999807,0.22224537187686225,0.44791654088017,0.7380073800738007,0.16073309458605434,0.0,0.0,0.0,0.0,0,0
-0.3440491997511357,275.0,50.0,-0.3440491997511357,-0.3440491997511357,0.95,0.3789685283597248,0.22117873304956492,0.44791654088017,0.7481203007518797,0.16581665452363606,0.0,0.0,0.0,0.0,0,0
-0.34346014483253695,280.0,50.0,-0.34346014483253695,-0.34346014483253695,0.95,0.3753064350279378,0.2276893815030217,0.44791654088017,0.7556390977443609,0.17164244440553317,0.0,0.0,0.0,0.0,0,0
-0.34443014678524575,285.0,50.0,-0.34443014678524575,-0.34443014678524575,0.95,0.38074645817935626,0.23479078581112836,0.4478095423169587,0.7851851851851852,0.17758474007074732,0.0,0.0,0.0,0.0,0,0
-0.3567309347288093,290.0,50.0,-0.3567309347288093,-0.3567309347288093,0.95,0.39719289725874074,0.25660666567704915,0.44772356677549435,0.7822878228782287,0.18453669999539235,0.0,0.0,0.0,0.0,0,0
-0.35738476743370406,295.0,50.0,-0.35738476743370406,-0.35738476743370406,0.95,0.3991118733348017,0.28318698305331935,0.4373611043270876,0.8239700374531835,0.19359893632176267,0.0,0.0,0.0,0.0,0,0
-0.3604836700203402,300.0,50.0,-0.3604836700203402,-0.3604836700203402,0.95,0.4034563893440113,0.308931254239984,0.43728308882251776,0.8745247148288974,0.20339731945603615,0.0,0.0,0.0,0.0,0,0
-0.3850770126290919,305.0,50.0,-0.3850770126290919,-0.3850770126290919,0.95,0.43497359354658305,0.3185447126189945,0.42998809772854346,0.7604562737642585,0.2148072504467705,0.0,0.0,0.0,0.0,0,0
-0.39392949610557987,310.0,50.0,-0.39392949610557987,-0.39392949610557987,0.95,0.45019560924600377,0.308931254239984,0.43019468562128743,0.7093023255813954,0.2273406640333084,0.0,0.0,0.0,0.0,0,0
-0.4248042371248324,315.0,50.0,-0.4248042371248324,-0.4248042371248324,0.95,0.4944683541748869,0.30621454745995436,0.46600397775578273,0.660377358490566,0.24051901765328285,0.0,0.0,0.0,0.0,0,0
-0.4345711347779935,320.0,50.0,-0.4345711347779935,-0.4345711347779935,0.95,0.5050509113084563,0.29605911864665213,0.49360342183125117,0.6486486486486487,0.25530546623794215,0.0,0.0,0.0,0.0,0,0
-0.45175704979045833,325.0,50.0,-0.45175704979045833,-0.45175704979045833,0.95,0.5280026113455201,0.284844546033743,0.5242544749752582,0.6171875,0.2692945293792595,0.0,0.0,0.0,0.0,0,0
-0.4713027975391175,330.0,50.0,-0.4713027975391175,-0.4713027975391175,0.95,0.5532253257008191,0.2703148474599866,0.545002997147692,0.5381679389312977,0.2852790562001685,0.0,0.0,0.0,0.0,0,0
-0.48806335881424384,335.0,50.0,-0.48806335881424384,-0.48806335881424384,0.95,0.5825049721947302,0.2574427118666538,0.5824106110160081,0.5490196078431373,0.30074003014937645,0.0,0.0,0.0,0.0,0,0
-0.4980359556980428,340.0,50.0,-0.4980359556980428,-0.4980359556980428,0.95,0.601921804601222,0.24446996547466326,0.601921804601222,0.5433070866141733,0.3189880779296307,0.0,0.0,0.0,0.0,0,0
-0.5045294962399159,345.0,50.0,-0.5045294962399159,-0.5045294962399159,0.95,0.6213386370077139,0.2222453718768625,0.6213386370077139,0.5490196078431373,0.3301567783584384,0.0,0.0,0.0,0.0,0,0
-0.49789924949296066,350.0,50.0,-0.49789924949296066,-0.49789924949296066,0.95,0.622723661586011,0.1930820338999899,0.6278380393863753,0.5642023346303502,0.3351542416452442,0.0,0.0,0.0,0.0,0,0
-0.49311361573030343,355.0,50.0,-0.49311361573030343,-0.49311361573030343,0.95,0.6224709173000332,0.1681402784380978,0.6319348612897546,0.55893536121673,0.32771242905322034,0.0,0.0,0.0,0.0,0,0
-0.4280562897161253,0.0,55.0,-0.4280562897161253,-0.4280562897161253,0.95,0.5794705629414008,0.110056047111134,0.5178232285909856,0.6070175438596491,0.3155256020383003,0.0,0.0,0.0,0.0,0,0
-0.44118908825740855,5.0,55.0,-0.44118908825740855,-0.44118908825740855,0.95,0.6020152042618782,0.12885194496102012,0.5152332727389709,0.6063829787234043,0.3038277511961722,0.0,0.0,0.0,0.0,0,0
-0.4773161567599782,10.0,55.0,-0.4773161567599782,-0.4773161567599782,0.95,0.6385963047869678,0.20039563335808125,0.5241519430597199,0.5925925925925926,0.2796582587469487,0.0,0.0,0.0,0.0,0,0
-0.47955325611452154,15.0,55.0,-0.47955325611452154,-0.47955325611452154,0.95,0.6590110792073818,0.20167744604013832,0.5092168277953519,0.6177474402730375,0.2545037926675095,0.0,0.0,0.0,0.0,0,0
-0.5195118450142947,20.0,55.0,-0.5195118450142947,-0.5195118450142947,0.95,0.6880552027805448,0.29593055148154257,0.4994103223085832,0.5454545454545454,0.235114736601357,0.0,0.0,0.0,0.0,0,0
-0.5435181314686895,25.0,55.0,-0.5435181314686895,-0.5435181314686895,0.95,0.7091059809412849,0.33523830434529156,0.509392857151616,0.5128205128205128,0.2150854449027696,0.0,0.0,0.0,0.0,0,0
-0.5532668617118539,30.0,55.0,-0.5532668617118539,-0.5532668617118539,0.95,0.718990613176005,0.3861640677999807,0.4585972510124216,0.4551971326164875,0.1987917555081734,0.0,0.0,0.0,0.0,0,0
-0.5605860270521213,35.0,55.0,-0.5605860270521213,-0.5605860270521213,0.95,0.7271048883479022,0.37449182541367265,0.47921370331542523,0.4368231046931408,0.18586206896551724,0.0,0.0,0.0,0.0,0,0
-0.5558608964627528,40.0,55.0,-0.5558608964627528,-0.5558608964627528,0.95,0.7327315107649833,0.36891981572333066,0.4664390671894216,0.4607142857142857,0.17388099705172877,0.0,0.0,0.0,0.0,0,0
-0.5868833647011913,45.0,55.0,-0.5868833647011913,-0.5868833647011913,0.95,0.7307175775736328,0.3737965757350849,0.5267705771336859,0.3054545454545455,0.1655226515002942,0.0,0.0,0.0,0.0,0,0
-0.6024152055774917,50.0,55.0,-0.6024152055774917,-0.6024152055774917,0.95,0.720985302001092,0.41081824910959486,0.524386969119504,0.1978021978021978,0.15776016364101253,0.0,0.0,0.0,0.0,0,0
-0.61563181130546,55.0,55.0,-0.61563181130546,-0.61563181130546,0.95,0.7083275695418907,0.4505247457666437,0.5401069596167426,0.15357142857142858,0.1540633824913712,0.0,0.0,0.0,0.0,0,0
-0.634440148875027,60.0,55.0,-0.634440148875027,-0.634440148875027,0.95,0.711370010367105,0.486989143879435,0.5792461016999715,0.16666666666666666,0.15067646877123617,0.0,0.0,0.0,0.0,0,0
-0.6382992279665902,65.0,55.0,-0.6382992279665902,-0.6382992279665902,0.95,0.696568515909112,0.5053815013387664,0.6049903728866353,0.17921146953405018,0.1507761887299841,0.0,0.0,0.0,0.0,0,0
-0.6311986701823747,70.0,55.0,-0.6311986701823747,-0.6311986701823747,0.95,0.6684058666108323,0.5181699721127647,0.6307346440733008,0.23389830508474577,0.15597055781981872,0.0,0.0,0.0,0.0,0,0
-0.6319707275855176,75.0,55.0,-0.6319707275855176,-0.6319707275855176,0.95,0.6545070721681981,0.5291843676349657,0.6451327121878205,0.23411371237458195,0.16316364961730045,0.0,0.0,0.0,0.0,0,0
-0.6346782261201611,80.0,55.0,-0.6346782261201611,-0.6346782261201611,0.95,0.6486331082756047,0.5365416680042293,0.6563582632354471,0.23,0.1710901913149104,0.0,0.0,0.0,0.0,0,0
-0.6351944885123669,85.0,55.0,-0.6351944885123669,-0.6351944885123669,0.95,0.6540658747695973,0.529184367634966,0.6564789152599673,0.22847682119205298,0.18093905850869724,0.0,0.0,0.0,0.0,0,0
-0.6373933555414473,90.0,55.0,-0.6373933555414473,-0.6373933555414473,0.95,0.6620865073370451,0.525674786730524,0.6575834795099461,0.23255813953488372,0.19383958523940226,0.0,0.0,0.0,0.0,0,0
-0.6278694502713678,95.0,55.0,-0.6278694502713678,-0.6278694502713678,0.95,0.6564789152599673,0.5006256146917355,0.6539069746093665,0.23355263157894737,0.2072144042278621,0.0,0.0,0.0,0.0,0,0
-0.6179195444984634,100.0,55.0,-0.6179195444984634,-0.6179195444984634,0.95,0.6438996041414823,0.4895263838603168,0.6436067796666336,0.2292358803986711,0.22066365939566213,0.0,0.0,0.0,0.0,0,0
-0.6050344308397203,105.0,55.0,-0.6050344308397203,-0.6050344308397203,0.95,0.6307346440733017,0.4723965355290109,0.630671020470482,0.23026315789473684,0.23604962902924123,0.0,0.0,0.0,0.0,0,0
-0.5762552799931667,110.0,55.0,-0.5762552799931667,-0.5762552799931667,0.95,0.6053069830799481,0.4521953118630323,0.6049903728866353,0.3016393442622951,0.2541902961562697,0.0,0.0,0.0,0.0,0,0
-0.5532289884638463,115.0,55.0,-0.5532289884638463,-0.5532289884638463,0.95,0.5932321876003169,0.43182249324880967,0.5748727801181994,0.35737704918032787,0.2742459988522604,0.0,0.0,0.0,0.0,0,0
-0.528679729825089,120.0,55.0,-0.528679729825089,-0.528679729825089,0.95,0.5801084270343875,0.41190833898664625,0.5322918201857254,0.3941368078175896,0.2934255607990174,0.0,0.0,0.0,0.0,0,0
-0.4966543924908538,125.0,55.0,-0.4966543924908538,-0.4966543924908538,0.95,0.5488451815378653,0.38979544867268734,0.49009840225871465,0.42857142857142855,0.31410970574742775,0.0,0.0,0.0,0.0,0,0
-0.46535153375352056,130.0,55.0,-0.46535153375352056,-0.46535153375352056,0.95,0.5276083732733581,0.3634729081050522,0.43928614546113076,0.46381578947368424,0.3334877871185543,0.0,0.0,0.0,0.0,0,0
-0.41560114384491126,135.0,55.0,-0.41560114384491126,-0.41560114384491126,0.95,0.4996159520375679,0.3346755254266496,0.3811122563345805,0.6319218241042345,0.3492531314890482,0.0,0.0,0.0,0.0,0,0
-0.3652151518345564,140.0,55.0,-0.3652151518345564,-0.3652151518345564,0.95,0.4738255081936566,0.28583722797013056,0.32696968035220414,0.7751677852348994,0.36675907769287985,0.0,0.0,0.0,0.0,0,0
-0.32222820260957813,145.0,55.0,-0.32222820260957813,-0.32222820260957813,0.95,0.4386409801280163,0.2403124110671045,0.27854740641721787,0.8294314381270903,0.37685500340367595,0.0,0.0,0.0,0.0,0,0
-0.281646438760433,150.0,55.0,-0.281646438760433,-0.281646438760433,0.95,0.40631514423233805,0.1930820338999899,0.23139949037000115,0.87,0.38558743169398907,0.0,0.0,0.0,0.0,0,0
-0.24733454884622796,155.0,55.0,-0.24733454884622796,-0.24733454884622796,0.95,0.3751011225559052,0.15533465925192758,0.19613130233309814,0.9057239057239057,0.3908830353487103,0.0,0.0,0.0,0.0,0,0
-0.23382241251624053,160.0,55.0,-0.23382241251624053,-0.23382241251624053,0.95,0.36569258090773493,0.15533465925192758,0.17052253703633435,0.9391891891891891,0.39093004338394793,0.0,0.0,0.0,0.0,0,0
-0.21983100443273193,165.0,55.0,-0.21983100443273193,-0.21983100443273193,0.95,0.3527618204896952,0.11831060987602667,0.1747514916584194,0.9453924914675768,0.38912722885105244,0.0,0.0,0.0,0.0,0,0
-0.20687689365125206,170.0,55.0,-0.20687689365125206,-0.20687689365125206,0.95,0.346946941325804,0.07723281355999623,0.1747514916584194,0.9489795918367347,0.3816989176779272,0.0,0.0,0.0,0.0,0,0
-0.21258890100738678,175.0,55.0,-0.21258890100738678,-0.21258890100738678,0.95,0.35425262739817975,0.08680678138627376,0.1747514916584194,0.9450171821305842,0.3543441226575809,0.0,0.0,0.0,0.0,0,0
-0.21944897364457125,180.0,55.0,-0.21944897364457125,-0.21944897364457125,0.95,0.35402121056570685,0.11584922033999412,0.1747514916584194,0.9480968858131488,0.31436298076923075,0.0,0.0,0.0,0.0,0,0
-0.22449755787058442,185.0,55.0,-0.22449755787058442,-0.22449755787058442,0.95,0.3472271255450984,0.14159349152666056,0.18125291950310024,0.951048951048951,0.2814333371678362,0.0,0.0,0.0,0.0,0,0
-0.24720690191841838,190.0,55.0,-0.24720690191841838,-0.24720690191841838,0.95,0.36859571782837575,0.15533465925192758,0.21882630508665626,0.9377162629757786,0.2571743929359823,0.0,0.0,0.0,0.0,0,0
-0.24386404296943856,195.0,55.0,-0.24386404296943856,-0.24386404296943856,0.95,0.34709138506396503,0.15568122347371954,0.24457057627332182,0.950354609929078,0.24023624561030116,0.0,0.0,0.0,0.0,0,0
-0.24832041591759785,200.0,55.0,-0.24832041591759785,-0.24832041591759785,0.95,0.33665855201649425,0.16733776271332523,0.2697078001482578,0.9560439560439561,0.22500513241634162,0.0,0.0,0.0,0.0,0,0
-0.2414578924935316,205.0,55.0,-0.2414578924935316,-0.2414578924935316,0.95,0.3197884683353088,0.16733776271332523,0.2729861040781533,0.9653846153846154,0.21093129467831612,0.0,0.0,0.0,0.0,0,0
-0.24457642820524672,210.0,55.0,-0.24457642820524672,-0.24457642820524672,0.95,0.3196480543018103,0.16733776271332435,0.2857379597764901,0.9655172413793104,0.19858121802914777,0.0,0.0,0.0,0.0,0,0
-0.24254802651430657,215.0,55.0,-0.24254802651430657,-0.24254802651430657,0.95,0.3122756872522104,0.16006274781319613,0.2966951551922176,0.9655172413793104,0.18957078313253012,0.0,0.0,0.0,0.0,0,0
-0.2485145746852206,220.0,55.0,-0.2485145746852206,-0.2485145746852206,0.95,0.3127847196381887,0.1717846918462415,0.3095103631658465,0.9692307692307692,0.1842469545957918,0.0,0.0,0.0,0.0,0,0
-0.25335940563602427,225.0,55.0,-0.25335940563602427,-0.25335940563602427,0.95,0.31209303919125614,0.18020989830665712,0.3218033898333168,0.969811320754717,0.17894306357068204,0.0,0.0,0.0,0.0,0,0
-0.2580523920056028,230.0,55.0,-0.2580523920056028,-0.2580523920056028,0.95,0.31241807521018977,0.18535742995176507,0.33467552542665036,0.9692307692307692,0.17551807661254148,0.0,0.0,0.0,0.0,0,0
-0.2593613720390897,235.0,55.0,-0.2593613720390897,-0.2593613720390897,0.95,0.32321310657705943,0.16789913157979003,0.33970697335486094,0.9682539682539683,0.17302731073747887,0.0,0.0,0.0,0.0,0,0
-0.26807540538199487,240.0,55.0,-0.26807540538199487,-0.26807540538199487,0.95,0.33450765156894313,0.1745567016429516,0.3496294515682672,0.967741935483871,0.17220036252707902,0.0,0.0,0.0,0.0,0,0
-0.27222598879929605,245.0,55.0,-0.27222598879929605,-0.27222598879929605,0.95,0.33490063699410594,0.18020989830665712,0.3602048163560841,0.9683794466403162,0.17250364351013558,0.0,0.0,0.0,0.0,0,0
-0.275172859255265,250.0,55.0,-0.275172859255265,-0.275172859255265,0.95,0.33692100089251054,0.18448344348783471,0.36496709172498043,0.9695817490494296,0.17326601116130746,0.0,0.0,0.0,0.0,0,0
-0.2791578285002479,255.0,55.0,-0.2791578285002479,-0.2791578285002479,0.95,0.33887118161615615,0.18939041125149808,0.37306199343705193,0.9700374531835206,0.1755980221836162,0.0,0.0,0.0,0.0,0,0
-0.2828092842864427,260.0,55.0,-0.2828092842864427,-0.2828092842864427,0.95,0.34754766101998236,0.18939041125149852,0.37520443052645136,0.9735849056603774,0.17982535109830752,0.0,0.0,0.0,0.0,0,0
-0.29159311936322707,265.0,55.0,-0.29159311936322707,-0.29159311936322707,0.95,0.34754766101998413,0.19308203389999035,0.4063614727426488,0.9728682170542635,0.18460627050674444,0.0,0.0,0.0,0.0,0,0
-0.2866559831040064,270.0,55.0,-0.2866559831040064,-0.2866559831040064,0.95,0.3478999404346269,0.1912362225757442,0.385314969323983,0.9664179104477612,0.1886391952378755,0.0,0.0,0.0,0.0,0,0
-0.2915162788111925,275.0,55.0,-0.2915162788111925,-0.2915162788111925,0.95,0.34798123568415945,0.196234098818029,0.3979666997094445,0.9622641509433962,0.19351057345149342,0.0,0.0,0.0,0.0,0,0
-0.29897766576599893,280.0,55.0,-0.29897766576599893,-0.29897766576599893,0.95,0.34845330000946845,0.2027877403463355,0.41880374957273964,0.9580152671755725,0.1981001479784238,0.0,0.0,0.0,0.0,0,0
-0.2987066416399673,285.0,55.0,-0.2987066416399673,-0.2987066416399673,0.95,0.34578515903838786,0.20595416949332357,0.41875790505723226,0.9578544061302682,0.2041313456104453,0.0,0.0,0.0,0.0,0,0
-0.2976774149157309,290.0,55.0,-0.2976774149157309,-0.2976774149157309,0.95,0.3380934892185697,0.22097450551899667,0.41186249447113876,0.9576923076923077,0.21168357403428115,0.0,0.0,0.0,0.0,0,0
-0.30312995559559863,295.0,55.0,-0.30312995559559863,-0.30312995559559863,0.95,0.3425829408553747,0.24495535392225232,0.400827111928752,0.9534883720930233,0.2193243659513297,0.0,0.0,0.0,0.0,0,0
-0.32228242596835616,300.0,55.0,-0.32228242596835616,-0.32228242596835616,0.95,0.37170680860263755,0.2718356536908715,0.39388391113531407,0.9283018867924528,0.22990634425101858,0.0,0.0,0.0,0.0,0,0
-0.32407517615754894,305.0,55.0,-0.32407517615754894,-0.32407517615754894,0.95,0.364520441193619,0.2848445460337419,0.39876608834557814,0.9263565891472868,0.24136986301369864,0.0,0.0,0.0,0.0,0,0
-0.33175471334464374,310.0,55.0,-0.33175471334464374,-0.33175471334464374,0.95,0.3763302056051695,0.28318698305331846,0.3979535413569852,0.890625,0.25283897342720874,0.0,0.0,0.0,0.0,0,0
-0.35200747208762695,315.0,55.0,-0.35200747208762695,-0.35200747208762695,0.95,0.39515888864613025,0.2803524042136486,0.3883366481298225,0.7322834645669292,0.26531214931191305,0.0,0.0,0.0,0.0,0,0
-0.3684386340876476,320.0,55.0,-0.3684386340876476,-0.3684386340876476,0.95,0.41792939863363976,0.27309004060954506,0.4079464501752836,0.689922480620155,0.27807519537259245,0.0,0.0,0.0,0.0,0,0
-0.38029420352461446,325.0,55.0,-0.38029420352461446,-0.38029420352461446,0.95,0.43168434458103744,0.2703148474599866,0.42735451530881136,0.66796875,0.292189813920546,0.0,0.0,0.0,0.0,0,0
-0.40148930529110133,330.0,55.0,-0.40148930529110133,-0.40148930529110133,0.95,0.46116782630582565,0.2574427118666538,0.4532162683329284,0.606425702811245,0.3072930709086007,0.0,0.0,0.0,0.0,0,0
-0.4167056525214439,335.0,55.0,-0.4167056525214439,-0.4167056525214439,0.95,0.48084162737777086,0.2445705762733219,0.4723606829263084,0.5486381322957199,0.3235982136527965,0.0,0.0,0.0,0.0,0,0
-0.42151094659846705,340.0,55.0,-0.42151094659846705,-0.42151094659846705,0.95,0.4910550563071069,0.23169844067998824,0.48966892877425977,0.5525291828793775,0.33668603784830875,0.0,0.0,0.0,0.0,0,0
-0.4263586673422395,345.0,55.0,-0.4263586673422395,-0.4263586673422395,0.95,0.5048376425687664,0.21403326927840063,0.5048376425687664,0.5529411764705883,0.3448275862068966,0.0,0.0,0.0,0.0,0,0
-0.4284012689519082,350.0,55.0,-0.4284012689519082,-0.4284012689519082,0.95,0.5242544749752582,0.1807314089048796,0.5208381604856469,0.5669291338582677,0.33857450714342724,0.0,0.0,0.0,0.0,0,0
-0.42603923255235876,355.0,55.0,-0.42603923255235876,-0.42603923255235876,0.95,0.5473963178011567,0.14291861398506508,0.5127104808052496,0.5682656826568265,0.32873919425868536,0.0,0.0,0.0,0.0,0,0
-0.37803433739652387,0.0,60.0,-0.37803433739652387,-0.37803433739652387,0.95,0.5186777385575798,0.10479166647984402,0.4237246466098531,0.6156583629893239,0.31107177341486963,0.0,0.0,0.0,0.0,0,0
-0.384518613820853,5.0,60.0,-0.384518613820853,-0.384518613820853,0.95,0.5427419507749383,0.10297708474666223,0.41092077561263807,0.6105263157894737,0.3022502833090497,0.0,0.0,0.0,0.0,0,0
-0.3980413274379939,10.0,60.0,-0.3980413274379939,-0.3980413274379939,0.95,0.5632324787821095,0.11901694883899851,0.4237246466098536,0.6293706293706294,0.28647428663549895,0.0,0.0,0.0,0.0,0,0
-0.4132566723460997,15.0,60.0,-0.4132566723460997,-0.4132566723460997,0.95,0.5828728740893189,0.17989325327312566,0.39594224297376823,0.6385135135135135,0.2663030590467157,0.0,0.0,0.0,0.0,0,0
-0.42556207038307337,20.0,60.0,-0.42556207038307337,-0.42556207038307337,0.95,0.6034903640957623,0.20595416949332268,0.38833664812981894,0.6440677966101694,0.25205076613527316,0.0,0.0,0.0,0.0,0,0
-0.4374006605397636,25.0,60.0,-0.4374006605397636,-0.4374006605397636,0.95,0.6147315303724381,0.2538691345965795,0.36891981572333066,0.6418918918918919,0.24026317779626408,0.0,0.0,0.0,0.0,0,0
-0.44511329614926815,30.0,60.0,-0.44511329614926815,-0.44511329614926815,0.95,0.6285933751729168,0.28385186409735386,0.3717883750725501,0.7023411371237458,0.22821913762551682,0.0,0.0,0.0,0.0,0,0
-0.4558668763031589,35.0,60.0,-0.4558668763031589,-0.4558668763031589,0.95,0.6345320238663434,0.308931254239984,0.36405369606052335,0.6619217081850534,0.21886955894030174,0.0,0.0,0.0,0.0,0,0
-0.4511748033401861,40.0,60.0,-0.4511748033401861,-0.4511748033401861,0.95,0.6404222601504362,0.29125248609736687,0.3567711110226797,0.67,0.21074204946996467,0.0,0.0,0.0,0.0,0,0
-0.47051537040152236,45.0,60.0,-0.47051537040152236,-0.47051537040152236,0.95,0.6418623953533595,0.293801357264556,0.41109978636099564,0.6245487364620939,0.20388819703888197,0.0,0.0,0.0,0.0,0,0
-0.4809009962274716,50.0,60.0,-0.4809009962274716,-0.4809009962274716,0.95,0.6354895921321111,0.3205078895391161,0.42864851438275037,0.6058394160583942,0.19747213916825224,0.0,0.0,0.0,0.0,0,0
-0.48886711173266495,55.0,60.0,-0.48886711173266495,-0.48886711173266495,0.95,0.6258130007966863,0.34356938369248224,0.4287800801452974,0.5454545454545454,0.19612963706977368,0.0,0.0,0.0,0.0,0,0
-0.5108942632488414,60.0,60.0,-0.5108942632488414,-0.5108942632488414,0.95,0.6175652413353021,0.36509663134175835,0.4412917864328743,0.3772893772893773,0.19677355108544115,0.0,0.0,0.0,0.0,0,0
-0.5232672457794858,65.0,60.0,-0.5232672457794858,-0.5232672457794858,0.95,0.6072862170806849,0.3861640677999807,0.4505247457666446,0.2881944444444444,0.1992748846407383,0.0,0.0,0.0,0.0,0,0
-0.5311609242721813,70.0,60.0,-0.5311609242721813,-0.5311609242721813,0.95,0.5924975646289825,0.40722789179753677,0.47626901695330925,0.2671232876712329,0.20373647984267454,0.0,0.0,0.0,0.0,0,0
-0.5336722469152765,75.0,60.0,-0.5336722469152765,-0.5336722469152765,0.95,0.580192662767766,0.41373485863478443,0.49503494709618906,0.25597269624573377,0.20913964435146443,0.0,0.0,0.0,0.0,0,0
-0.5302949460565995,80.0,60.0,-0.5302949460565995,-0.5302949460565995,0.95,0.5629138011391737,0.4191666659193763,0.502013288139973,0.25165562913907286,0.21585413671415501,0.0,0.0,0.0,0.0,0,0
-0.5242359394900986,85.0,60.0,-0.5242359394900986,-0.5242359394900986,0.95,0.544257654310044,0.42478047457997814,0.5020132881399748,0.25165562913907286,0.22568831338695966,0.0,0.0,0.0,0.0,0,0
-0.515151178520962,90.0,60.0,-0.515151178520962,-0.515151178520962,0.95,0.5281470756753772,0.4191666659193754,0.5020132881399748,0.264026402640264,0.23801403554797665,0.0,0.0,0.0,0.0,0,0
-0.5002411795815904,95.0,60.0,-0.5002411795815904,-0.5002411795815904,0.95,0.502823576237153,0.4123657273676362,0.4903107771760021,0.26557377049180325,0.2501152453078696,0.0,0.0,0.0,0.0,0,0
-0.490958952857191,100.0,60.0,-0.490958952857191,-0.490958952857191,0.95,0.4921823424061703,0.40489492912381386,0.4825602455661887,0.2777777777777778,0.2601507737071816,0.0,0.0,0.0,0.0,0,0
-0.47455303004128757,105.0,60.0,-0.47455303004128757,-0.47455303004128757,0.95,0.48490089970471045,0.3925423416504058,0.47626901695330925,0.36610169491525424,0.27287212853538706,0.0,0.0,0.0,0.0,0,0
-0.45792729448526454,110.0,60.0,-0.45792729448526454,-0.45792729448526454,0.95,0.47566572725343664,0.3766982159373369,0.4505247457666437,0.39144736842105265,0.2863259298902863,0.0,0.0,0.0,0.0,0,0
-0.4392005182117336,115.0,60.0,-0.4392005182117336,-0.4392005182117336,0.95,0.475283912918771,0.36041979661331514,0.42478047457997903,0.4721311475409836,0.30063376483279397,0.0,0.0,0.0,0.0,0,0
-0.4091824728074324,120.0,60.0,-0.4091824728074324,-0.4091824728074324,0.95,0.4606281815714629,0.33467552542665047,0.39903620339331347,0.5849673202614379,0.3173220846373656,0.0,0.0,0.0,0.0,0,0
-0.3741672114901484,125.0,60.0,-0.3741672114901484,-0.3741672114901484,0.95,0.4492631644257187,0.3089312542399849,0.36041979661331514,0.7287581699346405,0.33104866346812883,0.0,0.0,0.0,0.0,0,0
-0.33983506103298133,130.0,60.0,-0.33983506103298133,-0.33983506103298133,0.95,0.42890016905791456,0.2831869830533198,0.3223633217117701,0.8311258278145696,0.34629463360729335,0.0,0.0,0.0,0.0,0,0
-0.31725965127462574,135.0,60.0,-0.31725965127462574,-0.31725965127462574,0.95,0.4133255735510778,0.2574427118666529,0.29351821879336876,0.8581081081081081,0.3561501042390549,0.0,0.0,0.0,0.0,0,0
-0.2900908978244137,140.0,60.0,-0.2900908978244137,-0.2900908978244137,0.95,0.39790393166922355,0.21882630508665546,0.25759369824294426,0.8817567567567568,0.36804584847637684,0.0,0.0,0.0,0.0,0,0
-0.2622773182880601,145.0,60.0,-0.2622773182880601,-0.2622773182880601,0.95,0.38128556871623265,0.18020989830665712,0.22517243122957728,0.9158249158249159,0.3768988449422471,0.0,0.0,0.0,0.0,0,0
-0.23293935314834097,150.0,60.0,-0.23293935314834097,-0.23293935314834097,0.95,0.35845179973728586,0.14682224070459107,0.18700551264809837,0.9389830508474576,0.3826025955804981,0.0,0.0,0.0,0.0,0,0
-0.20800649304396526,155.0,60.0,-0.20800649304396526,-0.20800649304396526,0.95,0.333031203774575,0.1287213559333269,0.1554376253567977,0.962457337883959,0.38781221576995734,0.0,0.0,0.0,0.0,0,0
-0.1984807939697335,160.0,60.0,-0.1984807939697335,-0.1984807939697335,0.95,0.3283061877380851,0.11650099443894746,0.13976114703843176,0.9690721649484536,0.39243943191311614,0.0,0.0,0.0,0.0,0,0
-0.18905935052731954,165.0,60.0,-0.18905935052731954,-0.18905935052731954,0.95,0.32004461060497097,0.09445509484760935,0.1359178268454393,0.9655172413793104,0.39546269480071716,0.0,0.0,0.0,0.0,0,0
-0.18909626284805586,170.0,60.0,-0.18909626284805586,-0.18909626284805586,0.95,0.3300059359324861,0.07723281355999667,0.1359178268454393,0.9619377162629758,0.38192478770723814,0.0,0.0,0.0,0.0,0,0
-0.18963808517463554,175.0,60.0,-0.18963808517463554,-0.18963808517463554,0.95,0.3213330227037914,0.08680678138627244,0.14515597558135931,0.9688581314878892,0.3548345061245765,0.0,0.0,0.0,0.0,0,0
-0.19680544146108056,180.0,60.0,-0.19680544146108056,-0.19680544146108056,0.95,0.3178049625394078,0.10941315254332817,0.15533465925192758,0.965034965034965,0.32369327073552423,0.0,0.0,0.0,0.0,0,0
-0.20620808174808086,185.0,60.0,-0.20620808174808086,-0.20620808174808086,0.95,0.31726601193317333,0.12505300378484396,0.17956629152698955,0.9685314685314685,0.2972008947463878,0.0,0.0,0.0,0.0,0,0
-0.21475480165081773,190.0,60.0,-0.21475480165081773,-0.21475480165081773,0.95,0.313026476321452,0.13591782684543574,0.2094018747863691,0.9678571428571429,0.27880845086908174,0.0,0.0,0.0,0.0,0,0
-0.22796780628472782,195.0,60.0,-0.22796780628472782,-0.22796780628472782,0.95,0.3243798097679446,0.1359178268454393,0.24408855980761765,0.9678571428571429,0.2649980135081446,0.0,0.0,0.0,0.0,0,0
-0.226720262130055,200.0,60.0,-0.226720262130055,-0.226720262130055,0.95,0.3099942104098235,0.14159349152665968,0.25740090955717354,0.9702602230483272,0.2561157435529295,0.0,0.0,0.0,0.0,0,0
-0.23197143210717266,205.0,60.0,-0.23197143210717266,-0.23197143210717266,0.95,0.3144822919115523,0.1422560527558628,0.2702442681563289,0.9694656488549618,0.24310817346445268,0.0,0.0,0.0,0.0,0,0
-0.2339430573382424,210.0,60.0,-0.2339430573382424,-0.2339430573382424,0.95,0.31560252784989573,0.1422560527558624,0.27624443972958157,0.9692307692307692,0.23108781127129752,0.0,0.0,0.0,0.0,0,0
-0.23652656694317536,215.0,60.0,-0.23652656694317536,-0.23652656694317536,0.95,0.3122756872522117,0.15038601172554392,0.28381862004515135,0.9693486590038314,0.2212783378537434,0.0,0.0,0.0,0.0,0,0
-0.2420147843832956,220.0,60.0,-0.2420147843832956,-0.2420147843832956,0.95,0.3127028511261498,0.1592723563094968,0.29605911864665213,0.9689922480620154,0.21330655284961084,0.0,0.0,0.0,0.0,0,0
-0.24660466185833357,225.0,60.0,-0.24660466185833357,-0.24660466185833357,0.95,0.31284523908412926,0.1673377627133239,0.3060771403176992,0.9688715953307393,0.20812911530273775,0.0,0.0,0.0,0.0,0,0
-0.25061006027290744,230.0,60.0,-0.25061006027290744,-0.25061006027290744,0.95,0.31298762704210864,0.17788867109503936,0.31127136672921657,0.96875,0.2057182022911975,0.0,0.0,0.0,0.0,0,0
-0.252722875443958,235.0,60.0,-0.252722875443958,-0.252722875443958,0.95,0.3122756872522117,0.17718647594050893,0.3218033898333168,0.9693486590038314,0.20326308633582596,0.0,0.0,0.0,0.0,0,0
-0.2526064797545506,240.0,60.0,-0.2526064797545506,-0.2526064797545506,0.95,0.31437124651892734,0.16733776271332435,0.3270329373847983,0.9673469387755103,0.20285437832607645,0.0,0.0,0.0,0.0,0,0
-0.25133293721298106,245.0,60.0,-0.25133293721298106,-0.25133293721298106,0.95,0.31136244694743875,0.16149591615250905,0.33467552542665036,0.9725490196078431,0.20280532043530836,0.0,0.0,0.0,0.0,0,0
-0.2544806433287303,250.0,60.0,-0.2544806433287303,-0.2544806433287303,0.95,0.31166370219665007,0.16733776271332523,0.33956767473174343,0.9691119691119691,0.20399166787773096,0.0,0.0,0.0,0.0,0,0
-0.25751351925891475,255.0,60.0,-0.25751351925891475,-0.25751351925891475,0.95,0.31441242178814643,0.16733776271332523,0.3473487471536072,0.9692307692307692,0.2068982315974083,0.0,0.0,0.0,0.0,0,0
-0.2572820655247325,260.0,60.0,-0.2572820655247325,-0.2572820655247325,0.95,0.3143749994395331,0.16733776271332523,0.3480625309336927,0.9731800766283525,0.2108833505382687,0.0,0.0,0.0,0.0,0,0
-0.2652764851898229,265.0,60.0,-0.2652764851898229,-0.2652764851898229,0.95,0.322539437945822,0.1701151711162598,0.36242766892971645,0.96875,0.21406591224935478,0.0,0.0,0.0,0.0,0,0
-0.26244566617452564,270.0,60.0,-0.26244566617452564,-0.26244566617452564,0.95,0.3187369089793508,0.1695612272797834,0.3579346907436655,0.9692307692307692,0.217936499974921,0.0,0.0,0.0,0.0,0,0
-0.2627163798384765,275.0,60.0,-0.2627163798384765,-0.2627163798384765,0.95,0.3221964434657347,0.1673377627133248,0.3557997066373902,0.9694656488549618,0.22164555029766447,0.0,0.0,0.0,0.0,0,0
-0.2615104076151914,280.0,60.0,-0.2615104076151914,-0.2615104076151914,0.95,0.31136244694743964,0.171784691846242,0.3650966313417574,0.9725490196078431,0.22627661773826752,0.0,0.0,0.0,0.0,0,0
-0.264717989611913,285.0,60.0,-0.264717989611913,-0.264717989611913,0.95,0.31174839091234163,0.18279974895523343,0.3649670917249796,0.9692307692307692,0.23168869464483177,0.0,0.0,0.0,0.0,0,0
-0.2710393792282353,290.0,60.0,-0.2710393792282353,-0.2710393792282353,0.95,0.3172993071840772,0.18871292087119246,0.37526570454722513,0.96875,0.23847479534683327,0.0,0.0,0.0,0.0,0,0
-0.27436040084865876,295.0,60.0,-0.27436040084865876,-0.27436040084865876,0.95,0.31876538095555823,0.20389803465253045,0.37262401757897035,0.9727626459143969,0.24725426348032453,0.0,0.0,0.0,0.0,0,0
-0.2780961737315695,300.0,60.0,-0.2780961737315695,-0.2780961737315695,0.95,0.32291399521308234,0.22307154891030107,0.36029554131983266,0.9691119691119691,0.2569322370286362,0.0,0.0,0.0,0.0,0,0
-0.2912122202084916,305.0,60.0,-0.2912122202084916,-0.2912122202084916,0.95,0.3264832679976656,0.25241882128437965,0.37443183075332176,0.9609375,0.26694692590646346,0.0,0.0,0.0,0.0,0,0
-0.29639704391107197,310.0,60.0,-0.29639704391107197,-0.29639704391107197,0.95,0.3369803352635035,0.2574427118666529,0.3732906528462254,0.9607843137254902,0.27884092967099305,0.0,0.0,0.0,0.0,0,0
-0.2931795841510249,315.0,60.0,-0.2931795841510249,-0.2931795841510249,0.95,0.33939547311916257,0.2574427118666529,0.35498796578600217,0.9568627450980393,0.2902340093603744,0.0,0.0,0.0,0.0,0,0
-0.2984691216502363,320.0,60.0,-0.2984691216502363,-0.2984691216502363,0.95,0.35488823199522906,0.2570246887718516,0.34715562663672705,0.9453125,0.30158730158730157,0.0,0.0,0.0,0.0,0,0
-0.30729561389942184,325.0,60.0,-0.30729561389942184,-0.30729561389942184,0.95,0.3713581957292077,0.24790609815642228,0.3504498578203494,0.9083665338645418,0.31561238223418575,0.0,0.0,0.0,0.0,0,0
-0.3348677987288889,330.0,60.0,-0.3348677987288889,-0.3348677987288889,0.95,0.3883366481298225,0.2445705762733219,0.36914431095178674,0.7389558232931727,0.328054932735426,0.0,0.0,0.0,0.0,0,0
-0.35249676156399345,335.0,60.0,-0.35249676156399345,-0.35249676156399345,0.95,0.40936116701115294,0.22907253090830654,0.3883366481298225,0.656,0.3395718030876784,0.0,0.0,0.0,0.0,0,0
-0.368770347829059,340.0,60.0,-0.368770347829059,-0.368770347829059,0.95,0.4254747938808743,0.21882630508665546,0.4077534805363108,0.5806451612903226,0.3473135343459533,0.0,0.0,0.0,0.0,0,0
-0.37467105987218785,345.0,60.0,-0.37467105987218785,-0.37467105987218785,0.95,0.45083716754323677,0.19308203389999168,0.4174611180863822,0.582995951417004,0.3442216889852156,0.0,0.0,0.0,0.0,0,0
-0.3796206075833456,350.0,60.0,-0.3796206075833456,-0.3796206075833456,0.95,0.4739683466732834,0.16733776271332612,0.4271703129428026,0.5859375,0.33625869702719796,0.0,0.0,0.0,0.0,0,0
-0.376707664168468,355.0,60.0,-0.376707664168468,-0.376707664168468,0.95,0.49650644103122205,0.1301775743129981,0.4271703129428026,0.6123188405797102,0.3218390804597701,0.0,0.0,0.0,0.0,0,0
-0.3176252608053772,0.0,65.0,-0.3176252608053772,-0.3176252608053772,0.95,0.47416650014305106,0.1173375393014487,0.33227488146895606,0.8444444444444444,0.31911507241763487,0.0,0.0,0.0,0.0,0,0
-0.316987767890747,5.0,65.0,-0.316987767890747,-0.316987767890747,0.95,0.48833803767986916,0.09445509484760903,0.330086150910347,0.8448275862068966,0.31122489799183933,0.0,0.0,0.0,0.0,0,0
-0.32645526996118734,10.0,65.0,-0.32645526996118734,-0.32645526996118734,0.95,0.5038754226011279,0.10448234965841072,0.330086150910347,0.8373702422145328,0.3011623246492986,0.0,0.0,0.0,0.0,0,0
-0.33605204025149715,15.0,65.0,-0.33605204025149715,-0.33605204025149715,0.95,0.5180235106026632,0.1287213559333269,0.31998252144173395,0.8333333333333334,0.28738745916660025,0.0,0.0,0.0,0.0,0,0
-0.34949554629296326,20.0,65.0,-0.34949554629296326,-0.34949554629296326,0.95,0.5353198991437013,0.16141327293603142,0.3106693185038587,0.826530612244898,0.2739198743126473,0.0,0.0,0.0,0.0,0,0
-0.35956117124319587,25.0,65.0,-0.35956117124319587,-0.35956117124319587,0.95,0.548170768676309,0.19308203389999035,0.30052185362313116,0.831081081081081,0.26413345690454126,0.0,0.0,0.0,0.0,0,0
-0.3670150188934454,30.0,65.0,-0.3670150188934454,-0.3670150188934454,0.95,0.5526927404040214,0.21906274518156893,0.2892680703249031,0.8114478114478114,0.2571623983585379,0.0,0.0,0.0,0.0,0,0
-0.3871651019638814,35.0,65.0,-0.3871651019638814,-0.3871651019638814,0.95,0.5649655730781086,0.23300198887789136,0.32541213218964654,0.7842465753424658,0.25256765874503334,0.0,0.0,0.0,0.0,0,0
-0.3837496389221244,40.0,65.0,-0.3837496389221244,-0.3837496389221244,0.95,0.5682278823822563,0.22307154891030054,0.31055900513607815,0.7694915254237288,0.24664404779465998,0.0,0.0,0.0,0.0,0,0
-0.393808634316127,45.0,65.0,-0.393808634316127,-0.393808634316127,0.95,0.5654313972064982,0.22224537187686313,0.3493298576922993,0.7525773195876289,0.24238237219111336,0.0,0.0,0.0,0.0,0,0
-0.39286894205604184,50.0,65.0,-0.39286894205604184,-0.39286894205604184,0.95,0.557920288333923,0.23169844067998824,0.3440120827047475,0.7422680412371134,0.24041636755204596,0.0,0.0,0.0,0.0,0,0
-0.39575808244110483,55.0,65.0,-0.39575808244110483,-0.39575808244110483,0.95,0.5502064578061707,0.24957005424459253,0.3510629775127123,0.7448275862068966,0.2395648154732276,0.0,0.0,0.0,0.0,0,0
-0.39733535553931093,60.0,65.0,-0.39733535553931093,-0.39733535553931093,0.95,0.5453663037272244,0.2689032613868509,0.3433224580820951,0.7386759581881533,0.2401722069306232,0.0,0.0,0.0,0.0,0,0
-0.3891568005944797,65.0,65.0,-0.3891568005944797,-0.3891568005944797,0.95,0.5285348605237359,0.28318698305331846,0.32408073878291943,0.7407407407407407,0.2432963638916187,0.0,0.0,0.0,0.0,0,0
-0.39169486531564035,70.0,65.0,-0.39169486531564035,-0.39169486531564035,0.95,0.5124404423373241,0.29605911864665124,0.34754766101998236,0.7418300653594772,0.24818334264952488,0.0,0.0,0.0,0.0,0,0
-0.39449927613467795,75.0,65.0,-0.39449927613467795,-0.39449927613467795,0.95,0.504103719984644,0.3089312542399849,0.3602048163560833,0.7442622950819672,0.2516533240515141,0.0,0.0,0.0,0.0,0,0
-0.39234033943800833,80.0,65.0,-0.39234033943800833,-0.39234033943800833,0.95,0.4880249187163091,0.3218033898333168,0.3624276689297177,0.7392739273927392,0.25978894751457926,0.0,0.0,0.0,0.0,0,0
-0.3838543071223388,85.0,65.0,-0.3838543071223388,-0.3838543071223388,0.95,0.47088639417058714,0.3218033898333168,0.36250583900620137,0.7557755775577558,0.2671952152444537,0.0,0.0,0.0,0.0,0,0
-0.37942194252192324,90.0,65.0,-0.37942194252192324,-0.37942194252192324,0.95,0.46262818792037597,0.3218033898333168,0.3609424374765113,0.7631578947368421,0.2756606397774687,0.0,0.0,0.0,0.0,0,0
-0.37139476382392234,95.0,65.0,-0.37139476382392234,-0.37139476382392234,0.95,0.4482894710107933,0.3218033898333168,0.36041979661331514,0.7847682119205298,0.2854053299846519,0.0,0.0,0.0,0.0,0,0
-0.358444293837398,100.0,65.0,-0.358444293837398,-0.358444293837398,0.95,0.43806159509772663,0.3143749994395314,0.3496294515682676,0.8278145695364238,0.29467150230157624,0.0,0.0,0.0,0.0,0,0
-0.35058821003771096,105.0,65.0,-0.35058821003771096,-0.35058821003771096,0.95,0.42478047457997725,0.308931254239984,0.34754766101998236,0.8344370860927153,0.30271179314694135,0.0,0.0,0.0,0.0,0,0
-0.33712281104727004,110.0,65.0,-0.33712281104727004,-0.33712281104727004,0.95,0.41193120840569486,0.29605911864665124,0.33467552542665047,0.8533333333333334,0.31354620903080604,0.0,0.0,0.0,0.0,0,0
-0.3266687732095927,115.0,65.0,-0.3266687732095927,-0.3266687732095927,0.95,0.4042685178325091,0.2812513659496495,0.32164045597260066,0.8576158940397351,0.3242212333121424,0.0,0.0,0.0,0.0,0,0
-0.31005013091545286,120.0,65.0,-0.31005013091545286,-0.31005013091545286,0.95,0.3981125216015613,0.2574427118666547,0.30044444389932556,0.8866666666666667,0.3346571165165591,0.0,0.0,0.0,0.0,0,0
-0.29138931771352855,125.0,65.0,-0.29138931771352855,-0.29138931771352855,0.95,0.386947601966136,0.23493024695927342,0.2703148474599866,0.8970099667774086,0.34379224475275705,0.0,0.0,0.0,0.0,0,0
-0.28126052681341307,130.0,65.0,-0.28126052681341307,-0.28126052681341307,0.95,0.3890232650646449,0.21704802679939417,0.24759075465591085,0.9050847457627119,0.35450643776824037,0.0,0.0,0.0,0.0,0,0
-0.2634139781876583,135.0,65.0,-0.2634139781876583,-0.2634139781876583,0.95,0.37863476394905565,0.18020989830665712,0.23612354281041864,0.9212328767123288,0.3613361049387141,0.0,0.0,0.0,0.0,0,0
-0.24227547519264306,140.0,65.0,-0.24227547519264306,-0.24227547519264306,0.95,0.36578752677465204,0.15446562711999245,0.20378700522191082,0.936026936026936,0.3698058950395399,0.0,0.0,0.0,0.0,0,0
-0.2229213888404389,145.0,65.0,-0.2229213888404389,-0.2229213888404389,0.95,0.35074574632892275,0.13833446119213894,0.17168008434368165,0.9488054607508533,0.37873658431174817,0.0,0.0,0.0,0.0,0,0
-0.20572145460149033,150.0,65.0,-0.20572145460149033,-0.20572145460149033,0.95,0.3346755254266487,0.11650099443894746,0.15446562711999237,0.958904109589041,0.3818247126436782,0.0,0.0,0.0,0.0,0,0
-0.19246052481012696,155.0,65.0,-0.19246052481012696,-0.19246052481012696,0.95,0.3297977023003935,0.10297708474666134,0.12396377731840709,0.9619377162629758,0.3895582329317269,0.0,0.0,0.0,0.0,0,0
-0.1844360541403647,160.0,65.0,-0.1844360541403647,-0.1844360541403647,0.95,0.3205351943159505,0.0934209248224327,0.11650099443894746,0.9625850340136054,0.3968718754463648,0.0,0.0,0.0,0.0,0,0
-0.17936222239949692,165.0,65.0,-0.17936222239949692,-0.17936222239949692,0.95,0.3190633154739817,0.07516881262289178,0.11650099443894746,0.9618055555555556,0.3920878502041391,0.0,0.0,0.0,0.0,0,0
-0.1787463933855306,170.0,65.0,-0.1787463933855306,-0.1787463933855306,0.95,0.3183615526564472,0.07516881262289422,0.11650099443894746,0.9651567944250871,0.37900613412364736,0.0,0.0,0.0,0.0,0,0
-0.18411212956178932,175.0,65.0,-0.18411212956178932,-0.18411212956178932,0.95,0.31597925237068125,0.09010494915332945,0.12823321129376922,0.9686411149825784,0.3574106306065069,0.0,0.0,0.0,0.0,0,0
-0.18999168966097765,180.0,65.0,-0.18999168966097765,-0.18999168966097765,0.95,0.31779857324027466,0.09708416203245562,0.14159349152665968,0.9679715302491103,0.33478486936175744,0.0,0.0,0.0,0.0,0,0
-0.20191680984267307,185.0,65.0,-0.20191680984267307,-0.20191680984267307,0.95,0.32519504532614535,0.10170831441701181,0.17156234538959445,0.9647887323943662,0.3132507270198508,0.0,0.0,0.0,0.0,0,0
-0.20511438560545403,190.0,65.0,-0.20511438560545403,-0.20511438560545403,0.95,0.311012217357183,0.10448234965841072,0.20535925510021596,0.9675090252707581,0.298310519176224,0.0,0.0,0.0,0.0,0,0
-0.21458567983549223,195.0,65.0,-0.21458567983549223,-0.21458567983549223,0.95,0.311012217357183,0.11650099443894746,0.2312257872398319,0.9675090252707581,0.2883224873463485,0.0,0.0,0.0,0.0,0,0
-0.21890344862583688,200.0,65.0,-0.21890344862583688,-0.21890344862583688,0.95,0.3110901821965341,0.1191350133617071,0.24530165380629027,0.9664179104477612,0.2805640783573283,0.0,0.0,0.0,0.0,0,0
-0.22315976682170383,205.0,65.0,-0.22315976682170383,-0.22315976682170383,0.95,0.30850999340726676,0.1280465313820685,0.2574427118666538,0.9661654135338346,0.2746107992360669,0.0,0.0,0.0,0.0,0,0
-0.22746870388491788,210.0,65.0,-0.22746870388491788,-0.22746870388491788,0.95,0.3115756831553182,0.12885194496101943,0.2686556236839891,0.9653846153846154,0.2666931863385804,0.0,0.0,0.0,0.0,0,0
-0.22906913891743008,215.0,65.0,-0.22906913891743008,-0.22906913891743008,0.95,0.3063202645135268,0.14128803169281434,0.27097648685564923,0.9652509652509652,0.2572112707428444,0.0,0.0,0.0,0.0,0,0
-0.2344748348047405,220.0,65.0,-0.2344748348047405,-0.2344748348047405,0.95,0.30846717873686136,0.14682224070459196,0.28318698305332013,0.9641434262948207,0.24889132220093074,0.0,0.0,0.0,0.0,0,0
-0.2364166646630314,225.0,65.0,-0.2364166646630314,-0.2364166646630314,0.95,0.30712535734727725,0.154465627119992,0.2857379597764901,0.96484375,0.24216262882425943,0.0,0.0,0.0,0.0,0,0
-0.23980801167794835,230.0,65.0,-0.23980801167794835,-0.23980801167794835,0.95,0.30712535734727725,0.15927235630949765,0.29605911864665213,0.96875,0.23871657754010694,0.0,0.0,0.0,0.0,0,0
-0.2423656517287347,235.0,65.0,-0.2423656517287347,-0.2423656517287347,0.95,0.30731573182515426,0.16508407066670203,0.2985001369815332,0.9645669291338582,0.23561542132894947,0.0,0.0,0.0,0.0,0,0
-0.244751345794145,240.0,65.0,-0.244751345794145,-0.244751345794145,0.95,0.3063670916346423,0.16733776271332435,0.30893125423998485,0.9686274509803922,0.23483407313464383,0.0,0.0,0.0,0.0,0,0
-0.2452098092362091,245.0,65.0,-0.2452098092362091,-0.2452098092362091,0.95,0.3095490488999581,0.1612281674858911,0.31127136672921657,0.9673469387755103,0.234537305562879,0.0,0.0,0.0,0.0,0,0
-0.242779397812196,250.0,65.0,-0.242779397812196,-0.242779397812196,0.95,0.3042378349687761,0.1531072737299761,0.3184807775847024,0.9681274900398407,0.23612507274747369,0.0,0.0,0.0,0.0,0,0
-0.241978817677286,255.0,65.0,-0.241978817677286,-0.241978817677286,0.95,0.2993424006608892,0.1544656271199918,0.3218033898333168,0.9682539682539683,0.23907031166897139,0.0,0.0,0.0,0.0,0,0
-0.24159293294047668,260.0,65.0,-0.24159293294047668,-0.24159293294047668,0.95,0.2990497085247345,0.15446562711999245,0.32235937732644976,0.9723320158102767,0.24305072036848588,0.0,0.0,0.0,0.0,0,0
-0.2428177437997101,265.0,65.0,-0.2428177437997101,-0.2428177437997101,0.95,0.3001896294076071,0.15446562711999245,0.32405057915897245,0.9688715953307393,0.24579106410533133,0.0,0.0,0.0,0.0,0,0
-0.2466112656686494,270.0,65.0,-0.2466112656686494,-0.2466112656686494,0.95,0.30003540304405757,0.15686899171474505,0.33692100089251015,0.968503937007874,0.24873290097553,0.0,0.0,0.0,0.0,0,0
-0.24761495846747766,275.0,65.0,-0.24761495846747766,-0.24761495846747766,0.95,0.2972398039336287,0.16508407066670164,0.33889713527516185,0.9727626459143969,0.2523024320300006,0.0,0.0,0.0,0.0,0,0
-0.24452557651130974,280.0,65.0,-0.24452557651130974,-0.24452557651130974,0.95,0.3011080187848514,0.15858856981311495,0.32688819299806715,0.9728682170542635,0.25654801880456685,0.0,0.0,0.0,0.0,0,0
-0.25422806991955155,285.0,65.0,-0.25422806991955155,-0.25422806991955155,0.95,0.3077922894176195,0.16469056477643923,0.34715562663672533,0.968503937007874,0.2617884331325986,0.0,0.0,0.0,0.0,0,0
-0.25416943107987944,290.0,65.0,-0.25416943107987944,-0.25416943107987944,0.95,0.31286935289285256,0.16733776271332568,0.336248996977628,0.96875,0.2683872461084428,0.0,0.0,0.0,0.0,0,0
-0.2589397119979351,295.0,65.0,-0.2589397119979351,-0.2589397119979351,0.95,0.31591560764986715,0.16846050044625555,0.34754766101998313,0.9642857142857143,0.2758743120894728,0.0,0.0,0.0,0.0,0,0
-0.263540361857832,300.0,65.0,-0.263540361857832,-0.263540361857832,0.95,0.3210306006908584,0.18276987428701555,0.3435693836924823,0.9645669291338582,0.28488336867615877,0.0,0.0,0.0,0.0,0,0
-0.27042947627880665,305.0,65.0,-0.27042947627880665,-0.27042947627880665,0.95,0.32739009031825955,0.20525566869572803,0.33689006041422026,0.9606299212598425,0.29432602075694486,0.0,0.0,0.0,0.0,0,0
-0.27874889119144364,310.0,65.0,-0.27874889119144364,-0.27874889119144364,0.95,0.33887230580902256,0.21925618279397655,0.3362208580316926,0.9566929133858267,0.3035372238539139,0.0,0.0,0.0,0.0,0,0
-0.2847470174381642,315.0,65.0,-0.2847470174381642,-0.2847470174381642,0.95,0.34501321999584805,0.23169844067998824,0.33622085803169277,0.9523809523809523,0.31485135490660354,0.0,0.0,0.0,0.0,0,0
-0.2902055169460518,320.0,65.0,-0.2902055169460518,-0.2902055169460518,0.95,0.35702246171298435,0.2325106036167818,0.33467552542665047,0.944,0.3252423893145298,0.0,0.0,0.0,0.0,0,0
-0.28982325421523325,325.0,65.0,-0.28982325421523325,-0.28982325421523325,0.95,0.3631827873753975,0.23300198887789136,0.3215765209383111,0.9409448818897638,0.3362949489296208,0.0,0.0,0.0,0.0,0,0
-0.2959905528623786,330.0,65.0,-0.2959905528623786,-0.2959905528623786,0.95,0.3773811121721783,0.23169844067998824,0.3215765209383094,0.932806324110672,0.34731664979025023,0.0,0.0,0.0,0.0,0,0
-0.29777049760059726,335.0,65.0,-0.29777049760059726,-0.29777049760059726,0.95,0.392155944907557,0.21882630508665546,0.3130601417176104,0.9206349206349206,0.3546827345086662,0.0,0.0,0.0,0.0,0,0
-0.3055782264268329,340.0,65.0,-0.3055782264268329,-0.3055782264268329,0.95,0.40606275671931874,0.20686742931739246,0.330086150910347,0.9108527131782945,0.3492123598909421,0.0,0.0,0.0,0.0,0,0
-0.3087037082089071,345.0,65.0,-0.3087037082089071,-0.3087037082089071,0.95,0.4228524962032662,0.18434657840736612,0.3303244939660712,0.8910505836575876,0.3433915787853129,0.0,0.0,0.0,0.0,0,0
-0.30909015233416465,350.0,65.0,-0.30909015233416465,-0.30909015233416465,0.95,0.4371601210216638,0.15568122347372,0.3339907199035532,0.8819188191881919,0.3329688354291963,0.0,0.0,0.0,0.0,0,0
-0.31010982785048213,355.0,65.0,-0.31010982785048213,-0.31010982785048213,0.95,0.4522911760683657,0.12898253398871176,0.33227488146895634,0.8612099644128114,0.3244075829383886,0.0,0.0,0.0,0.0,0,0
-0.2771102704204749,0.0,70.0,-0.2771102704204749,-0.2771102704204749,0.95,0.43815582417799376,0.10479166647984489,0.26049483335937024,0.8947368421052632,0.32536938069789373,0.0,0.0,0.0,0.0,0,0
-0.27767543165961517,5.0,70.0,-0.27767543165961517,-0.27767543165961517,0.95,0.44712862641849904,0.09113911917850609,0.2604948333593701,0.8908450704225352,0.3214907422060453,0.0,0.0,0.0,0.0,0,0
-0.28257376351297825,10.0,70.0,-0.28257376351297825,-0.28257376351297825,0.95,0.4642832295558952,0.08428031921156987,0.25527424360724893,0.8802816901408451,0.3158856235107228,0.0,0.0,0.0,0.0,0,0
-0.288939247595263,15.0,70.0,-0.288939247595263,-0.288939247595263,0.95,0.4694365250091876,0.10297708474666134,0.25273041666864166,0.8776223776223776,0.3087429524338918,0.0,0.0,0.0,0.0,0,0
-0.29715083904158107,20.0,70.0,-0.29715083904158107,-0.29715083904158107,0.95,0.4779834125821803,0.1287213559333269,0.24528155048213168,0.8754325259515571,0.30272243828875306,0.0,0.0,0.0,0.0,0,0
-0.3003449347051459,25.0,70.0,-0.3003449347051459,-0.3003449347051459,0.95,0.4845222888143623,0.14159349152666056,0.23333951252658336,0.8719723183391004,0.2945016911822544,0.0,0.0,0.0,0.0,0,0
-0.3060444789393149,30.0,70.0,-0.3060444789393149,-0.3060444789393149,0.95,0.49023426659412983,0.166210916690013,0.22290724100978945,0.8732876712328768,0.28847804040876823,0.0,0.0,0.0,0.0,0,0
-0.3177327305332696,35.0,70.0,-0.3177327305332696,-0.3177327305332696,0.95,0.5014096147581708,0.1747514916584194,0.2399448081072604,0.8650519031141869,0.28469970665431527,0.0,0.0,0.0,0.0,0,0
-0.3183322647425506,40.0,70.0,-0.3183322647425506,-0.3183322647425506,0.95,0.5041586045442854,0.1747514916584194,0.2328172708313044,0.852233676975945,0.28290329990046703,0.0,0.0,0.0,0.0,0,0
-0.32182642836753544,45.0,70.0,-0.32182642836753544,-0.32182642836753544,0.95,0.5038915988828592,0.16733776271332523,0.2509427577319551,0.8430034129692833,0.28160133697964146,0.0,0.0,0.0,0.0,0,0
-0.3126209310724647,50.0,70.0,-0.3126209310724647,-0.3126209310724647,0.95,0.4928223439024113,0.15533465925192758,0.24019263682797137,0.8338983050847457,0.2804308526664658,0.0,0.0,0.0,0.0,0,0
-0.31994015453559665,55.0,70.0,-0.31994015453559665,-0.31994015453559665,0.95,0.4934132656305784,0.16733776271332435,0.25560767853010247,0.8316151202749141,0.27965594614809275,0.0,0.0,0.0,0.0,0,0
-0.3117454563750257,60.0,70.0,-0.3117454563750257,-0.3117454563750257,0.95,0.48627328358818056,0.18020989830665712,0.2200478047654882,0.8282828282828283,0.2805104236219304,0.0,0.0,0.0,0.0,0,0
-0.3202098209248638,65.0,70.0,-0.3202098209248638,-0.3202098209248638,0.95,0.48377272672200594,0.1930820338999899,0.2440963136654159,0.825938566552901,0.2813789039481438,0.0,0.0,0.0,0.0,0,0
-0.32088943742423814,70.0,70.0,-0.32088943742423814,-0.32088943742423814,0.95,0.4749312920836304,0.20167744604013663,0.25140200102888965,0.8235294117647058,0.2843396503599236,0.0,0.0,0.0,0.0,0,0
-0.31626172770359656,75.0,70.0,-0.31626172770359656,-0.31626172770359656,0.95,0.46602175231234816,0.20595416949332357,0.24790609815642264,0.8361204013377926,0.2898434069954632,0.0,0.0,0.0,0.0,0,0
-0.31303450612158057,80.0,70.0,-0.31303450612158057,-0.31303450612158057,0.95,0.4478152405164365,0.21882630508665457,0.2566066656770483,0.8494983277591973,0.29394160583941603,0.0,0.0,0.0,0.0,0,0
-0.30824354028107653,85.0,70.0,-0.30824354028107653,-0.30824354028107653,0.95,0.4380831206200651,0.21882630508665546,0.2574009095571744,0.8604651162790697,0.29905928680813826,0.0,0.0,0.0,0.0,0,0
-0.3003746424864173,90.0,70.0,-0.3003746424864173,-0.3003746424864173,0.95,0.42735451530881474,0.21882630508665546,0.25122292115961203,0.8807947019867549,0.3064292490695468,0.0,0.0,0.0,0.0,0,0
-0.2939070682241898,95.0,70.0,-0.2939070682241898,-0.2939070682241898,0.95,0.4142944708709559,0.21882630508665546,0.25634692179912466,0.9060402684563759,0.31351785583874975,0.0,0.0,0.0,0.0,0,0
-0.28867282457435867,100.0,70.0,-0.28867282457435867,-0.28867282457435867,0.95,0.40979000659089265,0.21882630508665546,0.24530165380629051,0.912751677852349,0.3195236007599006,0.0,0.0,0.0,0.0,0,0
-0.27703183843816315,105.0,70.0,-0.27703183843816315,-0.27703183843816315,0.95,0.3928881723388632,0.20595416949332268,0.24412067039005825,0.9264214046822743,0.3261743005332749,0.0,0.0,0.0,0.0,0,0
-0.27135805027139276,110.0,70.0,-0.27135805027139276,-0.27135805027139276,0.95,0.39084284088895227,0.1940558816311902,0.23659633590496676,0.9264214046822743,0.3320155209019694,0.0,0.0,0.0,0.0,0,0
-0.26300091645394386,115.0,70.0,-0.26300091645394386,-0.26300091645394386,0.95,0.37748674184266284,0.18939041125149958,0.23169844067998824,0.9326599326599326,0.34004539796441385,0.0,0.0,0.0,0.0,0,0
-0.24662036151797895,120.0,70.0,-0.24662036151797895,-0.24662036151797895,0.95,0.36144508123732055,0.1771864759405112,0.20682176632618834,0.9395973154362416,0.3463572267920094,0.0,0.0,0.0,0.0,0,0
-0.2348398765375761,125.0,70.0,-0.2348398765375761,-0.2348398765375761,0.95,0.3521865350684852,0.16149591615251022,0.19402615083737038,0.9491525423728814,0.3554048075505088,0.0,0.0,0.0,0.0,0,0
-0.22601416270881522,130.0,70.0,-0.22601416270881522,-0.22601416270881522,0.95,0.3504961939722621,0.14291861398506395,0.180209898306658,0.9496644295302014,0.36107422163199054,0.0,0.0,0.0,0.0,0,0
-0.21544000165366983,135.0,70.0,-0.21544000165366983,-0.21544000165366983,0.95,0.338963414587974,0.12872135593332779,0.1715191051488122,0.952054794520548,0.36718577016754006,0.0,0.0,0.0,0.0,0,0
-0.20629087546591912,140.0,70.0,-0.20629087546591912,-0.20629087546591912,0.95,0.3393611700966893,0.10989269545003581,0.1542998546741626,0.9550173010380623,0.3740418632075472,0.0,0.0,0.0,0.0,0,0
-0.1964861593041511,145.0,70.0,-0.1964861593041511,-0.1964861593041511,0.95,0.33747854242508546,0.09496052061980798,0.13435178204999304,0.9583333333333334,0.38207130229817327,0.0,0.0,0.0,0.0,0,0
-0.1866162522074473,150.0,70.0,-0.1866162522074473,-0.1866162522074473,0.95,0.3328123857363817,0.08182286715925227,0.11553332795253367,0.9584775086505191,0.39000515198351365,0.0,0.0,0.0,0.0,0,0
-0.17927105736957377,155.0,70.0,-0.17927105736957377,-0.17927105736957377,0.95,0.32850499946494843,0.07766732962596379,0.09708416203245562,0.9581881533101045,0.39325760351777206,0.0,0.0,0.0,0.0,0,0
-0.17714090423461987,160.0,70.0,-0.17714090423461987,-0.17714090423461987,0.95,0.3281139705032296,0.069888105561064,0.09708416203245562,0.9584775086505191,0.3888848581586012,0.0,0.0,0.0,0.0,0,0
-0.17359579098080422,165.0,70.0,-0.17359579098080422,-0.17359579098080422,0.95,0.3234373296455433,0.06436067796666389,0.09708416203245562,0.9614035087719298,0.38227522673712777,0.0,0.0,0.0,0.0,0,0
-0.17686373731310764,170.0,70.0,-0.17686373731310764,-0.17686373731310764,0.95,0.31819300365514025,0.07723281355999578,0.10707824212491217,0.9649122807017544,0.3736294630306438,0.0,0.0,0.0,0.0,0,0
-0.18128958328294945,175.0,70.0,-0.18128958328294945,-0.18128958328294945,0.95,0.322613887999009,0.07766732962596379,0.11717450708904503,0.9646643109540636,0.35812065763224876,0.0,0.0,0.0,0.0,0,0
-0.1853149699280509,180.0,70.0,-0.1853149699280509,-0.1853149699280509,0.95,0.3224306156148713,0.07823558603354211,0.13295091153174682,0.9645390070921985,0.3421636522557655,0.0,0.0,0.0,0.0,0,0
-0.18537237091417696,185.0,70.0,-0.18537237091417696,-0.18537237091417696,0.95,0.3123287151922031,0.08072952265700045,0.14674830240646816,0.9642857142857143,0.3284084163313766,0.0,0.0,0.0,0.0,0,0
-0.19410805759650954,190.0,70.0,-0.19410805759650954,-0.19410805759650954,0.95,0.3134511485724992,0.09318414074808189,0.16733776271332435,0.9640287769784173,0.3156805690268348,0.0,0.0,0.0,0.0,0,0
-0.20012910920478094,195.0,70.0,-0.20012910920478094,-0.20012910920478094,0.95,0.31327526718660975,0.1029770847466609,0.18325544631301757,0.967391304347826,0.30738878635524725,0.0,0.0,0.0,0.0,0,0
-0.20701496356717636,200.0,70.0,-0.20701496356717636,-0.20701496356717636,0.95,0.3150845896080756,0.10463700806912754,0.20595416949332357,0.9666666666666667,0.30194947658747573,0.0,0.0,0.0,0.0,0,0
-0.2110068614494449,205.0,70.0,-0.2110068614494449,-0.2110068614494449,0.95,0.3094772095489552,0.11584922033999412,0.21948085559299088,0.9661654135338346,0.2976844705155912,0.0,0.0,0.0,0.0,0,0
-0.2152497818282969,210.0,70.0,-0.2152497818282969,-0.2152497818282969,0.95,0.31130944071143474,0.11746512347963671,0.23169844067998824,0.9656488549618321,0.2954309766363692,0.0,0.0,0.0,0.0,0,0
-0.2200341564283814,215.0,70.0,-0.2200341564283814,-0.2200341564283814,0.95,0.31176749850205476,0.128721355933326,0.238794168728636,0.9655172413793104,0.29422055984555984,0.0,0.0,0.0,0.0,0,0
-0.2221538358137899,220.0,70.0,-0.2221538358137899,-0.2221538358137899,0.95,0.3110565595359297,0.1324546578247371,0.24457057627332102,0.9652509652509652,0.28896045804258363,0.0,0.0,0.0,0.0,0,0
-0.2274412699584929,225.0,70.0,-0.2274412699584929,-0.2274412699584929,0.95,0.31113555275438803,0.1415934915266588,0.25634692179912466,0.9649805447470817,0.2824382479514237,0.0,0.0,0.0,0.0,0,0
-0.22758722939463105,230.0,70.0,-0.22758722939463105,-0.22758722939463105,0.95,0.3071905678459748,0.14159349152665968,0.26285051749830485,0.964,0.2774532710280374,0.0,0.0,0.0,0.0,0,0
-0.2284308798398576,235.0,70.0,-0.2284308798398576,-0.2284308798398576,0.95,0.3059282350221426,0.14159349152665968,0.269996630453469,0.9683794466403162,0.2748375116063138,0.0,0.0,0.0,0.0,0,0
-0.23206084375684677,240.0,70.0,-0.23206084375684677,-0.23206084375684677,0.95,0.3050866798062546,0.15446562711999157,0.273090040609545,0.9686274509803922,0.2729214780600462,0.0,0.0,0.0,0.0,0,0
-0.23502107219308302,245.0,70.0,-0.23502107219308302,-0.23502107219308302,0.95,0.3059282350221426,0.15446562711999245,0.28348526427303783,0.9683794466403162,0.27069054886828314,0.0,0.0,0.0,0.0,0,0
-0.23430910431678623,250.0,70.0,-0.23430910431678623,-0.23430910431678623,0.95,0.2968451109406088,0.15446562711999157,0.2954155118669854,0.9689922480620154,0.2711336639372621,0.0,0.0,0.0,0.0,0,0
-0.23798244044087968,255.0,70.0,-0.23798244044087968,-0.23798244044087968,0.95,0.3049516757903506,0.14159349152665968,0.3095103631658465,0.967741935483871,0.27233771498060105,0.0,0.0,0.0,0.0,0,0
-0.23515581713252703,260.0,70.0,-0.23515581713252703,-0.23515581713252703,0.95,0.30404962459777596,0.14159349152665968,0.3014831839711177,0.9723320158102767,0.27347841266146866,0.0,0.0,0.0,0.0,0,0
-0.23496568953606398,265.0,70.0,-0.23496568953606398,-0.23496568953606398,0.95,0.3008243378697302,0.14159349152665923,0.3058392149149173,0.9722222222222222,0.2765957446808511,0.0,0.0,0.0,0.0,0,0
-0.23777085433766823,270.0,70.0,-0.23777085433766823,-0.23777085433766823,0.95,0.304847446120335,0.1422560527558624,0.30857145080227455,0.96875,0.27794152322565435,0.0,0.0,0.0,0.0,0,0
-0.23667630493040112,275.0,70.0,-0.23667630493040112,-0.23667630493040112,0.95,0.3005136992817417,0.14487042734482877,0.3084144483291385,0.968503937007874,0.28163143792795475,0.0,0.0,0.0,0.0,0,0
-0.2432134455400982,280.0,70.0,-0.2432134455400982,-0.2432134455400982,0.95,0.31076571348672916,0.14291861398506508,0.31848077758470333,0.9644268774703557,0.2852413627061514,0.0,0.0,0.0,0.0,0,0
-0.24745742265795803,285.0,70.0,-0.24745742265795803,-0.24745742265795803,0.95,0.3143456202739009,0.15033762524578545,0.3221964434657336,0.9641434262948207,0.29101013802369613,0.0,0.0,0.0,0.0,0,0
-0.247171199316613,290.0,70.0,-0.247171199316613,-0.247171199316613,0.95,0.31392571103939126,0.15212872596670363,0.3215765209383096,0.9682539682539683,0.29737283398546677,0.0,0.0,0.0,0.0,0,0
-0.25007753552852025,295.0,70.0,-0.25007753552852025,-0.25007753552852025,0.95,0.32084822068784913,0.15019361168707085,0.3223593773264514,0.964,0.3049335863377609,0.0,0.0,0.0,0.0,0,0
-0.2526893859076535,300.0,70.0,-0.2526893859076535,-0.2526893859076535,0.95,0.326455448286568,0.15583152082752827,0.3168492740485138,0.9606299212598425,0.31315347876597394,0.0,0.0,0.0,0.0,0,0
-0.25800162590490483,305.0,70.0,-0.25800162590490483,-0.25800162590490483,0.95,0.33742379632465874,0.16364573431850835,0.3095103631658468,0.9525691699604744,0.32227425631554646,0.0,0.0,0.0,0.0,0,0
-0.2697451196411439,310.0,70.0,-0.2697451196411439,-0.2697451196411439,0.95,0.34775305957499025,0.1747514916584194,0.32677146000722423,0.9473684210526315,0.33164710643464185,0.0,0.0,0.0,0.0,0,0
-0.270753504383373,315.0,70.0,-0.270753504383373,-0.270753504383373,0.95,0.34757728441761016,0.1930820338999899,0.31460832856532567,0.952,0.34193414499169894,0.0,0.0,0.0,0.0,0,0
-0.274391749413942,320.0,70.0,-0.274391749413942,-0.274391749413942,0.95,0.3539837288166492,0.19586757150970038,0.3146083285653255,0.9482071713147411,0.3519659936238045,0.0,0.0,0.0,0.0,0,0
-0.27858256383432817,325.0,70.0,-0.27858256383432817,-0.27858256383432817,0.95,0.3602348517742416,0.20595416949332268,0.30951036316584596,0.9437751004016064,0.3601857899702446,0.0,0.0,0.0,0.0,0,0
-0.28474541083133975,330.0,70.0,-0.28474541083133975,-0.28474541083133975,0.95,0.3735946040629167,0.20595416949332357,0.30839863697563735,0.932806324110672,0.3599231848733289,0.0,0.0,0.0,0.0,0,0
-0.2854973723521406,335.0,70.0,-0.2854973723521406,-0.2854973723521406,0.95,0.38180204593336214,0.20595416949332357,0.2981679194377325,0.9325396825396826,0.3546481190636452,0.0,0.0,0.0,0.0,0,0
-0.28045487138524533,340.0,70.0,-0.28045487138524533,-0.28045487138524533,0.95,0.3928095962096658,0.1930820338999899,0.26982384675495563,0.9239543726235742,0.3491955069823922,0.0,0.0,0.0,0.0,0,0
-0.2770630834869827,345.0,70.0,-0.2770630834869827,-0.2770630834869827,0.95,0.3985114021165176,0.16733776271332435,0.27183565369087503,0.9213483146067416,0.3398943095657502,0.0,0.0,0.0,0.0,0,0
-0.27778011026314525,350.0,70.0,-0.27778011026314525,-0.27778011026314525,0.95,0.4124072815430872,0.14682224070459204,0.2678165132490128,0.9084249084249084,0.3349841368103382,0.0,0.0,0.0,0.0,0,0
-0.28089851994723836,355.0,70.0,-0.28089851994723836,-0.28089851994723836,0.95,0.42904781278855453,0.128721355933326,0.2678165132490128,0.8985507246376812,0.32735356056469855,0.0,0.0,0.0,0.0,0,0
